grid_id,timestamp,alert_type,current_activity,baseline_activity,reason
1151,2013-11-03 02:00:00,ACTIVITY_DROP,490.0147,1069.0537,ACTIVITY_DROP: current activity 490.01 is 0.46x the baseline 1069.05.
1151,2013-11-03 03:00:00,ACTIVITY_DROP,360.2483,1069.0537,ACTIVITY_DROP: current activity 360.25 is 0.34x the baseline 1069.05.
1151,2013-11-03 04:00:00,ACTIVITY_DROP,363.3085,1069.0537,ACTIVITY_DROP: current activity 363.31 is 0.34x the baseline 1069.05.
1151,2013-11-03 05:00:00,ACTIVITY_DROP,337.41409999999996,1069.0537,ACTIVITY_DROP: current activity 337.41 is 0.32x the baseline 1069.05.
1151,2013-11-03 06:00:00,ACTIVITY_DROP,422.5075,1069.0537,ACTIVITY_DROP: current activity 422.51 is 0.40x the baseline 1069.05.
1151,2013-11-03 07:00:00,ACTIVITY_DROP,461.0525,1069.0537,ACTIVITY_DROP: current activity 461.05 is 0.43x the baseline 1069.05.
1250,2013-11-03 03:00:00,ACTIVITY_DROP,472.3735,1216.456,ACTIVITY_DROP: current activity 472.37 is 0.39x the baseline 1216.46.
1250,2013-11-03 04:00:00,ACTIVITY_DROP,469.2166,1216.456,ACTIVITY_DROP: current activity 469.22 is 0.39x the baseline 1216.46.
1250,2013-11-03 05:00:00,ACTIVITY_DROP,425.16459999999995,1216.456,ACTIVITY_DROP: current activity 425.16 is 0.35x the baseline 1216.46.
1250,2013-11-03 06:00:00,ACTIVITY_DROP,464.4644,1216.456,ACTIVITY_DROP: current activity 464.46 is 0.38x the baseline 1216.46.
1250,2013-11-03 07:00:00,ACTIVITY_DROP,477.34490000000005,1216.456,ACTIVITY_DROP: current activity 477.34 is 0.39x the baseline 1216.46.
1250,2013-11-03 08:00:00,ACTIVITY_SPIKE,729.0233,1216.456,ACTIVITY_SPIKE: current activity 729.02 increased sharply from the previous hour 477.34.
1250,2013-11-03 11:00:00,HIGH_ACTIVITY,1814.1981,1163.6947,HIGH_ACTIVITY: current activity 1814.20 is 1.56x the baseline 1163.69.
1251,2013-11-03 03:00:00,ACTIVITY_DROP,575.2452,1491.4573,ACTIVITY_DROP: current activity 575.25 is 0.39x the baseline 1491.46.
1251,2013-11-03 04:00:00,ACTIVITY_DROP,578.03,1491.4573,ACTIVITY_DROP: current activity 578.03 is 0.39x the baseline 1491.46.
1251,2013-11-03 05:00:00,ACTIVITY_DROP,523.9788,1491.4573,ACTIVITY_DROP: current activity 523.98 is 0.35x the baseline 1491.46.
1251,2013-11-03 06:00:00,ACTIVITY_DROP,584.4705,1491.4573,ACTIVITY_DROP: current activity 584.47 is 0.39x the baseline 1491.46.
1251,2013-11-03 07:00:00,ACTIVITY_DROP,603.0743,1491.4573,ACTIVITY_DROP: current activity 603.07 is 0.40x the baseline 1491.46.
1251,2013-11-03 11:00:00,HIGH_ACTIVITY,2226.5995,1438.9526,HIGH_ACTIVITY: current activity 2226.60 is 1.55x the baseline 1438.95.
2145,2013-11-03 00:00:00,HIGH_ACTIVITY,2591.8554,986.2673,HIGH_ACTIVITY: current activity 2591.86 is 2.63x the baseline 986.27.
2145,2013-11-03 02:00:00,ACTIVITY_DROP,399.8269,1001.6213,ACTIVITY_DROP: current activity 399.83 is 0.40x the baseline 1001.62.
2145,2013-11-03 03:00:00,ACTIVITY_DROP,306.33389999999997,1001.6213,ACTIVITY_DROP: current activity 306.33 is 0.31x the baseline 1001.62.
2145,2013-11-03 04:00:00,ACTIVITY_DROP,306.4885,1001.6213,ACTIVITY_DROP: current activity 306.49 is 0.31x the baseline 1001.62.
2145,2013-11-03 05:00:00,ACTIVITY_DROP,304.25329999999997,1001.6213,ACTIVITY_DROP: current activity 304.25 is 0.30x the baseline 1001.62.
2145,2013-11-03 06:00:00,ACTIVITY_DROP,217.0135,1001.6213,ACTIVITY_DROP: current activity 217.01 is 0.22x the baseline 1001.62.
2145,2013-11-03 07:00:00,ACTIVITY_DROP,274.5442,1001.6213,ACTIVITY_DROP: current activity 274.54 is 0.27x the baseline 1001.62.
2145,2013-11-03 08:00:00,ACTIVITY_DROP,405.1966,1001.6213,ACTIVITY_DROP: current activity 405.20 is 0.40x the baseline 1001.62.
2145,2013-11-03 09:00:00,ACTIVITY_SPIKE,819.4096999999999,1001.6213,ACTIVITY_SPIKE: current activity 819.41 increased sharply from the previous hour 405.20.
2145,2013-11-03 17:00:00,HIGH_ACTIVITY,1699.458,986.2673,HIGH_ACTIVITY: current activity 1699.46 is 1.72x the baseline 986.27.
2145,2013-11-03 18:00:00,HIGH_ACTIVITY,1724.2421,986.2673,HIGH_ACTIVITY: current activity 1724.24 is 1.75x the baseline 986.27.
2145,2013-11-03 19:00:00,HIGH_ACTIVITY,2723.8252,986.2673,HIGH_ACTIVITY: current activity 2723.83 is 2.76x the baseline 986.27.
2145,2013-11-03 19:00:00,ACTIVITY_SPIKE,2723.8252,986.2673,ACTIVITY_SPIKE: current activity 2723.83 increased sharply from the previous hour 1724.24.
2145,2013-11-03 20:00:00,HIGH_ACTIVITY,3304.9591,986.2673,HIGH_ACTIVITY: current activity 3304.96 is 3.35x the baseline 986.27.
2145,2013-11-03 21:00:00,HIGH_ACTIVITY,2955.6605999999997,986.2673,HIGH_ACTIVITY: current activity 2955.66 is 3.00x the baseline 986.27.
2145,2013-11-03 22:00:00,HIGH_ACTIVITY,2543.0686,986.2673,HIGH_ACTIVITY: current activity 2543.07 is 2.58x the baseline 986.27.
2145,2013-11-03 23:00:00,HIGH_ACTIVITY,3128.8558000000003,986.2673,HIGH_ACTIVITY: current activity 3128.86 is 3.17x the baseline 986.27.
2245,2013-11-03 00:00:00,HIGH_ACTIVITY,2625.2412,1065.3594,HIGH_ACTIVITY: current activity 2625.24 is 2.46x the baseline 1065.36.
2245,2013-11-03 02:00:00,ACTIVITY_DROP,424.80350000000004,1073.0454,ACTIVITY_DROP: current activity 424.80 is 0.40x the baseline 1073.05.
2245,2013-11-03 03:00:00,ACTIVITY_DROP,323.5811,1073.0454,ACTIVITY_DROP: current activity 323.58 is 0.30x the baseline 1073.05.
2245,2013-11-03 04:00:00,ACTIVITY_DROP,323.3059,1073.0454,ACTIVITY_DROP: current activity 323.31 is 0.30x the baseline 1073.05.
2245,2013-11-03 05:00:00,ACTIVITY_DROP,331.6272,1073.0454,ACTIVITY_DROP: current activity 331.63 is 0.31x the baseline 1073.05.
2245,2013-11-03 06:00:00,ACTIVITY_DROP,234.5232,1073.0454,ACTIVITY_DROP: current activity 234.52 is 0.22x the baseline 1073.05.
2245,2013-11-03 07:00:00,ACTIVITY_DROP,296.1501,1073.0454,ACTIVITY_DROP: current activity 296.15 is 0.28x the baseline 1073.05.
2245,2013-11-03 08:00:00,ACTIVITY_DROP,438.2385,1073.0454,ACTIVITY_DROP: current activity 438.24 is 0.41x the baseline 1073.05.
2245,2013-11-03 09:00:00,ACTIVITY_SPIKE,884.0675,1073.0454,ACTIVITY_SPIKE: current activity 884.07 increased sharply from the previous hour 438.24.
2245,2013-11-03 17:00:00,HIGH_ACTIVITY,1783.3288000000002,1065.3594,HIGH_ACTIVITY: current activity 1783.33 is 1.67x the baseline 1065.36.
2245,2013-11-03 18:00:00,HIGH_ACTIVITY,1761.9110999999998,1065.3594,HIGH_ACTIVITY: current activity 1761.91 is 1.65x the baseline 1065.36.
2245,2013-11-03 19:00:00,HIGH_ACTIVITY,2824.1062,1065.3594,HIGH_ACTIVITY: current activity 2824.11 is 2.65x the baseline 1065.36.
2245,2013-11-03 19:00:00,ACTIVITY_SPIKE,2824.1062,1065.3594,ACTIVITY_SPIKE: current activity 2824.11 increased sharply from the previous hour 1761.91.
2245,2013-11-03 20:00:00,HIGH_ACTIVITY,3342.6881999999996,1065.3594,HIGH_ACTIVITY: current activity 3342.69 is 3.14x the baseline 1065.36.
2245,2013-11-03 21:00:00,HIGH_ACTIVITY,3077.2715999999996,1065.3594,HIGH_ACTIVITY: current activity 3077.27 is 2.89x the baseline 1065.36.
2245,2013-11-03 22:00:00,HIGH_ACTIVITY,2665.1085000000003,1065.3594,HIGH_ACTIVITY: current activity 2665.11 is 2.50x the baseline 1065.36.
2245,2013-11-03 23:00:00,HIGH_ACTIVITY,3300.2028999999998,1065.3594,HIGH_ACTIVITY: current activity 3300.20 is 3.10x the baseline 1065.36.
3336,2013-11-03 03:00:00,ACTIVITY_DROP,357.6455,977.746,ACTIVITY_DROP: current activity 357.65 is 0.37x the baseline 977.75.
3336,2013-11-03 04:00:00,ACTIVITY_DROP,348.55740000000003,977.746,ACTIVITY_DROP: current activity 348.56 is 0.36x the baseline 977.75.
3336,2013-11-03 05:00:00,ACTIVITY_DROP,367.44509999999997,977.746,ACTIVITY_DROP: current activity 367.45 is 0.38x the baseline 977.75.
3336,2013-11-03 06:00:00,ACTIVITY_DROP,392.3245,977.746,ACTIVITY_DROP: current activity 392.32 is 0.40x the baseline 977.75.
3336,2013-11-03 07:00:00,ACTIVITY_DROP,471.19689999999997,977.746,ACTIVITY_DROP: current activity 471.20 is 0.48x the baseline 977.75.
3337,2013-11-03 02:00:00,ACTIVITY_DROP,418.8356,956.7002,ACTIVITY_DROP: current activity 418.84 is 0.44x the baseline 956.70.
3337,2013-11-03 03:00:00,ACTIVITY_DROP,333.5682,956.7002,ACTIVITY_DROP: current activity 333.57 is 0.35x the baseline 956.70.
3337,2013-11-03 04:00:00,ACTIVITY_DROP,322.1235,956.7002,ACTIVITY_DROP: current activity 322.12 is 0.34x the baseline 956.70.
3337,2013-11-03 05:00:00,ACTIVITY_DROP,330.7567,956.7002,ACTIVITY_DROP: current activity 330.76 is 0.35x the baseline 956.70.
3337,2013-11-03 06:00:00,ACTIVITY_DROP,365.7737,956.7002,ACTIVITY_DROP: current activity 365.77 is 0.38x the baseline 956.70.
3337,2013-11-03 07:00:00,ACTIVITY_DROP,419.63190000000003,956.7002,ACTIVITY_DROP: current activity 419.63 is 0.44x the baseline 956.70.
3432,2013-11-03 04:00:00,ACTIVITY_DROP,559.3074,1142.4674,ACTIVITY_DROP: current activity 559.31 is 0.49x the baseline 1142.47.
3432,2013-11-03 05:00:00,ACTIVITY_SPIKE,945.8438,1142.4674,ACTIVITY_SPIKE: current activity 945.84 increased sharply from the previous hour 559.31.
3432,2013-11-03 06:00:00,ACTIVITY_DROP,565.454,1142.4674,ACTIVITY_DROP: current activity 565.45 is 0.49x the baseline 1142.47.
3432,2013-11-03 09:00:00,ACTIVITY_SPIKE,1255.8685,1140.0616,ACTIVITY_SPIKE: current activity 1255.87 increased sharply from the previous hour 795.28.
3432,2013-11-03 14:00:00,HIGH_ACTIVITY,1731.9898,1140.0616,HIGH_ACTIVITY: current activity 1731.99 is 1.52x the baseline 1140.06.
3432,2013-11-03 19:00:00,HIGH_ACTIVITY,1759.4976,1140.0616,HIGH_ACTIVITY: current activity 1759.50 is 1.54x the baseline 1140.06.
3433,2013-11-03 03:00:00,ACTIVITY_DROP,441.21029999999996,939.0671,ACTIVITY_DROP: current activity 441.21 is 0.47x the baseline 939.07.
3433,2013-11-03 04:00:00,ACTIVITY_DROP,389.39200000000005,939.0671,ACTIVITY_DROP: current activity 389.39 is 0.41x the baseline 939.07.
3433,2013-11-03 05:00:00,ACTIVITY_DROP,457.9209,939.0671,ACTIVITY_DROP: current activity 457.92 is 0.49x the baseline 939.07.
3433,2013-11-03 06:00:00,ACTIVITY_DROP,370.7998,939.0671,ACTIVITY_DROP: current activity 370.80 is 0.39x the baseline 939.07.
3433,2013-11-03 07:00:00,ACTIVITY_DROP,418.9518,939.0671,ACTIVITY_DROP: current activity 418.95 is 0.45x the baseline 939.07.
3436,2013-11-03 02:00:00,ACTIVITY_DROP,565.5573,1345.845,ACTIVITY_DROP: current activity 565.56 is 0.42x the baseline 1345.85.
3436,2013-11-03 03:00:00,ACTIVITY_DROP,469.57360000000006,1345.845,ACTIVITY_DROP: current activity 469.57 is 0.35x the baseline 1345.85.
3436,2013-11-03 04:00:00,ACTIVITY_DROP,449.8556,1345.845,ACTIVITY_DROP: current activity 449.86 is 0.33x the baseline 1345.85.
3436,2013-11-03 05:00:00,ACTIVITY_DROP,443.8556,1345.845,ACTIVITY_DROP: current activity 443.86 is 0.33x the baseline 1345.85.
3436,2013-11-03 06:00:00,ACTIVITY_DROP,499.969,1345.845,ACTIVITY_DROP: current activity 499.97 is 0.37x the baseline 1345.85.
3436,2013-11-03 07:00:00,ACTIVITY_DROP,586.6647,1345.845,ACTIVITY_DROP: current activity 586.66 is 0.44x the baseline 1345.85.
3436,2013-11-03 09:00:00,ACTIVITY_SPIKE,1054.2619,1345.845,ACTIVITY_SPIKE: current activity 1054.26 increased sharply from the previous hour 686.79.
3437,2013-11-03 02:00:00,ACTIVITY_DROP,558.9351,1326.6878,ACTIVITY_DROP: current activity 558.94 is 0.42x the baseline 1326.69.
3437,2013-11-03 03:00:00,ACTIVITY_DROP,459.57079999999996,1326.6878,ACTIVITY_DROP: current activity 459.57 is 0.35x the baseline 1326.69.
3437,2013-11-03 04:00:00,ACTIVITY_DROP,442.3644,1326.6878,ACTIVITY_DROP: current activity 442.36 is 0.33x the baseline 1326.69.
3437,2013-11-03 05:00:00,ACTIVITY_DROP,438.5202,1326.6878,ACTIVITY_DROP: current activity 438.52 is 0.33x the baseline 1326.69.
3437,2013-11-03 06:00:00,ACTIVITY_DROP,495.2267,1326.6878,ACTIVITY_DROP: current activity 495.23 is 0.37x the baseline 1326.69.
3437,2013-11-03 07:00:00,ACTIVITY_DROP,578.43,1326.6878,ACTIVITY_DROP: current activity 578.43 is 0.44x the baseline 1326.69.
3437,2013-11-03 08:00:00,ACTIVITY_DROP,661.4041,1326.6878,ACTIVITY_DROP: current activity 661.40 is 0.50x the baseline 1326.69.
3437,2013-11-03 09:00:00,ACTIVITY_SPIKE,1026.8594,1326.6878,ACTIVITY_SPIKE: current activity 1026.86 increased sharply from the previous hour 661.40.
3453,2013-11-03 05:00:00,ACTIVITY_DROP,480.6058,983.9685,ACTIVITY_DROP: current activity 480.61 is 0.49x the baseline 983.97.
3453,2013-11-03 06:00:00,ACTIVITY_DROP,434.3283,983.9685,ACTIVITY_DROP: current activity 434.33 is 0.44x the baseline 983.97.
3453,2013-11-03 09:00:00,ACTIVITY_SPIKE,1013.2789,977.9013,ACTIVITY_SPIKE: current activity 1013.28 increased sharply from the previous hour 665.88.
3532,2013-11-03 03:00:00,ACTIVITY_DROP,520.2355,1179.6036,ACTIVITY_DROP: current activity 520.24 is 0.44x the baseline 1179.60.
3532,2013-11-03 04:00:00,ACTIVITY_DROP,438.83480000000003,1179.6036,ACTIVITY_DROP: current activity 438.83 is 0.37x the baseline 1179.60.
3532,2013-11-03 05:00:00,ACTIVITY_DROP,508.68829999999997,1179.6036,ACTIVITY_DROP: current activity 508.69 is 0.43x the baseline 1179.60.
3532,2013-11-03 06:00:00,ACTIVITY_DROP,391.2087,1179.6036,ACTIVITY_DROP: current activity 391.21 is 0.33x the baseline 1179.60.
3532,2013-11-03 07:00:00,ACTIVITY_DROP,471.5397,1179.6036,ACTIVITY_DROP: current activity 471.54 is 0.40x the baseline 1179.60.
3532,2013-11-03 08:00:00,ACTIVITY_SPIKE,844.9934,1179.6036,ACTIVITY_SPIKE: current activity 844.99 increased sharply from the previous hour 471.54.
3533,2013-11-03 03:00:00,ACTIVITY_DROP,508.1796,1121.1868,ACTIVITY_DROP: current activity 508.18 is 0.45x the baseline 1121.19.
3533,2013-11-03 04:00:00,ACTIVITY_DROP,445.46479999999997,1121.1868,ACTIVITY_DROP: current activity 445.46 is 0.40x the baseline 1121.19.
3533,2013-11-03 05:00:00,ACTIVITY_DROP,520.6193,1121.1868,ACTIVITY_DROP: current activity 520.62 is 0.46x the baseline 1121.19.
3533,2013-11-03 06:00:00,ACTIVITY_DROP,426.3506,1121.1868,ACTIVITY_DROP: current activity 426.35 is 0.38x the baseline 1121.19.
3533,2013-11-03 07:00:00,ACTIVITY_DROP,515.9361,1121.1868,ACTIVITY_DROP: current activity 515.94 is 0.46x the baseline 1121.19.
3534,2013-11-03 02:00:00,ACTIVITY_DROP,518.1884,1043.7996,ACTIVITY_DROP: current activity 518.19 is 0.50x the baseline 1043.80.
3534,2013-11-03 03:00:00,ACTIVITY_DROP,454.9102,1043.7996,ACTIVITY_DROP: current activity 454.91 is 0.44x the baseline 1043.80.
3534,2013-11-03 04:00:00,ACTIVITY_DROP,392.3121,1043.7996,ACTIVITY_DROP: current activity 392.31 is 0.38x the baseline 1043.80.
3534,2013-11-03 05:00:00,ACTIVITY_DROP,373.2343,1043.7996,ACTIVITY_DROP: current activity 373.23 is 0.36x the baseline 1043.80.
3534,2013-11-03 06:00:00,ACTIVITY_DROP,368.3487,1043.7996,ACTIVITY_DROP: current activity 368.35 is 0.35x the baseline 1043.80.
3534,2013-11-03 07:00:00,ACTIVITY_DROP,456.2618,1043.7996,ACTIVITY_DROP: current activity 456.26 is 0.44x the baseline 1043.80.
3535,2013-11-03 03:00:00,ACTIVITY_DROP,482.7706,1100.9823000000001,ACTIVITY_DROP: current activity 482.77 is 0.44x the baseline 1100.98.
3535,2013-11-03 04:00:00,ACTIVITY_DROP,428.7822,1100.9823000000001,ACTIVITY_DROP: current activity 428.78 is 0.39x the baseline 1100.98.
3535,2013-11-03 05:00:00,ACTIVITY_DROP,405.9907,1100.9823000000001,ACTIVITY_DROP: current activity 405.99 is 0.37x the baseline 1100.98.
3535,2013-11-03 06:00:00,ACTIVITY_DROP,418.4321,1100.9823000000001,ACTIVITY_DROP: current activity 418.43 is 0.38x the baseline 1100.98.
3535,2013-11-03 07:00:00,ACTIVITY_DROP,510.2599,1100.9823000000001,ACTIVITY_DROP: current activity 510.26 is 0.46x the baseline 1100.98.
3536,2013-11-03 02:00:00,ACTIVITY_DROP,607.7464,1350.962,ACTIVITY_DROP: current activity 607.75 is 0.45x the baseline 1350.96.
3536,2013-11-03 03:00:00,ACTIVITY_DROP,515.8342,1350.962,ACTIVITY_DROP: current activity 515.83 is 0.38x the baseline 1350.96.
3536,2013-11-03 04:00:00,ACTIVITY_DROP,480.5844,1350.962,ACTIVITY_DROP: current activity 480.58 is 0.36x the baseline 1350.96.
3536,2013-11-03 05:00:00,ACTIVITY_DROP,466.9894,1350.962,ACTIVITY_DROP: current activity 466.99 is 0.35x the baseline 1350.96.
3536,2013-11-03 06:00:00,ACTIVITY_DROP,515.5011000000001,1350.962,ACTIVITY_DROP: current activity 515.50 is 0.38x the baseline 1350.96.
3536,2013-11-03 07:00:00,ACTIVITY_DROP,628.7320000000001,1350.962,ACTIVITY_DROP: current activity 628.73 is 0.47x the baseline 1350.96.
3537,2013-11-03 02:00:00,ACTIVITY_DROP,531.4218000000001,1232.3252000000002,ACTIVITY_DROP: current activity 531.42 is 0.43x the baseline 1232.33.
3537,2013-11-03 03:00:00,ACTIVITY_DROP,443.5073,1232.3252000000002,ACTIVITY_DROP: current activity 443.51 is 0.36x the baseline 1232.33.
3537,2013-11-03 04:00:00,ACTIVITY_DROP,416.5018,1232.3252000000002,ACTIVITY_DROP: current activity 416.50 is 0.34x the baseline 1232.33.
3537,2013-11-03 05:00:00,ACTIVITY_DROP,412.93870000000004,1232.3252000000002,ACTIVITY_DROP: current activity 412.94 is 0.34x the baseline 1232.33.
3537,2013-11-03 06:00:00,ACTIVITY_DROP,458.8666,1232.3252000000002,ACTIVITY_DROP: current activity 458.87 is 0.37x the baseline 1232.33.
3537,2013-11-03 07:00:00,ACTIVITY_DROP,552.5937000000001,1232.3252000000002,ACTIVITY_DROP: current activity 552.59 is 0.45x the baseline 1232.33.
3537,2013-11-03 09:00:00,ACTIVITY_SPIKE,973.8290999999999,1232.3252000000002,ACTIVITY_SPIKE: current activity 973.83 increased sharply from the previous hour 638.43.
3558,2013-11-03 04:00:00,ACTIVITY_DROP,722.9901,1589.172,ACTIVITY_DROP: current activity 722.99 is 0.45x the baseline 1589.17.
3558,2013-11-03 05:00:00,ACTIVITY_DROP,672.7831,1589.172,ACTIVITY_DROP: current activity 672.78 is 0.42x the baseline 1589.17.
3558,2013-11-03 06:00:00,ACTIVITY_DROP,642.845,1589.172,ACTIVITY_DROP: current activity 642.85 is 0.40x the baseline 1589.17.
3558,2013-11-03 07:00:00,ACTIVITY_DROP,734.5053,1589.172,ACTIVITY_DROP: current activity 734.51 is 0.46x the baseline 1589.17.
3558,2013-11-03 21:00:00,HIGH_ACTIVITY,2397.3267000000005,1539.7088,HIGH_ACTIVITY: current activity 2397.33 is 1.56x the baseline 1539.71.
3559,2013-11-03 04:00:00,ACTIVITY_DROP,612.0179,1224.5299,ACTIVITY_DROP: current activity 612.02 is 0.50x the baseline 1224.53.
3559,2013-11-03 05:00:00,ACTIVITY_DROP,576.4548,1224.5299,ACTIVITY_DROP: current activity 576.45 is 0.47x the baseline 1224.53.
3559,2013-11-03 06:00:00,ACTIVITY_DROP,555.2733000000001,1224.5299,ACTIVITY_DROP: current activity 555.27 is 0.45x the baseline 1224.53.
3559,2013-11-03 07:00:00,ACTIVITY_DROP,611.9301,1224.5299,ACTIVITY_DROP: current activity 611.93 is 0.50x the baseline 1224.53.
3559,2013-11-03 21:00:00,HIGH_ACTIVITY,1817.4649,1177.2499,HIGH_ACTIVITY: current activity 1817.46 is 1.54x the baseline 1177.25.
3633,2013-11-03 03:00:00,ACTIVITY_DROP,495.1915,1229.0599,ACTIVITY_DROP: current activity 495.19 is 0.40x the baseline 1229.06.
3633,2013-11-03 04:00:00,ACTIVITY_DROP,426.8704,1229.0599,ACTIVITY_DROP: current activity 426.87 is 0.35x the baseline 1229.06.
3633,2013-11-03 05:00:00,ACTIVITY_DROP,403.592,1229.0599,ACTIVITY_DROP: current activity 403.59 is 0.33x the baseline 1229.06.
3633,2013-11-03 06:00:00,ACTIVITY_DROP,407.4973,1229.0599,ACTIVITY_DROP: current activity 407.50 is 0.33x the baseline 1229.06.
3633,2013-11-03 07:00:00,ACTIVITY_DROP,557.0422000000001,1229.0599,ACTIVITY_DROP: current activity 557.04 is 0.45x the baseline 1229.06.
3634,2013-11-03 03:00:00,ACTIVITY_DROP,511.154,1251.3873000000003,ACTIVITY_DROP: current activity 511.15 is 0.41x the baseline 1251.39.
3634,2013-11-03 04:00:00,ACTIVITY_DROP,443.4052,1251.3873000000003,ACTIVITY_DROP: current activity 443.41 is 0.35x the baseline 1251.39.
3634,2013-11-03 05:00:00,ACTIVITY_DROP,420.63509999999997,1251.3873000000003,ACTIVITY_DROP: current activity 420.64 is 0.34x the baseline 1251.39.
3634,2013-11-03 06:00:00,ACTIVITY_DROP,426.17269999999996,1251.3873000000003,ACTIVITY_DROP: current activity 426.17 is 0.34x the baseline 1251.39.
3634,2013-11-03 07:00:00,ACTIVITY_DROP,580.2601,1251.3873000000003,ACTIVITY_DROP: current activity 580.26 is 0.46x the baseline 1251.39.
3635,2013-11-03 03:00:00,ACTIVITY_DROP,560.0914999999999,1196.3823,ACTIVITY_DROP: current activity 560.09 is 0.47x the baseline 1196.38.
3635,2013-11-03 04:00:00,ACTIVITY_DROP,505.6751,1196.3823,ACTIVITY_DROP: current activity 505.68 is 0.42x the baseline 1196.38.
3635,2013-11-03 05:00:00,ACTIVITY_DROP,474.5787,1196.3823,ACTIVITY_DROP: current activity 474.58 is 0.40x the baseline 1196.38.
3635,2013-11-03 06:00:00,ACTIVITY_DROP,502.00079999999997,1196.3823,ACTIVITY_DROP: current activity 502.00 is 0.42x the baseline 1196.38.
3636,2013-11-03 03:00:00,ACTIVITY_DROP,551.1426,1110.8245000000002,ACTIVITY_DROP: current activity 551.14 is 0.50x the baseline 1110.82.
3636,2013-11-03 04:00:00,ACTIVITY_DROP,501.3369,1110.8245000000002,ACTIVITY_DROP: current activity 501.34 is 0.45x the baseline 1110.82.
3636,2013-11-03 05:00:00,ACTIVITY_DROP,466.4153,1110.8245000000002,ACTIVITY_DROP: current activity 466.42 is 0.42x the baseline 1110.82.
3636,2013-11-03 06:00:00,ACTIVITY_DROP,499.14790000000005,1110.8245000000002,ACTIVITY_DROP: current activity 499.15 is 0.45x the baseline 1110.82.
3636,2013-11-03 20:00:00,HIGH_ACTIVITY,1673.011,1069.1941000000002,HIGH_ACTIVITY: current activity 1673.01 is 1.56x the baseline 1069.19.
3655,2013-11-03 04:00:00,ACTIVITY_DROP,526.7207,1116.2874,ACTIVITY_DROP: current activity 526.72 is 0.47x the baseline 1116.29.
3655,2013-11-03 05:00:00,ACTIVITY_DROP,455.8647,1116.2874,ACTIVITY_DROP: current activity 455.86 is 0.41x the baseline 1116.29.
3655,2013-11-03 06:00:00,ACTIVITY_DROP,513.4012,1116.2874,ACTIVITY_DROP: current activity 513.40 is 0.46x the baseline 1116.29.
3655,2013-11-03 07:00:00,ACTIVITY_DROP,540.8604999999999,1116.2874,ACTIVITY_DROP: current activity 540.86 is 0.48x the baseline 1116.29.
3656,2013-11-03 04:00:00,ACTIVITY_DROP,733.3319,1564.4616999999998,ACTIVITY_DROP: current activity 733.33 is 0.47x the baseline 1564.46.
3656,2013-11-03 05:00:00,ACTIVITY_DROP,641.3347,1564.4616999999998,ACTIVITY_DROP: current activity 641.33 is 0.41x the baseline 1564.46.
3656,2013-11-03 06:00:00,ACTIVITY_DROP,676.8353000000001,1564.4616999999998,ACTIVITY_DROP: current activity 676.84 is 0.43x the baseline 1564.46.
3656,2013-11-03 07:00:00,ACTIVITY_DROP,736.0586000000001,1564.4616999999998,ACTIVITY_DROP: current activity 736.06 is 0.47x the baseline 1564.46.
3658,2013-11-03 04:00:00,ACTIVITY_DROP,723.3468999999999,1633.2314999999999,ACTIVITY_DROP: current activity 723.35 is 0.44x the baseline 1633.23.
3658,2013-11-03 05:00:00,ACTIVITY_DROP,654.6547999999999,1633.2314999999999,ACTIVITY_DROP: current activity 654.65 is 0.40x the baseline 1633.23.
3658,2013-11-03 06:00:00,ACTIVITY_DROP,638.3238,1633.2314999999999,ACTIVITY_DROP: current activity 638.32 is 0.39x the baseline 1633.23.
3658,2013-11-03 07:00:00,ACTIVITY_DROP,718.5241,1633.2314999999999,ACTIVITY_DROP: current activity 718.52 is 0.44x the baseline 1633.23.
3658,2013-11-03 21:00:00,HIGH_ACTIVITY,2617.6055,1553.6226000000001,HIGH_ACTIVITY: current activity 2617.61 is 1.68x the baseline 1553.62.
3659,2013-11-03 04:00:00,ACTIVITY_DROP,693.3286999999999,1409.3426,ACTIVITY_DROP: current activity 693.33 is 0.49x the baseline 1409.34.
3659,2013-11-03 05:00:00,ACTIVITY_DROP,620.1563,1409.3426,ACTIVITY_DROP: current activity 620.16 is 0.44x the baseline 1409.34.
3659,2013-11-03 06:00:00,ACTIVITY_DROP,607.7014,1409.3426,ACTIVITY_DROP: current activity 607.70 is 0.43x the baseline 1409.34.
3659,2013-11-03 07:00:00,ACTIVITY_DROP,704.2487,1409.3426,ACTIVITY_DROP: current activity 704.25 is 0.50x the baseline 1409.34.
3735,2013-11-03 03:00:00,ACTIVITY_DROP,548.7319,1105.8259,ACTIVITY_DROP: current activity 548.73 is 0.50x the baseline 1105.83.
3735,2013-11-03 04:00:00,ACTIVITY_DROP,499.779,1105.8259,ACTIVITY_DROP: current activity 499.78 is 0.45x the baseline 1105.83.
3735,2013-11-03 05:00:00,ACTIVITY_DROP,464.8281,1105.8259,ACTIVITY_DROP: current activity 464.83 is 0.42x the baseline 1105.83.
3735,2013-11-03 06:00:00,ACTIVITY_DROP,497.352,1105.8259,ACTIVITY_DROP: current activity 497.35 is 0.45x the baseline 1105.83.
3735,2013-11-03 20:00:00,HIGH_ACTIVITY,1667.443,1064.0886,HIGH_ACTIVITY: current activity 1667.44 is 1.57x the baseline 1064.09.
3736,2013-11-03 03:00:00,ACTIVITY_DROP,551.1571,1111.0420000000001,ACTIVITY_DROP: current activity 551.16 is 0.50x the baseline 1111.04.
3736,2013-11-03 04:00:00,ACTIVITY_DROP,501.34659999999997,1111.0420000000001,ACTIVITY_DROP: current activity 501.35 is 0.45x the baseline 1111.04.
3736,2013-11-03 05:00:00,ACTIVITY_DROP,466.4201,1111.0420000000001,ACTIVITY_DROP: current activity 466.42 is 0.42x the baseline 1111.04.
3736,2013-11-03 06:00:00,ACTIVITY_DROP,499.172,1111.0420000000001,ACTIVITY_DROP: current activity 499.17 is 0.45x the baseline 1111.04.
3736,2013-11-03 20:00:00,HIGH_ACTIVITY,1673.2911,1069.4115000000002,HIGH_ACTIVITY: current activity 1673.29 is 1.56x the baseline 1069.41.
3747,2013-11-03 07:00:00,ACTIVITY_DROP,477.6382,957.8702999999999,ACTIVITY_DROP: current activity 477.64 is 0.50x the baseline 957.87.
3748,2013-11-03 03:00:00,ACTIVITY_SPIKE,965.7102,1062.1314,ACTIVITY_SPIKE: current activity 965.71 increased sharply from the previous hour 612.61.
3748,2013-11-03 06:00:00,ACTIVITY_DROP,502.84369999999996,1062.1314,ACTIVITY_DROP: current activity 502.84 is 0.47x the baseline 1062.13.
3751,2013-11-03 03:00:00,ACTIVITY_DROP,471.27509999999995,953.5695,ACTIVITY_DROP: current activity 471.28 is 0.49x the baseline 953.57.
3751,2013-11-03 04:00:00,ACTIVITY_DROP,416.1377,953.5695,ACTIVITY_DROP: current activity 416.14 is 0.44x the baseline 953.57.
3751,2013-11-03 05:00:00,ACTIVITY_DROP,395.64650000000006,953.5695,ACTIVITY_DROP: current activity 395.65 is 0.41x the baseline 953.57.
3751,2013-11-03 06:00:00,ACTIVITY_DROP,463.8844,953.5695,ACTIVITY_DROP: current activity 463.88 is 0.49x the baseline 953.57.
3754,2013-11-03 03:00:00,ACTIVITY_DROP,489.0901,983.4243,ACTIVITY_DROP: current activity 489.09 is 0.50x the baseline 983.42.
3754,2013-11-03 04:00:00,ACTIVITY_DROP,467.92080000000004,983.4243,ACTIVITY_DROP: current activity 467.92 is 0.48x the baseline 983.42.
3754,2013-11-03 05:00:00,ACTIVITY_DROP,441.4033,983.4243,ACTIVITY_DROP: current activity 441.40 is 0.45x the baseline 983.42.
3754,2013-11-03 06:00:00,ACTIVITY_DROP,461.1861,983.4243,ACTIVITY_DROP: current activity 461.19 is 0.47x the baseline 983.42.
3755,2013-11-03 05:00:00,ACTIVITY_DROP,544.129,1176.1646999999998,ACTIVITY_DROP: current activity 544.13 is 0.46x the baseline 1176.16.
3755,2013-11-03 22:00:00,HIGH_ACTIVITY,1849.399,1175.7321,HIGH_ACTIVITY: current activity 1849.40 is 1.57x the baseline 1175.73.
3756,2013-11-03 04:00:00,ACTIVITY_DROP,1047.5327,2142.9594,ACTIVITY_DROP: current activity 1047.53 is 0.49x the baseline 2142.96.
3756,2013-11-03 05:00:00,ACTIVITY_DROP,939.1240999999999,2142.9594,ACTIVITY_DROP: current activity 939.12 is 0.44x the baseline 2142.96.
3756,2013-11-03 06:00:00,ACTIVITY_DROP,1025.9065,2142.9594,ACTIVITY_DROP: current activity 1025.91 is 0.48x the baseline 2142.96.
3757,2013-11-03 03:00:00,ACTIVITY_DROP,1242.4799000000003,2508.2727,ACTIVITY_DROP: current activity 1242.48 is 0.50x the baseline 2508.27.
3757,2013-11-03 04:00:00,ACTIVITY_DROP,1161.5806,2508.2727,ACTIVITY_DROP: current activity 1161.58 is 0.46x the baseline 2508.27.
3757,2013-11-03 05:00:00,ACTIVITY_DROP,1093.338,2508.2727,ACTIVITY_DROP: current activity 1093.34 is 0.44x the baseline 2508.27.
3757,2013-11-03 06:00:00,ACTIVITY_DROP,1130.8456,2508.2727,ACTIVITY_DROP: current activity 1130.85 is 0.45x the baseline 2508.27.
3758,2013-11-03 03:00:00,ACTIVITY_DROP,811.2272,1661.4559,ACTIVITY_DROP: current activity 811.23 is 0.49x the baseline 1661.46.
3758,2013-11-03 04:00:00,ACTIVITY_DROP,765.7135,1661.4559,ACTIVITY_DROP: current activity 765.71 is 0.46x the baseline 1661.46.
3758,2013-11-03 05:00:00,ACTIVITY_DROP,705.0409,1661.4559,ACTIVITY_DROP: current activity 705.04 is 0.42x the baseline 1661.46.
3758,2013-11-03 06:00:00,ACTIVITY_DROP,694.7556,1661.4559,ACTIVITY_DROP: current activity 694.76 is 0.42x the baseline 1661.46.
3758,2013-11-03 07:00:00,ACTIVITY_DROP,819.1486000000001,1661.4559,ACTIVITY_DROP: current activity 819.15 is 0.49x the baseline 1661.46.
3759,2013-11-03 05:00:00,ACTIVITY_DROP,457.2302,956.757,ACTIVITY_DROP: current activity 457.23 is 0.48x the baseline 956.76.
3759,2013-11-03 06:00:00,ACTIVITY_DROP,452.2332,956.757,ACTIVITY_DROP: current activity 452.23 is 0.47x the baseline 956.76.
3764,2013-11-03 06:00:00,ACTIVITY_DROP,516.9984,1108.6187,ACTIVITY_DROP: current activity 517.00 is 0.47x the baseline 1108.62.
3764,2013-11-03 07:00:00,ACTIVITY_DROP,539.4529,1108.6187,ACTIVITY_DROP: current activity 539.45 is 0.49x the baseline 1108.62.
3764,2013-11-03 08:00:00,ACTIVITY_SPIKE,919.8763,1108.6187,ACTIVITY_SPIKE: current activity 919.88 increased sharply from the previous hour 539.45.
3764,2013-11-03 15:00:00,HIGH_ACTIVITY,1698.7187999999999,1079.6676,HIGH_ACTIVITY: current activity 1698.72 is 1.57x the baseline 1079.67.
3846,2013-11-03 05:00:00,ACTIVITY_DROP,643.226,1359.8083,ACTIVITY_DROP: current activity 643.23 is 0.47x the baseline 1359.81.
3846,2013-11-03 06:00:00,ACTIVITY_DROP,614.0195,1359.8083,ACTIVITY_DROP: current activity 614.02 is 0.45x the baseline 1359.81.
3847,2013-11-03 05:00:00,ACTIVITY_DROP,668.0360000000001,1421.8397,ACTIVITY_DROP: current activity 668.04 is 0.47x the baseline 1421.84.
3847,2013-11-03 06:00:00,ACTIVITY_DROP,641.3797999999999,1421.8397,ACTIVITY_DROP: current activity 641.38 is 0.45x the baseline 1421.84.
3848,2013-11-03 05:00:00,ACTIVITY_DROP,636.8534999999999,1318.7337000000002,ACTIVITY_DROP: current activity 636.85 is 0.48x the baseline 1318.73.
3848,2013-11-03 06:00:00,ACTIVITY_DROP,612.9760999999999,1318.7337000000002,ACTIVITY_DROP: current activity 612.98 is 0.46x the baseline 1318.73.
3849,2013-11-03 04:00:00,ACTIVITY_DROP,459.0412,952.4141,ACTIVITY_DROP: current activity 459.04 is 0.48x the baseline 952.41.
3849,2013-11-03 05:00:00,ACTIVITY_DROP,430.4275,952.4141,ACTIVITY_DROP: current activity 430.43 is 0.45x the baseline 952.41.
3849,2013-11-03 06:00:00,ACTIVITY_DROP,454.4661,952.4141,ACTIVITY_DROP: current activity 454.47 is 0.48x the baseline 952.41.
3850,2013-11-03 03:00:00,ACTIVITY_DROP,447.9625,942.6821,ACTIVITY_DROP: current activity 447.96 is 0.48x the baseline 942.68.
3850,2013-11-03 04:00:00,ACTIVITY_DROP,403.7772,942.6821,ACTIVITY_DROP: current activity 403.78 is 0.43x the baseline 942.68.
3850,2013-11-03 05:00:00,ACTIVITY_DROP,380.79679999999996,942.6821,ACTIVITY_DROP: current activity 380.80 is 0.40x the baseline 942.68.
3850,2013-11-03 06:00:00,ACTIVITY_DROP,440.9287,942.6821,ACTIVITY_DROP: current activity 440.93 is 0.47x the baseline 942.68.
3852,2013-11-03 04:00:00,ACTIVITY_DROP,462.11929999999995,947.2673,ACTIVITY_DROP: current activity 462.12 is 0.49x the baseline 947.27.
3853,2013-11-03 04:00:00,ACTIVITY_DROP,504.8937,1078.8345,ACTIVITY_DROP: current activity 504.89 is 0.47x the baseline 1078.83.
3853,2013-11-03 05:00:00,ACTIVITY_DROP,529.2235000000001,1078.8345,ACTIVITY_DROP: current activity 529.22 is 0.49x the baseline 1078.83.
3854,2013-11-03 04:00:00,ACTIVITY_DROP,730.16,1512.6264999999999,ACTIVITY_DROP: current activity 730.16 is 0.48x the baseline 1512.63.
3854,2013-11-03 05:00:00,ACTIVITY_DROP,729.0637,1512.6264999999999,ACTIVITY_DROP: current activity 729.06 is 0.48x the baseline 1512.63.
3854,2013-11-03 09:00:00,ACTIVITY_SPIKE,1418.4209999999998,1512.6264999999999,ACTIVITY_SPIKE: current activity 1418.42 increased sharply from the previous hour 940.03.
3855,2013-11-03 04:00:00,ACTIVITY_DROP,786.1249,1678.7028999999998,ACTIVITY_DROP: current activity 786.12 is 0.47x the baseline 1678.70.
3855,2013-11-03 05:00:00,ACTIVITY_DROP,719.304,1678.7028999999998,ACTIVITY_DROP: current activity 719.30 is 0.43x the baseline 1678.70.
3855,2013-11-03 06:00:00,ACTIVITY_DROP,747.2477,1678.7028999999998,ACTIVITY_DROP: current activity 747.25 is 0.45x the baseline 1678.70.
3855,2013-11-03 07:00:00,ACTIVITY_DROP,823.7803,1678.7028999999998,ACTIVITY_DROP: current activity 823.78 is 0.49x the baseline 1678.70.
3856,2013-11-03 04:00:00,ACTIVITY_DROP,1186.6401,2567.6245,ACTIVITY_DROP: current activity 1186.64 is 0.46x the baseline 2567.62.
3856,2013-11-03 05:00:00,ACTIVITY_DROP,1078.9432,2567.6245,ACTIVITY_DROP: current activity 1078.94 is 0.42x the baseline 2567.62.
3856,2013-11-03 06:00:00,ACTIVITY_DROP,1080.7073,2567.6245,ACTIVITY_DROP: current activity 1080.71 is 0.42x the baseline 2567.62.
3856,2013-11-03 07:00:00,ACTIVITY_DROP,1253.313,2567.6245,ACTIVITY_DROP: current activity 1253.31 is 0.49x the baseline 2567.62.
3857,2013-11-03 03:00:00,ACTIVITY_DROP,1089.2759,2433.9593999999997,ACTIVITY_DROP: current activity 1089.28 is 0.45x the baseline 2433.96.
3857,2013-11-03 05:00:00,ACTIVITY_DROP,1026.6996,2433.9593999999997,ACTIVITY_DROP: current activity 1026.70 is 0.42x the baseline 2433.96.
3857,2013-11-03 06:00:00,ACTIVITY_DROP,1096.2775,2433.9593999999997,ACTIVITY_DROP: current activity 1096.28 is 0.45x the baseline 2433.96.
3858,2013-11-03 03:00:00,ACTIVITY_DROP,778.6212999999999,1721.0456,ACTIVITY_DROP: current activity 778.62 is 0.45x the baseline 1721.05.
3858,2013-11-03 05:00:00,ACTIVITY_DROP,722.2183,1721.0456,ACTIVITY_DROP: current activity 722.22 is 0.42x the baseline 1721.05.
3858,2013-11-03 06:00:00,ACTIVITY_DROP,779.8466,1721.0456,ACTIVITY_DROP: current activity 779.85 is 0.45x the baseline 1721.05.
3859,2013-11-03 05:00:00,ACTIVITY_DROP,487.0623,1073.1594,ACTIVITY_DROP: current activity 487.06 is 0.45x the baseline 1073.16.
3859,2013-11-03 06:00:00,ACTIVITY_DROP,470.52410000000003,1073.1594,ACTIVITY_DROP: current activity 470.52 is 0.44x the baseline 1073.16.
3860,2013-11-03 05:00:00,ACTIVITY_DROP,478.97450000000003,1020.829,ACTIVITY_DROP: current activity 478.97 is 0.47x the baseline 1020.83.
3860,2013-11-03 06:00:00,ACTIVITY_DROP,465.33420000000007,1020.829,ACTIVITY_DROP: current activity 465.33 is 0.46x the baseline 1020.83.
3860,2013-11-03 07:00:00,ACTIVITY_DROP,506.5825,1020.829,ACTIVITY_DROP: current activity 506.58 is 0.50x the baseline 1020.83.
3862,2013-11-03 03:00:00,ACTIVITY_DROP,715.1776,1536.8080000000002,ACTIVITY_DROP: current activity 715.18 is 0.47x the baseline 1536.81.
3862,2013-11-03 04:00:00,ACTIVITY_DROP,600.7633,1536.8080000000002,ACTIVITY_DROP: current activity 600.76 is 0.39x the baseline 1536.81.
3862,2013-11-03 05:00:00,ACTIVITY_DROP,512.5411,1536.8080000000002,ACTIVITY_DROP: current activity 512.54 is 0.33x the baseline 1536.81.
3862,2013-11-03 06:00:00,ACTIVITY_DROP,496.6709,1536.8080000000002,ACTIVITY_DROP: current activity 496.67 is 0.32x the baseline 1536.81.
3862,2013-11-03 07:00:00,ACTIVITY_DROP,524.4828,1536.8080000000002,ACTIVITY_DROP: current activity 524.48 is 0.34x the baseline 1536.81.
3862,2013-11-03 08:00:00,ACTIVITY_SPIKE,812.2918,1536.8080000000002,ACTIVITY_SPIKE: current activity 812.29 increased sharply from the previous hour 524.48.
3863,2013-11-03 04:00:00,ACTIVITY_DROP,638.7144000000001,1449.0167999999999,ACTIVITY_DROP: current activity 638.71 is 0.44x the baseline 1449.02.
3863,2013-11-03 05:00:00,ACTIVITY_DROP,552.3611,1449.0167999999999,ACTIVITY_DROP: current activity 552.36 is 0.38x the baseline 1449.02.
3863,2013-11-03 06:00:00,ACTIVITY_DROP,508.74730000000005,1449.0167999999999,ACTIVITY_DROP: current activity 508.75 is 0.35x the baseline 1449.02.
3863,2013-11-03 07:00:00,ACTIVITY_DROP,535.4712999999999,1449.0167999999999,ACTIVITY_DROP: current activity 535.47 is 0.37x the baseline 1449.02.
3863,2013-11-03 08:00:00,ACTIVITY_SPIKE,882.2573,1449.0167999999999,ACTIVITY_SPIKE: current activity 882.26 increased sharply from the previous hour 535.47.
3864,2013-11-03 06:00:00,ACTIVITY_DROP,470.55499999999995,1028.3071,ACTIVITY_DROP: current activity 470.55 is 0.46x the baseline 1028.31.
3868,2013-11-03 05:00:00,ACTIVITY_DROP,556.5841999999999,1174.1093,ACTIVITY_DROP: current activity 556.58 is 0.47x the baseline 1174.11.
3868,2013-11-03 06:00:00,ACTIVITY_DROP,558.9075,1174.1093,ACTIVITY_DROP: current activity 558.91 is 0.48x the baseline 1174.11.
3868,2013-11-03 07:00:00,ACTIVITY_DROP,502.9149,1174.1093,ACTIVITY_DROP: current activity 502.91 is 0.43x the baseline 1174.11.
3869,2013-11-03 05:00:00,ACTIVITY_DROP,755.0774,1525.4863,ACTIVITY_DROP: current activity 755.08 is 0.49x the baseline 1525.49.
3869,2013-11-03 06:00:00,ACTIVITY_DROP,755.9375,1525.4863,ACTIVITY_DROP: current activity 755.94 is 0.50x the baseline 1525.49.
3869,2013-11-03 07:00:00,ACTIVITY_DROP,699.0151,1525.4863,ACTIVITY_DROP: current activity 699.02 is 0.46x the baseline 1525.49.
3871,2013-11-03 04:00:00,ACTIVITY_DROP,516.6779,1122.5878,ACTIVITY_DROP: current activity 516.68 is 0.46x the baseline 1122.59.
3871,2013-11-03 05:00:00,ACTIVITY_DROP,503.0972,1122.5878,ACTIVITY_DROP: current activity 503.10 is 0.45x the baseline 1122.59.
3871,2013-11-03 06:00:00,ACTIVITY_DROP,549.6823999999999,1122.5878,ACTIVITY_DROP: current activity 549.68 is 0.49x the baseline 1122.59.
3872,2013-11-03 05:00:00,ACTIVITY_DROP,499.2203999999999,1055.1012,ACTIVITY_DROP: current activity 499.22 is 0.47x the baseline 1055.10.
3947,2013-11-03 05:00:00,ACTIVITY_DROP,531.9305999999999,1157.5432,ACTIVITY_DROP: current activity 531.93 is 0.46x the baseline 1157.54.
3947,2013-11-03 06:00:00,ACTIVITY_DROP,509.73969999999997,1157.5432,ACTIVITY_DROP: current activity 509.74 is 0.44x the baseline 1157.54.
3948,2013-11-03 02:00:00,ACTIVITY_DROP,494.3665,1002.8242,ACTIVITY_DROP: current activity 494.37 is 0.49x the baseline 1002.82.
3948,2013-11-03 03:00:00,ACTIVITY_DROP,491.3767,1002.8242,ACTIVITY_DROP: current activity 491.38 is 0.49x the baseline 1002.82.
3948,2013-11-03 05:00:00,ACTIVITY_DROP,482.0002,1002.8242,ACTIVITY_DROP: current activity 482.00 is 0.48x the baseline 1002.82.
3948,2013-11-03 06:00:00,ACTIVITY_DROP,466.54130000000004,1002.8242,ACTIVITY_DROP: current activity 466.54 is 0.47x the baseline 1002.82.
3949,2013-11-03 02:00:00,ACTIVITY_DROP,518.9832,1047.5648999999999,ACTIVITY_DROP: current activity 518.98 is 0.50x the baseline 1047.56.
3949,2013-11-03 03:00:00,ACTIVITY_DROP,516.6517,1047.5648999999999,ACTIVITY_DROP: current activity 516.65 is 0.49x the baseline 1047.56.
3949,2013-11-03 05:00:00,ACTIVITY_DROP,510.0531,1047.5648999999999,ACTIVITY_DROP: current activity 510.05 is 0.49x the baseline 1047.56.
3949,2013-11-03 06:00:00,ACTIVITY_DROP,497.1355,1047.5648999999999,ACTIVITY_DROP: current activity 497.14 is 0.47x the baseline 1047.56.
3949,2013-11-03 19:00:00,HIGH_ACTIVITY,1516.3402,1005.8195000000001,HIGH_ACTIVITY: current activity 1516.34 is 1.51x the baseline 1005.82.
3955,2013-11-03 04:00:00,ACTIVITY_DROP,942.3259,2010.1331,ACTIVITY_DROP: current activity 942.33 is 0.47x the baseline 2010.13.
3955,2013-11-03 05:00:00,ACTIVITY_DROP,851.4924,2010.1331,ACTIVITY_DROP: current activity 851.49 is 0.42x the baseline 2010.13.
3955,2013-11-03 06:00:00,ACTIVITY_DROP,855.0296,2010.1331,ACTIVITY_DROP: current activity 855.03 is 0.43x the baseline 2010.13.
3955,2013-11-03 07:00:00,ACTIVITY_DROP,894.9947,2010.1331,ACTIVITY_DROP: current activity 894.99 is 0.45x the baseline 2010.13.
3956,2013-11-03 04:00:00,ACTIVITY_DROP,1148.5339000000001,2405.0114999999996,ACTIVITY_DROP: current activity 1148.53 is 0.48x the baseline 2405.01.
3956,2013-11-03 05:00:00,ACTIVITY_DROP,1028.1768,2405.0114999999996,ACTIVITY_DROP: current activity 1028.18 is 0.43x the baseline 2405.01.
3956,2013-11-03 06:00:00,ACTIVITY_DROP,977.4747,2405.0114999999996,ACTIVITY_DROP: current activity 977.47 is 0.41x the baseline 2405.01.
3956,2013-11-03 07:00:00,ACTIVITY_DROP,1011.9347000000001,2405.0114999999996,ACTIVITY_DROP: current activity 1011.93 is 0.42x the baseline 2405.01.
3956,2013-11-03 08:00:00,ACTIVITY_DROP,1201.3858999999998,2405.0114999999996,ACTIVITY_DROP: current activity 1201.39 is 0.50x the baseline 2405.01.
3957,2013-11-03 05:00:00,ACTIVITY_DROP,1025.5327,2160.8934,ACTIVITY_DROP: current activity 1025.53 is 0.47x the baseline 2160.89.
3957,2013-11-03 06:00:00,ACTIVITY_DROP,936.0171,2160.8934,ACTIVITY_DROP: current activity 936.02 is 0.43x the baseline 2160.89.
3957,2013-11-03 07:00:00,ACTIVITY_DROP,940.3908,2160.8934,ACTIVITY_DROP: current activity 940.39 is 0.44x the baseline 2160.89.
3957,2013-11-03 09:00:00,ACTIVITY_SPIKE,1772.8099,2160.8934,ACTIVITY_SPIKE: current activity 1772.81 increased sharply from the previous hour 1124.73.
3958,2013-11-03 04:00:00,ACTIVITY_DROP,668.619,1417.6226000000001,ACTIVITY_DROP: current activity 668.62 is 0.47x the baseline 1417.62.
3958,2013-11-03 05:00:00,ACTIVITY_DROP,624.3312999999999,1417.6226000000001,ACTIVITY_DROP: current activity 624.33 is 0.44x the baseline 1417.62.
3958,2013-11-03 06:00:00,ACTIVITY_DROP,626.818,1417.6226000000001,ACTIVITY_DROP: current activity 626.82 is 0.44x the baseline 1417.62.
3959,2013-11-03 01:00:00,HIGH_ACTIVITY,2723.7661,1650.1906999999999,HIGH_ACTIVITY: current activity 2723.77 is 1.65x the baseline 1650.19.
3959,2013-11-03 03:00:00,ACTIVITY_DROP,822.2699000000001,1666.2479,ACTIVITY_DROP: current activity 822.27 is 0.49x the baseline 1666.25.
3959,2013-11-03 04:00:00,ACTIVITY_DROP,726.4889000000001,1666.2479,ACTIVITY_DROP: current activity 726.49 is 0.44x the baseline 1666.25.
3959,2013-11-03 05:00:00,ACTIVITY_DROP,694.1592,1666.2479,ACTIVITY_DROP: current activity 694.16 is 0.42x the baseline 1666.25.
3959,2013-11-03 06:00:00,ACTIVITY_DROP,594.082,1666.2479,ACTIVITY_DROP: current activity 594.08 is 0.36x the baseline 1666.25.
3959,2013-11-03 07:00:00,ACTIVITY_DROP,685.8444,1666.2479,ACTIVITY_DROP: current activity 685.84 is 0.41x the baseline 1666.25.
3959,2013-11-03 11:00:00,ACTIVITY_SPIKE,2149.2887,1650.1906999999999,ACTIVITY_SPIKE: current activity 2149.29 increased sharply from the previous hour 1418.32.
3959,2013-11-03 19:00:00,HIGH_ACTIVITY,2590.2198,1650.1906999999999,HIGH_ACTIVITY: current activity 2590.22 is 1.57x the baseline 1650.19.
3960,2013-11-03 03:00:00,ACTIVITY_DROP,766.4049,1556.3349,ACTIVITY_DROP: current activity 766.40 is 0.49x the baseline 1556.33.
3960,2013-11-03 04:00:00,ACTIVITY_DROP,706.5598000000001,1556.3349,ACTIVITY_DROP: current activity 706.56 is 0.45x the baseline 1556.33.
3960,2013-11-03 05:00:00,ACTIVITY_DROP,641.8799,1556.3349,ACTIVITY_DROP: current activity 641.88 is 0.41x the baseline 1556.33.
3960,2013-11-03 06:00:00,ACTIVITY_DROP,600.6459,1556.3349,ACTIVITY_DROP: current activity 600.65 is 0.39x the baseline 1556.33.
3960,2013-11-03 07:00:00,ACTIVITY_DROP,647.9454000000001,1556.3349,ACTIVITY_DROP: current activity 647.95 is 0.42x the baseline 1556.33.
3961,2013-11-03 05:00:00,ACTIVITY_DROP,480.0375,975.6297,ACTIVITY_DROP: current activity 480.04 is 0.49x the baseline 975.63.
3961,2013-11-03 06:00:00,ACTIVITY_DROP,461.891,975.6297,ACTIVITY_DROP: current activity 461.89 is 0.47x the baseline 975.63.
3961,2013-11-03 07:00:00,ACTIVITY_DROP,480.4478,975.6297,ACTIVITY_DROP: current activity 480.45 is 0.49x the baseline 975.63.
3962,2013-11-03 06:00:00,ACTIVITY_DROP,846.2013,1806.0959,ACTIVITY_DROP: current activity 846.20 is 0.47x the baseline 1806.10.
3962,2013-11-03 07:00:00,ACTIVITY_DROP,784.4009000000001,1806.0959,ACTIVITY_DROP: current activity 784.40 is 0.43x the baseline 1806.10.
3963,2013-11-03 05:00:00,ACTIVITY_DROP,773.7175,1548.5707,ACTIVITY_DROP: current activity 773.72 is 0.50x the baseline 1548.57.
3963,2013-11-03 06:00:00,ACTIVITY_DROP,694.6967,1548.5707,ACTIVITY_DROP: current activity 694.70 is 0.45x the baseline 1548.57.
3963,2013-11-03 07:00:00,ACTIVITY_DROP,675.2183,1548.5707,ACTIVITY_DROP: current activity 675.22 is 0.44x the baseline 1548.57.
3966,2013-11-03 06:00:00,ACTIVITY_DROP,405.28419999999994,933.4512,ACTIVITY_DROP: current activity 405.28 is 0.43x the baseline 933.45.
3967,2013-11-03 03:00:00,ACTIVITY_DROP,474.801,993.8715,ACTIVITY_DROP: current activity 474.80 is 0.48x the baseline 993.87.
3967,2013-11-03 04:00:00,ACTIVITY_DROP,426.5666,993.8715,ACTIVITY_DROP: current activity 426.57 is 0.43x the baseline 993.87.
3967,2013-11-03 05:00:00,ACTIVITY_DROP,404.8103,993.8715,ACTIVITY_DROP: current activity 404.81 is 0.41x the baseline 993.87.
3967,2013-11-03 06:00:00,ACTIVITY_DROP,429.79010000000005,993.8715,ACTIVITY_DROP: current activity 429.79 is 0.43x the baseline 993.87.
3967,2013-11-03 07:00:00,ACTIVITY_DROP,438.1073,993.8715,ACTIVITY_DROP: current activity 438.11 is 0.44x the baseline 993.87.
3968,2013-11-03 04:00:00,ACTIVITY_DROP,497.3774,1116.0943,ACTIVITY_DROP: current activity 497.38 is 0.45x the baseline 1116.09.
3968,2013-11-03 05:00:00,ACTIVITY_DROP,467.709,1116.0943,ACTIVITY_DROP: current activity 467.71 is 0.42x the baseline 1116.09.
3968,2013-11-03 06:00:00,ACTIVITY_DROP,487.1404,1116.0943,ACTIVITY_DROP: current activity 487.14 is 0.44x the baseline 1116.09.
3968,2013-11-03 07:00:00,ACTIVITY_DROP,491.2787,1116.0943,ACTIVITY_DROP: current activity 491.28 is 0.44x the baseline 1116.09.
3969,2013-11-03 03:00:00,ACTIVITY_DROP,691.1626,1426.931,ACTIVITY_DROP: current activity 691.16 is 0.48x the baseline 1426.93.
3969,2013-11-03 04:00:00,ACTIVITY_DROP,574.4998,1426.931,ACTIVITY_DROP: current activity 574.50 is 0.40x the baseline 1426.93.
3969,2013-11-03 05:00:00,ACTIVITY_DROP,563.4411,1426.931,ACTIVITY_DROP: current activity 563.44 is 0.39x the baseline 1426.93.
3969,2013-11-03 06:00:00,ACTIVITY_DROP,580.9123999999999,1426.931,ACTIVITY_DROP: current activity 580.91 is 0.41x the baseline 1426.93.
3969,2013-11-03 07:00:00,ACTIVITY_DROP,631.9218999999999,1426.931,ACTIVITY_DROP: current activity 631.92 is 0.44x the baseline 1426.93.
3969,2013-11-03 08:00:00,ACTIVITY_DROP,705.5165,1426.931,ACTIVITY_DROP: current activity 705.52 is 0.49x the baseline 1426.93.
3970,2013-11-03 03:00:00,ACTIVITY_DROP,778.284,1622.1773000000003,ACTIVITY_DROP: current activity 778.28 is 0.48x the baseline 1622.18.
3970,2013-11-03 04:00:00,ACTIVITY_DROP,689.0748,1622.1773000000003,ACTIVITY_DROP: current activity 689.07 is 0.42x the baseline 1622.18.
3970,2013-11-03 05:00:00,ACTIVITY_DROP,721.5781000000001,1622.1773000000003,ACTIVITY_DROP: current activity 721.58 is 0.44x the baseline 1622.18.
3970,2013-11-03 06:00:00,ACTIVITY_DROP,717.2743999999999,1622.1773000000003,ACTIVITY_DROP: current activity 717.27 is 0.44x the baseline 1622.18.
3970,2013-11-03 07:00:00,ACTIVITY_DROP,779.3489,1622.1773000000003,ACTIVITY_DROP: current activity 779.35 is 0.48x the baseline 1622.18.
3971,2013-11-03 03:00:00,ACTIVITY_DROP,791.2374,1598.9784000000002,ACTIVITY_DROP: current activity 791.24 is 0.49x the baseline 1598.98.
3971,2013-11-03 04:00:00,ACTIVITY_DROP,710.8322000000001,1598.9784000000002,ACTIVITY_DROP: current activity 710.83 is 0.44x the baseline 1598.98.
3971,2013-11-03 05:00:00,ACTIVITY_DROP,759.983,1598.9784000000002,ACTIVITY_DROP: current activity 759.98 is 0.48x the baseline 1598.98.
3971,2013-11-03 06:00:00,ACTIVITY_DROP,778.3068999999999,1598.9784000000002,ACTIVITY_DROP: current activity 778.31 is 0.49x the baseline 1598.98.
3972,2013-11-03 03:00:00,ACTIVITY_DROP,730.2117000000001,1576.4353999999998,ACTIVITY_DROP: current activity 730.21 is 0.46x the baseline 1576.44.
3972,2013-11-03 04:00:00,ACTIVITY_DROP,639.8828,1576.4353999999998,ACTIVITY_DROP: current activity 639.88 is 0.41x the baseline 1576.44.
3972,2013-11-03 05:00:00,ACTIVITY_DROP,692.3178,1576.4353999999998,ACTIVITY_DROP: current activity 692.32 is 0.44x the baseline 1576.44.
3972,2013-11-03 06:00:00,ACTIVITY_DROP,776.4775,1576.4353999999998,ACTIVITY_DROP: current activity 776.48 is 0.49x the baseline 1576.44.
3972,2013-11-03 07:00:00,ACTIVITY_DROP,696.6703,1576.4353999999998,ACTIVITY_DROP: current activity 696.67 is 0.44x the baseline 1576.44.
3972,2013-11-03 09:00:00,ACTIVITY_SPIKE,1481.8208,1576.4353999999998,ACTIVITY_SPIKE: current activity 1481.82 increased sharply from the previous hour 897.61.
4048,2013-11-03 00:00:00,HIGH_ACTIVITY,1548.4502000000002,993.0657,HIGH_ACTIVITY: current activity 1548.45 is 1.56x the baseline 993.07.
4048,2013-11-03 04:00:00,ACTIVITY_DROP,469.74330000000003,993.3666000000001,ACTIVITY_DROP: current activity 469.74 is 0.47x the baseline 993.37.
4048,2013-11-03 05:00:00,ACTIVITY_DROP,453.92850000000004,993.3666000000001,ACTIVITY_DROP: current activity 453.93 is 0.46x the baseline 993.37.
4048,2013-11-03 06:00:00,ACTIVITY_DROP,428.3987,993.3666000000001,ACTIVITY_DROP: current activity 428.40 is 0.43x the baseline 993.37.
4048,2013-11-03 09:00:00,ACTIVITY_SPIKE,953.9314,993.3666000000001,ACTIVITY_SPIKE: current activity 953.93 increased sharply from the previous hour 582.48.
4049,2013-11-03 04:00:00,ACTIVITY_DROP,500.8288,1025.0896,ACTIVITY_DROP: current activity 500.83 is 0.49x the baseline 1025.09.
4049,2013-11-03 05:00:00,ACTIVITY_DROP,468.5667,1025.0896,ACTIVITY_DROP: current activity 468.57 is 0.46x the baseline 1025.09.
4049,2013-11-03 06:00:00,ACTIVITY_DROP,452.7331,1025.0896,ACTIVITY_DROP: current activity 452.73 is 0.44x the baseline 1025.09.
4053,2013-11-03 16:00:00,HIGH_ACTIVITY,1947.8240999999998,1226.6046999999999,HIGH_ACTIVITY: current activity 1947.82 is 1.59x the baseline 1226.60.
4055,2013-11-03 05:00:00,ACTIVITY_DROP,722.0554999999999,1564.3116,ACTIVITY_DROP: current activity 722.06 is 0.46x the baseline 1564.31.
4055,2013-11-03 06:00:00,ACTIVITY_DROP,749.8937999999999,1564.3116,ACTIVITY_DROP: current activity 749.89 is 0.48x the baseline 1564.31.
4056,2013-11-03 05:00:00,ACTIVITY_DROP,656.6382,1572.6083,ACTIVITY_DROP: current activity 656.64 is 0.42x the baseline 1572.61.
4056,2013-11-03 06:00:00,ACTIVITY_DROP,613.1268,1572.6083,ACTIVITY_DROP: current activity 613.13 is 0.39x the baseline 1572.61.
4056,2013-11-03 07:00:00,ACTIVITY_DROP,699.6881999999999,1572.6083,ACTIVITY_DROP: current activity 699.69 is 0.44x the baseline 1572.61.
4056,2013-11-03 08:00:00,ACTIVITY_SPIKE,1284.9792,1572.6083,ACTIVITY_SPIKE: current activity 1284.98 increased sharply from the previous hour 699.69.
4056,2013-11-03 22:00:00,HIGH_ACTIVITY,2445.8178000000003,1570.3609999999999,HIGH_ACTIVITY: current activity 2445.82 is 1.56x the baseline 1570.36.
4056,2013-11-03 22:00:00,ACTIVITY_SPIKE,2445.8178000000003,1570.3609999999999,ACTIVITY_SPIKE: current activity 2445.82 increased sharply from the previous hour 1570.36.
4057,2013-11-03 03:00:00,ACTIVITY_DROP,778.9698999999999,1603.1205,ACTIVITY_DROP: current activity 778.97 is 0.49x the baseline 1603.12.
4057,2013-11-03 04:00:00,ACTIVITY_DROP,692.549,1603.1205,ACTIVITY_DROP: current activity 692.55 is 0.43x the baseline 1603.12.
4057,2013-11-03 05:00:00,ACTIVITY_DROP,692.6366,1603.1205,ACTIVITY_DROP: current activity 692.64 is 0.43x the baseline 1603.12.
4057,2013-11-03 06:00:00,ACTIVITY_DROP,649.3089,1603.1205,ACTIVITY_DROP: current activity 649.31 is 0.41x the baseline 1603.12.
4057,2013-11-03 07:00:00,ACTIVITY_DROP,706.2661,1603.1205,ACTIVITY_DROP: current activity 706.27 is 0.44x the baseline 1603.12.
4058,2013-11-03 04:00:00,ACTIVITY_DROP,685.7125000000001,1387.8431000000003,ACTIVITY_DROP: current activity 685.71 is 0.49x the baseline 1387.84.
4058,2013-11-03 05:00:00,ACTIVITY_DROP,663.6387,1387.8431000000003,ACTIVITY_DROP: current activity 663.64 is 0.48x the baseline 1387.84.
4058,2013-11-03 06:00:00,ACTIVITY_DROP,646.4843999999999,1387.8431000000003,ACTIVITY_DROP: current activity 646.48 is 0.47x the baseline 1387.84.
4059,2013-11-03 06:00:00,ACTIVITY_DROP,728.366,1469.0677,ACTIVITY_DROP: current activity 728.37 is 0.50x the baseline 1469.07.
4059,2013-11-03 07:00:00,ACTIVITY_DROP,733.583,1469.0677,ACTIVITY_DROP: current activity 733.58 is 0.50x the baseline 1469.07.
4060,2013-11-03 20:00:00,HIGH_ACTIVITY,1915.0351999999998,1258.1990999999998,HIGH_ACTIVITY: current activity 1915.04 is 1.52x the baseline 1258.20.
4060,2013-11-03 21:00:00,HIGH_ACTIVITY,1980.9316999999999,1258.1990999999998,HIGH_ACTIVITY: current activity 1980.93 is 1.57x the baseline 1258.20.
4060,2013-11-03 22:00:00,HIGH_ACTIVITY,1975.4802000000002,1258.1990999999998,HIGH_ACTIVITY: current activity 1975.48 is 1.57x the baseline 1258.20.
4060,2013-11-03 23:00:00,HIGH_ACTIVITY,1888.9604,1258.1990999999998,HIGH_ACTIVITY: current activity 1888.96 is 1.50x the baseline 1258.20.
4061,2013-11-03 05:00:00,ACTIVITY_DROP,625.7334000000001,1295.756,ACTIVITY_DROP: current activity 625.73 is 0.48x the baseline 1295.76.
4061,2013-11-03 06:00:00,ACTIVITY_DROP,574.4871,1295.756,ACTIVITY_DROP: current activity 574.49 is 0.44x the baseline 1295.76.
4061,2013-11-03 07:00:00,ACTIVITY_DROP,636.5829,1295.756,ACTIVITY_DROP: current activity 636.58 is 0.49x the baseline 1295.76.
4062,2013-11-03 06:00:00,ACTIVITY_DROP,660.5390000000001,1403.8582000000001,ACTIVITY_DROP: current activity 660.54 is 0.47x the baseline 1403.86.
4062,2013-11-03 07:00:00,ACTIVITY_DROP,664.9419,1403.8582000000001,ACTIVITY_DROP: current activity 664.94 is 0.47x the baseline 1403.86.
4063,2013-11-03 07:00:00,ACTIVITY_DROP,540.9525000000001,1135.5847,ACTIVITY_DROP: current activity 540.95 is 0.48x the baseline 1135.58.
4066,2013-11-03 03:00:00,ACTIVITY_DROP,485.1227,992.6146,ACTIVITY_DROP: current activity 485.12 is 0.49x the baseline 992.61.
4066,2013-11-03 04:00:00,ACTIVITY_DROP,449.4144,992.6146,ACTIVITY_DROP: current activity 449.41 is 0.45x the baseline 992.61.
4066,2013-11-03 05:00:00,ACTIVITY_DROP,379.60110000000003,992.6146,ACTIVITY_DROP: current activity 379.60 is 0.38x the baseline 992.61.
4066,2013-11-03 06:00:00,ACTIVITY_DROP,353.28040000000004,992.6146,ACTIVITY_DROP: current activity 353.28 is 0.36x the baseline 992.61.
4066,2013-11-03 07:00:00,ACTIVITY_DROP,428.19870000000003,992.6146,ACTIVITY_DROP: current activity 428.20 is 0.43x the baseline 992.61.
4067,2013-11-03 03:00:00,ACTIVITY_DROP,573.9146,1253.5049000000001,ACTIVITY_DROP: current activity 573.91 is 0.46x the baseline 1253.50.
4067,2013-11-03 04:00:00,ACTIVITY_DROP,546.1297,1253.5049000000001,ACTIVITY_DROP: current activity 546.13 is 0.44x the baseline 1253.50.
4067,2013-11-03 05:00:00,ACTIVITY_DROP,459.2605,1253.5049000000001,ACTIVITY_DROP: current activity 459.26 is 0.37x the baseline 1253.50.
4067,2013-11-03 06:00:00,ACTIVITY_DROP,457.8936,1253.5049000000001,ACTIVITY_DROP: current activity 457.89 is 0.37x the baseline 1253.50.
4067,2013-11-03 07:00:00,ACTIVITY_DROP,542.633,1253.5049000000001,ACTIVITY_DROP: current activity 542.63 is 0.43x the baseline 1253.50.
4068,2013-11-03 03:00:00,ACTIVITY_DROP,997.3633,2100.8804,ACTIVITY_DROP: current activity 997.36 is 0.47x the baseline 2100.88.
4068,2013-11-03 04:00:00,ACTIVITY_DROP,934.1915,2100.8804,ACTIVITY_DROP: current activity 934.19 is 0.44x the baseline 2100.88.
4068,2013-11-03 05:00:00,ACTIVITY_DROP,889.1233,2100.8804,ACTIVITY_DROP: current activity 889.12 is 0.42x the baseline 2100.88.
4068,2013-11-03 06:00:00,ACTIVITY_DROP,797.9715,2100.8804,ACTIVITY_DROP: current activity 797.97 is 0.38x the baseline 2100.88.
4068,2013-11-03 07:00:00,ACTIVITY_DROP,836.5596,2100.8804,ACTIVITY_DROP: current activity 836.56 is 0.40x the baseline 2100.88.
4068,2013-11-03 08:00:00,ACTIVITY_DROP,1017.2393999999999,2100.8804,ACTIVITY_DROP: current activity 1017.24 is 0.48x the baseline 2100.88.
4068,2013-11-03 09:00:00,ACTIVITY_SPIKE,1551.0351,2100.8804,ACTIVITY_SPIKE: current activity 1551.04 increased sharply from the previous hour 1017.24.
4068,2013-11-03 19:00:00,HIGH_ACTIVITY,2966.8167000000003,1963.5613,HIGH_ACTIVITY: current activity 2966.82 is 1.51x the baseline 1963.56.
4069,2013-11-03 03:00:00,ACTIVITY_DROP,981.672,2080.33,ACTIVITY_DROP: current activity 981.67 is 0.47x the baseline 2080.33.
4069,2013-11-03 04:00:00,ACTIVITY_DROP,904.5861,2080.33,ACTIVITY_DROP: current activity 904.59 is 0.43x the baseline 2080.33.
4069,2013-11-03 05:00:00,ACTIVITY_DROP,874.1075999999999,2080.33,ACTIVITY_DROP: current activity 874.11 is 0.42x the baseline 2080.33.
4069,2013-11-03 06:00:00,ACTIVITY_DROP,798.9146,2080.33,ACTIVITY_DROP: current activity 798.91 is 0.38x the baseline 2080.33.
4069,2013-11-03 07:00:00,ACTIVITY_DROP,845.5807,2080.33,ACTIVITY_DROP: current activity 845.58 is 0.41x the baseline 2080.33.
4069,2013-11-03 08:00:00,ACTIVITY_DROP,1006.9549,2080.33,ACTIVITY_DROP: current activity 1006.95 is 0.48x the baseline 2080.33.
4069,2013-11-03 09:00:00,ACTIVITY_SPIKE,1544.8135,2080.33,ACTIVITY_SPIKE: current activity 1544.81 increased sharply from the previous hour 1006.95.
4070,2013-11-03 03:00:00,ACTIVITY_DROP,832.0029,1692.8179,ACTIVITY_DROP: current activity 832.00 is 0.49x the baseline 1692.82.
4070,2013-11-03 04:00:00,ACTIVITY_DROP,776.0127,1692.8179,ACTIVITY_DROP: current activity 776.01 is 0.46x the baseline 1692.82.
4070,2013-11-03 05:00:00,ACTIVITY_DROP,820.2486,1692.8179,ACTIVITY_DROP: current activity 820.25 is 0.48x the baseline 1692.82.
4070,2013-11-03 06:00:00,ACTIVITY_DROP,793.3754,1692.8179,ACTIVITY_DROP: current activity 793.38 is 0.47x the baseline 1692.82.
4070,2013-11-03 09:00:00,ACTIVITY_SPIKE,1413.2671,1692.8179,ACTIVITY_SPIKE: current activity 1413.27 increased sharply from the previous hour 926.90.
4071,2013-11-03 03:00:00,ACTIVITY_DROP,776.6476,1684.3419,ACTIVITY_DROP: current activity 776.65 is 0.46x the baseline 1684.34.
4071,2013-11-03 04:00:00,ACTIVITY_DROP,706.9579,1684.3419,ACTIVITY_DROP: current activity 706.96 is 0.42x the baseline 1684.34.
4071,2013-11-03 05:00:00,ACTIVITY_DROP,780.8689,1684.3419,ACTIVITY_DROP: current activity 780.87 is 0.46x the baseline 1684.34.
4071,2013-11-03 06:00:00,ACTIVITY_DROP,798.3883,1684.3419,ACTIVITY_DROP: current activity 798.39 is 0.47x the baseline 1684.34.
4071,2013-11-03 07:00:00,ACTIVITY_DROP,770.9483,1684.3419,ACTIVITY_DROP: current activity 770.95 is 0.46x the baseline 1684.34.
4071,2013-11-03 09:00:00,ACTIVITY_SPIKE,1544.0594,1684.3419,ACTIVITY_SPIKE: current activity 1544.06 increased sharply from the previous hour 872.76.
4072,2013-11-03 03:00:00,ACTIVITY_DROP,774.9336000000001,1764.5910000000001,ACTIVITY_DROP: current activity 774.93 is 0.44x the baseline 1764.59.
4072,2013-11-03 04:00:00,ACTIVITY_DROP,675.2841,1764.5910000000001,ACTIVITY_DROP: current activity 675.28 is 0.38x the baseline 1764.59.
4072,2013-11-03 05:00:00,ACTIVITY_DROP,778.2733000000001,1764.5910000000001,ACTIVITY_DROP: current activity 778.27 is 0.44x the baseline 1764.59.
4072,2013-11-03 06:00:00,ACTIVITY_DROP,880.3471,1764.5910000000001,ACTIVITY_DROP: current activity 880.35 is 0.50x the baseline 1764.59.
4072,2013-11-03 07:00:00,ACTIVITY_DROP,732.0251999999999,1764.5910000000001,ACTIVITY_DROP: current activity 732.03 is 0.41x the baseline 1764.59.
4072,2013-11-03 09:00:00,ACTIVITY_SPIKE,1964.1069,1759.3964,ACTIVITY_SPIKE: current activity 1964.11 increased sharply from the previous hour 934.20.
4073,2013-11-03 03:00:00,ACTIVITY_DROP,602.1259,1322.175,ACTIVITY_DROP: current activity 602.13 is 0.46x the baseline 1322.17.
4073,2013-11-03 04:00:00,ACTIVITY_DROP,517.0423999999999,1322.175,ACTIVITY_DROP: current activity 517.04 is 0.39x the baseline 1322.17.
4073,2013-11-03 05:00:00,ACTIVITY_DROP,581.1526,1322.175,ACTIVITY_DROP: current activity 581.15 is 0.44x the baseline 1322.17.
4073,2013-11-03 06:00:00,ACTIVITY_DROP,651.943,1322.175,ACTIVITY_DROP: current activity 651.94 is 0.49x the baseline 1322.17.
4073,2013-11-03 07:00:00,ACTIVITY_DROP,560.6707,1322.175,ACTIVITY_DROP: current activity 560.67 is 0.42x the baseline 1322.17.
4073,2013-11-03 09:00:00,ACTIVITY_SPIKE,1423.6942000000001,1285.2724,ACTIVITY_SPIKE: current activity 1423.69 increased sharply from the previous hour 733.25.
4128,2013-11-03 05:00:00,ACTIVITY_DROP,553.0441000000001,1194.9511,ACTIVITY_DROP: current activity 553.04 is 0.46x the baseline 1194.95.
4128,2013-11-03 06:00:00,ACTIVITY_DROP,546.3670999999999,1194.9511,ACTIVITY_DROP: current activity 546.37 is 0.46x the baseline 1194.95.
4128,2013-11-03 07:00:00,ACTIVITY_DROP,572.6754000000001,1194.9511,ACTIVITY_DROP: current activity 572.68 is 0.48x the baseline 1194.95.
4128,2013-11-03 08:00:00,ACTIVITY_SPIKE,922.7428000000001,1194.9511,ACTIVITY_SPIKE: current activity 922.74 increased sharply from the previous hour 572.68.
4140,2013-11-03 02:00:00,ACTIVITY_DROP,632.5436,1273.2402,ACTIVITY_DROP: current activity 632.54 is 0.50x the baseline 1273.24.
4140,2013-11-03 03:00:00,ACTIVITY_DROP,439.37280000000004,1273.2402,ACTIVITY_DROP: current activity 439.37 is 0.35x the baseline 1273.24.
4140,2013-11-03 04:00:00,ACTIVITY_DROP,416.6331,1273.2402,ACTIVITY_DROP: current activity 416.63 is 0.33x the baseline 1273.24.
4140,2013-11-03 05:00:00,ACTIVITY_DROP,423.69669999999996,1273.2402,ACTIVITY_DROP: current activity 423.70 is 0.33x the baseline 1273.24.
4140,2013-11-03 06:00:00,ACTIVITY_DROP,477.0517,1273.2402,ACTIVITY_DROP: current activity 477.05 is 0.37x the baseline 1273.24.
4140,2013-11-03 07:00:00,ACTIVITY_DROP,494.078,1273.2402,ACTIVITY_DROP: current activity 494.08 is 0.39x the baseline 1273.24.
4140,2013-11-03 08:00:00,ACTIVITY_SPIKE,743.6638,1273.2402,ACTIVITY_SPIKE: current activity 743.66 increased sharply from the previous hour 494.08.
4140,2013-11-03 09:00:00,ACTIVITY_SPIKE,1273.2402,1205.8567,ACTIVITY_SPIKE: current activity 1273.24 increased sharply from the previous hour 743.66.
4140,2013-11-03 19:00:00,HIGH_ACTIVITY,1916.394,1205.8567,HIGH_ACTIVITY: current activity 1916.39 is 1.59x the baseline 1205.86.
4141,2013-11-03 04:00:00,ACTIVITY_DROP,508.9845,1040.0302000000001,ACTIVITY_DROP: current activity 508.98 is 0.49x the baseline 1040.03.
4141,2013-11-03 05:00:00,ACTIVITY_DROP,459.553,1040.0302000000001,ACTIVITY_DROP: current activity 459.55 is 0.44x the baseline 1040.03.
4141,2013-11-03 06:00:00,ACTIVITY_DROP,414.0091,1040.0302000000001,ACTIVITY_DROP: current activity 414.01 is 0.40x the baseline 1040.03.
4141,2013-11-03 07:00:00,ACTIVITY_DROP,511.4044,1040.0302000000001,ACTIVITY_DROP: current activity 511.40 is 0.49x the baseline 1040.03.
4141,2013-11-03 09:00:00,ACTIVITY_SPIKE,1208.6374999999998,1023.4987000000001,ACTIVITY_SPIKE: current activity 1208.64 increased sharply from the previous hour 747.13.
4141,2013-11-03 12:00:00,HIGH_ACTIVITY,1694.0223999999998,1023.4987000000001,HIGH_ACTIVITY: current activity 1694.02 is 1.66x the baseline 1023.50.
4141,2013-11-03 19:00:00,HIGH_ACTIVITY,1885.1349999999998,1023.4987000000001,HIGH_ACTIVITY: current activity 1885.13 is 1.84x the baseline 1023.50.
4141,2013-11-03 20:00:00,HIGH_ACTIVITY,1685.0688,1023.4987000000001,HIGH_ACTIVITY: current activity 1685.07 is 1.65x the baseline 1023.50.
4148,2013-11-03 04:00:00,ACTIVITY_DROP,518.5521,1079.3278,ACTIVITY_DROP: current activity 518.55 is 0.48x the baseline 1079.33.
4148,2013-11-03 05:00:00,ACTIVITY_DROP,499.97090000000003,1079.3278,ACTIVITY_DROP: current activity 499.97 is 0.46x the baseline 1079.33.
4148,2013-11-03 06:00:00,ACTIVITY_DROP,506.45930000000004,1079.3278,ACTIVITY_DROP: current activity 506.46 is 0.47x the baseline 1079.33.
4149,2013-11-03 04:00:00,ACTIVITY_DROP,494.28909999999996,1002.3655000000001,ACTIVITY_DROP: current activity 494.29 is 0.49x the baseline 1002.37.
4149,2013-11-03 05:00:00,ACTIVITY_DROP,467.45480000000003,1002.3655000000001,ACTIVITY_DROP: current activity 467.45 is 0.47x the baseline 1002.37.
4149,2013-11-03 06:00:00,ACTIVITY_DROP,459.0202,1002.3655000000001,ACTIVITY_DROP: current activity 459.02 is 0.46x the baseline 1002.37.
4149,2013-11-03 07:00:00,ACTIVITY_DROP,462.49929999999995,1002.3655000000001,ACTIVITY_DROP: current activity 462.50 is 0.46x the baseline 1002.37.
4152,2013-11-03 01:00:00,ACTIVITY_SPIKE,1425.4811,963.5829,ACTIVITY_SPIKE: current activity 1425.48 increased sharply from the previous hour 812.53.
4152,2013-11-03 03:00:00,ACTIVITY_DROP,476.06540000000007,1014.2556999999999,ACTIVITY_DROP: current activity 476.07 is 0.47x the baseline 1014.26.
4152,2013-11-03 04:00:00,ACTIVITY_DROP,429.99140000000006,1014.2556999999999,ACTIVITY_DROP: current activity 429.99 is 0.42x the baseline 1014.26.
4152,2013-11-03 05:00:00,ACTIVITY_DROP,424.156,1014.2556999999999,ACTIVITY_DROP: current activity 424.16 is 0.42x the baseline 1014.26.
4152,2013-11-03 06:00:00,ACTIVITY_DROP,395.92330000000004,1014.2556999999999,ACTIVITY_DROP: current activity 395.92 is 0.39x the baseline 1014.26.
4152,2013-11-03 07:00:00,ACTIVITY_DROP,414.6538,1014.2556999999999,ACTIVITY_DROP: current activity 414.65 is 0.41x the baseline 1014.26.
4153,2013-11-03 16:00:00,HIGH_ACTIVITY,1796.8132999999998,1162.6504,HIGH_ACTIVITY: current activity 1796.81 is 1.55x the baseline 1162.65.
4154,2013-11-03 05:00:00,ACTIVITY_DROP,984.4725,1969.2947,ACTIVITY_DROP: current activity 984.47 is 0.50x the baseline 1969.29.
4154,2013-11-03 06:00:00,ACTIVITY_DROP,961.3792,1969.2947,ACTIVITY_DROP: current activity 961.38 is 0.49x the baseline 1969.29.
4155,2013-11-03 04:00:00,ACTIVITY_DROP,1235.0534,2530.5687000000003,ACTIVITY_DROP: current activity 1235.05 is 0.49x the baseline 2530.57.
4155,2013-11-03 05:00:00,ACTIVITY_DROP,1107.8848,2530.5687000000003,ACTIVITY_DROP: current activity 1107.88 is 0.44x the baseline 2530.57.
4155,2013-11-03 06:00:00,ACTIVITY_DROP,1069.674,2530.5687000000003,ACTIVITY_DROP: current activity 1069.67 is 0.42x the baseline 2530.57.
4155,2013-11-03 07:00:00,ACTIVITY_DROP,1165.8695999999998,2530.5687000000003,ACTIVITY_DROP: current activity 1165.87 is 0.46x the baseline 2530.57.
4156,2013-11-03 05:00:00,ACTIVITY_DROP,1219.8133,2624.861,ACTIVITY_DROP: current activity 1219.81 is 0.46x the baseline 2624.86.
4156,2013-11-03 06:00:00,ACTIVITY_DROP,1220.6198,2624.861,ACTIVITY_DROP: current activity 1220.62 is 0.47x the baseline 2624.86.
4156,2013-11-03 07:00:00,ACTIVITY_DROP,1297.8978000000002,2624.861,ACTIVITY_DROP: current activity 1297.90 is 0.49x the baseline 2624.86.
4158,2013-11-03 06:00:00,ACTIVITY_DROP,687.8637000000001,1405.8674999999998,ACTIVITY_DROP: current activity 687.86 is 0.49x the baseline 1405.87.
4158,2013-11-03 18:00:00,HIGH_ACTIVITY,2213.8390999999997,1402.9260000000002,HIGH_ACTIVITY: current activity 2213.84 is 1.58x the baseline 1402.93.
4158,2013-11-03 20:00:00,HIGH_ACTIVITY,2121.0692,1402.9260000000002,HIGH_ACTIVITY: current activity 2121.07 is 1.51x the baseline 1402.93.
4160,2013-11-03 06:00:00,ACTIVITY_DROP,817.3822,1676.887,ACTIVITY_DROP: current activity 817.38 is 0.49x the baseline 1676.89.
4160,2013-11-03 07:00:00,ACTIVITY_DROP,748.206,1676.887,ACTIVITY_DROP: current activity 748.21 is 0.45x the baseline 1676.89.
4161,2013-11-03 06:00:00,ACTIVITY_DROP,765.0817000000001,1753.5091000000002,ACTIVITY_DROP: current activity 765.08 is 0.44x the baseline 1753.51.
4161,2013-11-03 07:00:00,ACTIVITY_DROP,736.9472,1753.5091000000002,ACTIVITY_DROP: current activity 736.95 is 0.42x the baseline 1753.51.
4161,2013-11-03 08:00:00,ACTIVITY_DROP,866.961,1753.5091000000002,ACTIVITY_DROP: current activity 866.96 is 0.49x the baseline 1753.51.
4165,2013-11-03 05:00:00,ACTIVITY_DROP,522.5458,1083.6878,ACTIVITY_DROP: current activity 522.55 is 0.48x the baseline 1083.69.
4165,2013-11-03 06:00:00,ACTIVITY_DROP,414.3789,1083.6878,ACTIVITY_DROP: current activity 414.38 is 0.38x the baseline 1083.69.
4165,2013-11-03 07:00:00,ACTIVITY_DROP,466.5622,1083.6878,ACTIVITY_DROP: current activity 466.56 is 0.43x the baseline 1083.69.
4165,2013-11-03 17:00:00,HIGH_ACTIVITY,1858.9713,1069.433,HIGH_ACTIVITY: current activity 1858.97 is 1.74x the baseline 1069.43.
4165,2013-11-03 18:00:00,HIGH_ACTIVITY,1932.9539,1069.433,HIGH_ACTIVITY: current activity 1932.95 is 1.81x the baseline 1069.43.
4166,2013-11-03 05:00:00,ACTIVITY_DROP,478.11260000000004,1206.7388999999998,ACTIVITY_DROP: current activity 478.11 is 0.40x the baseline 1206.74.
4166,2013-11-03 06:00:00,ACTIVITY_DROP,445.8931,1206.7388999999998,ACTIVITY_DROP: current activity 445.89 is 0.37x the baseline 1206.74.
4166,2013-11-03 07:00:00,ACTIVITY_DROP,549.9832,1206.7388999999998,ACTIVITY_DROP: current activity 549.98 is 0.46x the baseline 1206.74.
4167,2013-11-03 04:00:00,ACTIVITY_DROP,556.059,1173.0465,ACTIVITY_DROP: current activity 556.06 is 0.47x the baseline 1173.05.
4167,2013-11-03 05:00:00,ACTIVITY_DROP,457.50210000000004,1173.0465,ACTIVITY_DROP: current activity 457.50 is 0.39x the baseline 1173.05.
4167,2013-11-03 06:00:00,ACTIVITY_DROP,440.98560000000003,1173.0465,ACTIVITY_DROP: current activity 440.99 is 0.38x the baseline 1173.05.
4167,2013-11-03 07:00:00,ACTIVITY_DROP,521.7896,1173.0465,ACTIVITY_DROP: current activity 521.79 is 0.44x the baseline 1173.05.
4168,2013-11-03 03:00:00,ACTIVITY_DROP,1006.7036999999999,2104.3208,ACTIVITY_DROP: current activity 1006.70 is 0.48x the baseline 2104.32.
4168,2013-11-03 04:00:00,ACTIVITY_DROP,948.9177000000001,2104.3208,ACTIVITY_DROP: current activity 948.92 is 0.45x the baseline 2104.32.
4168,2013-11-03 05:00:00,ACTIVITY_DROP,889.6495000000001,2104.3208,ACTIVITY_DROP: current activity 889.65 is 0.42x the baseline 2104.32.
4168,2013-11-03 06:00:00,ACTIVITY_DROP,793.2734,2104.3208,ACTIVITY_DROP: current activity 793.27 is 0.38x the baseline 2104.32.
4168,2013-11-03 07:00:00,ACTIVITY_DROP,834.5622000000001,2104.3208,ACTIVITY_DROP: current activity 834.56 is 0.40x the baseline 2104.32.
4168,2013-11-03 08:00:00,ACTIVITY_DROP,1016.7681,2104.3208,ACTIVITY_DROP: current activity 1016.77 is 0.48x the baseline 2104.32.
4168,2013-11-03 09:00:00,ACTIVITY_SPIKE,1552.9897,2104.3208,ACTIVITY_SPIKE: current activity 1552.99 increased sharply from the previous hour 1016.77.
4168,2013-11-03 19:00:00,HIGH_ACTIVITY,2952.2626,1958.8093,HIGH_ACTIVITY: current activity 2952.26 is 1.51x the baseline 1958.81.
4169,2013-11-03 03:00:00,ACTIVITY_DROP,932.4988000000001,1974.6983,ACTIVITY_DROP: current activity 932.50 is 0.47x the baseline 1974.70.
4169,2013-11-03 04:00:00,ACTIVITY_DROP,902.8705,1974.6983,ACTIVITY_DROP: current activity 902.87 is 0.46x the baseline 1974.70.
4169,2013-11-03 05:00:00,ACTIVITY_DROP,831.7794,1974.6983,ACTIVITY_DROP: current activity 831.78 is 0.42x the baseline 1974.70.
4169,2013-11-03 06:00:00,ACTIVITY_DROP,748.0188999999999,1974.6983,ACTIVITY_DROP: current activity 748.02 is 0.38x the baseline 1974.70.
4169,2013-11-03 07:00:00,ACTIVITY_DROP,806.5153,1974.6983,ACTIVITY_DROP: current activity 806.52 is 0.41x the baseline 1974.70.
4170,2013-11-03 03:00:00,ACTIVITY_DROP,472.92060000000004,1027.5609,ACTIVITY_DROP: current activity 472.92 is 0.46x the baseline 1027.56.
4170,2013-11-03 04:00:00,ACTIVITY_DROP,438.6875,1027.5609,ACTIVITY_DROP: current activity 438.69 is 0.43x the baseline 1027.56.
4170,2013-11-03 05:00:00,ACTIVITY_DROP,450.6754,1027.5609,ACTIVITY_DROP: current activity 450.68 is 0.44x the baseline 1027.56.
4170,2013-11-03 06:00:00,ACTIVITY_DROP,465.7521,1027.5609,ACTIVITY_DROP: current activity 465.75 is 0.45x the baseline 1027.56.
4170,2013-11-03 19:00:00,HIGH_ACTIVITY,1532.3148,1020.3823,HIGH_ACTIVITY: current activity 1532.31 is 1.50x the baseline 1020.38.
4171,2013-11-03 03:00:00,ACTIVITY_DROP,487.7347,1079.7710000000002,ACTIVITY_DROP: current activity 487.73 is 0.45x the baseline 1079.77.
4171,2013-11-03 04:00:00,ACTIVITY_DROP,437.2321,1079.7710000000002,ACTIVITY_DROP: current activity 437.23 is 0.40x the baseline 1079.77.
4171,2013-11-03 05:00:00,ACTIVITY_DROP,467.2577,1079.7710000000002,ACTIVITY_DROP: current activity 467.26 is 0.43x the baseline 1079.77.
4171,2013-11-03 06:00:00,ACTIVITY_DROP,503.0333,1079.7710000000002,ACTIVITY_DROP: current activity 503.03 is 0.47x the baseline 1079.77.
4172,2013-11-03 03:00:00,ACTIVITY_DROP,520.385,1263.3622,ACTIVITY_DROP: current activity 520.38 is 0.41x the baseline 1263.36.
4172,2013-11-03 04:00:00,ACTIVITY_DROP,463.05660000000006,1263.3622,ACTIVITY_DROP: current activity 463.06 is 0.37x the baseline 1263.36.
4172,2013-11-03 05:00:00,ACTIVITY_DROP,506.1205,1263.3622,ACTIVITY_DROP: current activity 506.12 is 0.40x the baseline 1263.36.
4172,2013-11-03 06:00:00,ACTIVITY_DROP,587.1928,1263.3622,ACTIVITY_DROP: current activity 587.19 is 0.46x the baseline 1263.36.
4172,2013-11-03 07:00:00,ACTIVITY_DROP,578.0209,1263.3622,ACTIVITY_DROP: current activity 578.02 is 0.46x the baseline 1263.36.
4172,2013-11-03 09:00:00,ACTIVITY_SPIKE,1448.1046000000001,1237.9925,ACTIVITY_SPIKE: current activity 1448.10 increased sharply from the previous hour 743.35.
4226,2013-11-03 01:00:00,ACTIVITY_DROP,475.4219,955.9097999999999,ACTIVITY_DROP: current activity 475.42 is 0.50x the baseline 955.91.
4226,2013-11-03 03:00:00,ACTIVITY_DROP,446.37179999999995,955.9097999999999,ACTIVITY_DROP: current activity 446.37 is 0.47x the baseline 955.91.
4226,2013-11-03 04:00:00,ACTIVITY_DROP,396.70640000000003,955.9097999999999,ACTIVITY_DROP: current activity 396.71 is 0.42x the baseline 955.91.
4226,2013-11-03 05:00:00,ACTIVITY_DROP,357.6681,955.9097999999999,ACTIVITY_DROP: current activity 357.67 is 0.37x the baseline 955.91.
4226,2013-11-03 06:00:00,ACTIVITY_DROP,360.16560000000004,955.9097999999999,ACTIVITY_DROP: current activity 360.17 is 0.38x the baseline 955.91.
4226,2013-11-03 07:00:00,ACTIVITY_DROP,413.7146,955.9097999999999,ACTIVITY_DROP: current activity 413.71 is 0.43x the baseline 955.91.
4227,2013-11-03 03:00:00,ACTIVITY_DROP,452.1983,942.2296000000001,ACTIVITY_DROP: current activity 452.20 is 0.48x the baseline 942.23.
4227,2013-11-03 04:00:00,ACTIVITY_DROP,400.899,942.2296000000001,ACTIVITY_DROP: current activity 400.90 is 0.43x the baseline 942.23.
4227,2013-11-03 05:00:00,ACTIVITY_DROP,362.62960000000004,942.2296000000001,ACTIVITY_DROP: current activity 362.63 is 0.38x the baseline 942.23.
4227,2013-11-03 06:00:00,ACTIVITY_DROP,362.002,942.2296000000001,ACTIVITY_DROP: current activity 362.00 is 0.38x the baseline 942.23.
4227,2013-11-03 07:00:00,ACTIVITY_DROP,397.28020000000004,942.2296000000001,ACTIVITY_DROP: current activity 397.28 is 0.42x the baseline 942.23.
4228,2013-11-03 04:00:00,ACTIVITY_DROP,441.11010000000005,1056.1849,ACTIVITY_DROP: current activity 441.11 is 0.42x the baseline 1056.18.
4228,2013-11-03 05:00:00,ACTIVITY_DROP,394.9504,1056.1849,ACTIVITY_DROP: current activity 394.95 is 0.37x the baseline 1056.18.
4228,2013-11-03 06:00:00,ACTIVITY_DROP,390.9237,1056.1849,ACTIVITY_DROP: current activity 390.92 is 0.37x the baseline 1056.18.
4228,2013-11-03 07:00:00,ACTIVITY_DROP,421.5096,1056.1849,ACTIVITY_DROP: current activity 421.51 is 0.40x the baseline 1056.18.
4239,2013-11-03 03:00:00,ACTIVITY_DROP,389.23389999999995,1125.9349,ACTIVITY_DROP: current activity 389.23 is 0.35x the baseline 1125.93.
4239,2013-11-03 04:00:00,ACTIVITY_DROP,369.2976,1125.9349,ACTIVITY_DROP: current activity 369.30 is 0.33x the baseline 1125.93.
4239,2013-11-03 05:00:00,ACTIVITY_DROP,365.7538,1125.9349,ACTIVITY_DROP: current activity 365.75 is 0.32x the baseline 1125.93.
4239,2013-11-03 06:00:00,ACTIVITY_DROP,428.74320000000006,1125.9349,ACTIVITY_DROP: current activity 428.74 is 0.38x the baseline 1125.93.
4239,2013-11-03 07:00:00,ACTIVITY_DROP,392.4935,1125.9349,ACTIVITY_DROP: current activity 392.49 is 0.35x the baseline 1125.93.
4239,2013-11-03 08:00:00,ACTIVITY_SPIKE,637.7919999999999,1125.9349,ACTIVITY_SPIKE: current activity 637.79 increased sharply from the previous hour 392.49.
4240,2013-11-03 03:00:00,ACTIVITY_DROP,435.1061,1139.9259,ACTIVITY_DROP: current activity 435.11 is 0.38x the baseline 1139.93.
4240,2013-11-03 04:00:00,ACTIVITY_DROP,406.32410000000004,1139.9259,ACTIVITY_DROP: current activity 406.32 is 0.36x the baseline 1139.93.
4240,2013-11-03 05:00:00,ACTIVITY_DROP,396.3655,1139.9259,ACTIVITY_DROP: current activity 396.37 is 0.35x the baseline 1139.93.
4240,2013-11-03 06:00:00,ACTIVITY_DROP,439.0696,1139.9259,ACTIVITY_DROP: current activity 439.07 is 0.39x the baseline 1139.93.
4240,2013-11-03 07:00:00,ACTIVITY_DROP,432.9986,1139.9259,ACTIVITY_DROP: current activity 433.00 is 0.38x the baseline 1139.93.
4240,2013-11-03 08:00:00,ACTIVITY_SPIKE,682.4073000000001,1139.9259,ACTIVITY_SPIKE: current activity 682.41 increased sharply from the previous hour 433.00.
4241,2013-11-03 04:00:00,ACTIVITY_DROP,459.7516,1011.6407,ACTIVITY_DROP: current activity 459.75 is 0.45x the baseline 1011.64.
4241,2013-11-03 05:00:00,ACTIVITY_DROP,412.7399,1011.6407,ACTIVITY_DROP: current activity 412.74 is 0.41x the baseline 1011.64.
4241,2013-11-03 06:00:00,ACTIVITY_DROP,387.43249999999995,1011.6407,ACTIVITY_DROP: current activity 387.43 is 0.38x the baseline 1011.64.
4241,2013-11-03 07:00:00,ACTIVITY_DROP,463.7418,1011.6407,ACTIVITY_DROP: current activity 463.74 is 0.46x the baseline 1011.64.
4241,2013-11-03 09:00:00,ACTIVITY_SPIKE,1011.6407,936.4994,ACTIVITY_SPIKE: current activity 1011.64 increased sharply from the previous hour 661.54.
4241,2013-11-03 19:00:00,HIGH_ACTIVITY,1567.3431999999998,936.4994,HIGH_ACTIVITY: current activity 1567.34 is 1.67x the baseline 936.50.
4241,2013-11-03 20:00:00,HIGH_ACTIVITY,1469.6391999999998,936.4994,HIGH_ACTIVITY: current activity 1469.64 is 1.57x the baseline 936.50.
4245,2013-11-03 03:00:00,ACTIVITY_DROP,453.9407,1002.2139999999999,ACTIVITY_DROP: current activity 453.94 is 0.45x the baseline 1002.21.
4245,2013-11-03 04:00:00,ACTIVITY_DROP,444.9453,1002.2139999999999,ACTIVITY_DROP: current activity 444.95 is 0.44x the baseline 1002.21.
4245,2013-11-03 05:00:00,ACTIVITY_DROP,426.54979999999995,1002.2139999999999,ACTIVITY_DROP: current activity 426.55 is 0.43x the baseline 1002.21.
4245,2013-11-03 06:00:00,ACTIVITY_DROP,424.0555,1002.2139999999999,ACTIVITY_DROP: current activity 424.06 is 0.42x the baseline 1002.21.
4245,2013-11-03 07:00:00,ACTIVITY_DROP,473.6226,1002.2139999999999,ACTIVITY_DROP: current activity 473.62 is 0.47x the baseline 1002.21.
4248,2013-11-03 04:00:00,ACTIVITY_DROP,511.17969999999997,1024.194,ACTIVITY_DROP: current activity 511.18 is 0.50x the baseline 1024.19.
4248,2013-11-03 05:00:00,ACTIVITY_DROP,495.57550000000003,1024.194,ACTIVITY_DROP: current activity 495.58 is 0.48x the baseline 1024.19.
4248,2013-11-03 06:00:00,ACTIVITY_DROP,504.8256,1024.194,ACTIVITY_DROP: current activity 504.83 is 0.49x the baseline 1024.19.
4248,2013-11-03 07:00:00,ACTIVITY_DROP,480.6258,1024.194,ACTIVITY_DROP: current activity 480.63 is 0.47x the baseline 1024.19.
4248,2013-11-03 08:00:00,ACTIVITY_SPIKE,736.7072000000001,1024.194,ACTIVITY_SPIKE: current activity 736.71 increased sharply from the previous hour 480.63.
4249,2013-11-03 04:00:00,ACTIVITY_DROP,496.3372,1006.0994,ACTIVITY_DROP: current activity 496.34 is 0.49x the baseline 1006.10.
4249,2013-11-03 05:00:00,ACTIVITY_DROP,483.8757,1006.0994,ACTIVITY_DROP: current activity 483.88 is 0.48x the baseline 1006.10.
4249,2013-11-03 06:00:00,ACTIVITY_DROP,465.1928,1006.0994,ACTIVITY_DROP: current activity 465.19 is 0.46x the baseline 1006.10.
4249,2013-11-03 07:00:00,ACTIVITY_DROP,450.7683,1006.0994,ACTIVITY_DROP: current activity 450.77 is 0.45x the baseline 1006.10.
4249,2013-11-03 08:00:00,ACTIVITY_SPIKE,710.2165,1006.0994,ACTIVITY_SPIKE: current activity 710.22 increased sharply from the previous hour 450.77.
4250,2013-11-03 05:00:00,ACTIVITY_DROP,533.7474,1134.0549,ACTIVITY_DROP: current activity 533.75 is 0.47x the baseline 1134.05.
4250,2013-11-03 06:00:00,ACTIVITY_DROP,528.0723,1134.0549,ACTIVITY_DROP: current activity 528.07 is 0.47x the baseline 1134.05.
4250,2013-11-03 07:00:00,ACTIVITY_DROP,522.3171,1134.0549,ACTIVITY_DROP: current activity 522.32 is 0.46x the baseline 1134.05.
4251,2013-11-03 03:00:00,ACTIVITY_DROP,591.0587,1183.256,ACTIVITY_DROP: current activity 591.06 is 0.50x the baseline 1183.26.
4251,2013-11-03 04:00:00,ACTIVITY_DROP,531.3568,1183.256,ACTIVITY_DROP: current activity 531.36 is 0.45x the baseline 1183.26.
4251,2013-11-03 05:00:00,ACTIVITY_DROP,515.6278,1183.256,ACTIVITY_DROP: current activity 515.63 is 0.44x the baseline 1183.26.
4251,2013-11-03 06:00:00,ACTIVITY_DROP,482.7239,1183.256,ACTIVITY_DROP: current activity 482.72 is 0.41x the baseline 1183.26.
4251,2013-11-03 07:00:00,ACTIVITY_DROP,506.4289,1183.256,ACTIVITY_DROP: current activity 506.43 is 0.43x the baseline 1183.26.
4252,2013-11-03 03:00:00,ACTIVITY_DROP,484.4112,1087.3147,ACTIVITY_DROP: current activity 484.41 is 0.45x the baseline 1087.31.
4252,2013-11-03 04:00:00,ACTIVITY_DROP,435.803,1087.3147,ACTIVITY_DROP: current activity 435.80 is 0.40x the baseline 1087.31.
4252,2013-11-03 05:00:00,ACTIVITY_DROP,449.9003,1087.3147,ACTIVITY_DROP: current activity 449.90 is 0.41x the baseline 1087.31.
4252,2013-11-03 06:00:00,ACTIVITY_DROP,415.0811,1087.3147,ACTIVITY_DROP: current activity 415.08 is 0.38x the baseline 1087.31.
4252,2013-11-03 07:00:00,ACTIVITY_DROP,481.7522,1087.3147,ACTIVITY_DROP: current activity 481.75 is 0.44x the baseline 1087.31.
4253,2013-11-03 03:00:00,ACTIVITY_DROP,503.151,1014.4148,ACTIVITY_DROP: current activity 503.15 is 0.50x the baseline 1014.41.
4253,2013-11-03 04:00:00,ACTIVITY_DROP,424.8634,1014.4148,ACTIVITY_DROP: current activity 424.86 is 0.42x the baseline 1014.41.
4253,2013-11-03 05:00:00,ACTIVITY_DROP,449.6071,1014.4148,ACTIVITY_DROP: current activity 449.61 is 0.44x the baseline 1014.41.
4253,2013-11-03 06:00:00,ACTIVITY_DROP,415.7664,1014.4148,ACTIVITY_DROP: current activity 415.77 is 0.41x the baseline 1014.41.
4253,2013-11-03 09:00:00,ACTIVITY_SPIKE,931.0101,1014.4148,ACTIVITY_SPIKE: current activity 931.01 increased sharply from the previous hour 545.69.
4253,2013-11-03 22:00:00,HIGH_ACTIVITY,1574.5974,1011.9892000000001,HIGH_ACTIVITY: current activity 1574.60 is 1.56x the baseline 1011.99.
4254,2013-11-03 04:00:00,ACTIVITY_DROP,1010.8409,2311.5577,ACTIVITY_DROP: current activity 1010.84 is 0.44x the baseline 2311.56.
4254,2013-11-03 05:00:00,ACTIVITY_DROP,922.6654,2311.5577,ACTIVITY_DROP: current activity 922.67 is 0.40x the baseline 2311.56.
4254,2013-11-03 06:00:00,ACTIVITY_DROP,855.61,2311.5577,ACTIVITY_DROP: current activity 855.61 is 0.37x the baseline 2311.56.
4254,2013-11-03 07:00:00,ACTIVITY_DROP,956.5558,2311.5577,ACTIVITY_DROP: current activity 956.56 is 0.41x the baseline 2311.56.
4255,2013-11-03 04:00:00,ACTIVITY_DROP,1183.3651000000002,2450.8303,ACTIVITY_DROP: current activity 1183.37 is 0.48x the baseline 2450.83.
4255,2013-11-03 05:00:00,ACTIVITY_DROP,1065.1356,2450.8303,ACTIVITY_DROP: current activity 1065.14 is 0.43x the baseline 2450.83.
4255,2013-11-03 06:00:00,ACTIVITY_DROP,1016.5069,2450.8303,ACTIVITY_DROP: current activity 1016.51 is 0.41x the baseline 2450.83.
4255,2013-11-03 07:00:00,ACTIVITY_DROP,1108.1583,2450.8303,ACTIVITY_DROP: current activity 1108.16 is 0.45x the baseline 2450.83.
4256,2013-11-03 05:00:00,ACTIVITY_DROP,1488.7406999999998,3130.0965000000006,ACTIVITY_DROP: current activity 1488.74 is 0.48x the baseline 3130.10.
4256,2013-11-03 06:00:00,ACTIVITY_DROP,1520.7554,3130.0965000000006,ACTIVITY_DROP: current activity 1520.76 is 0.49x the baseline 3130.10.
4257,2013-11-03 20:00:00,HIGH_ACTIVITY,4149.6368,2695.4841,HIGH_ACTIVITY: current activity 4149.64 is 1.54x the baseline 2695.48.
4258,2013-11-03 06:00:00,ACTIVITY_DROP,686.5881999999999,1400.9081,ACTIVITY_DROP: current activity 686.59 is 0.49x the baseline 1400.91.
4258,2013-11-03 07:00:00,ACTIVITY_DROP,691.9504,1400.9081,ACTIVITY_DROP: current activity 691.95 is 0.49x the baseline 1400.91.
4258,2013-11-03 16:00:00,HIGH_ACTIVITY,2188.9859,1391.4814,HIGH_ACTIVITY: current activity 2188.99 is 1.57x the baseline 1391.48.
4258,2013-11-03 18:00:00,HIGH_ACTIVITY,2830.5338,1391.4814,HIGH_ACTIVITY: current activity 2830.53 is 2.03x the baseline 1391.48.
4258,2013-11-03 20:00:00,HIGH_ACTIVITY,2450.5838000000003,1391.4814,HIGH_ACTIVITY: current activity 2450.58 is 1.76x the baseline 1391.48.
4258,2013-11-03 22:00:00,HIGH_ACTIVITY,2250.3347,1391.4814,HIGH_ACTIVITY: current activity 2250.33 is 1.62x the baseline 1391.48.
4259,2013-11-03 06:00:00,ACTIVITY_DROP,478.8308,993.1328,ACTIVITY_DROP: current activity 478.83 is 0.48x the baseline 993.13.
4259,2013-11-03 07:00:00,ACTIVITY_DROP,467.89459999999997,993.1328,ACTIVITY_DROP: current activity 467.89 is 0.47x the baseline 993.13.
4259,2013-11-03 20:00:00,HIGH_ACTIVITY,1549.5073,990.8536999999999,HIGH_ACTIVITY: current activity 1549.51 is 1.56x the baseline 990.85.
4260,2013-11-03 06:00:00,ACTIVITY_DROP,619.2835,1367.9812,ACTIVITY_DROP: current activity 619.28 is 0.45x the baseline 1367.98.
4260,2013-11-03 07:00:00,ACTIVITY_DROP,566.3551,1367.9812,ACTIVITY_DROP: current activity 566.36 is 0.41x the baseline 1367.98.
4261,2013-11-03 06:00:00,ACTIVITY_DROP,601.2664,1422.3707,ACTIVITY_DROP: current activity 601.27 is 0.42x the baseline 1422.37.
4261,2013-11-03 07:00:00,ACTIVITY_DROP,573.5051,1422.3707,ACTIVITY_DROP: current activity 573.51 is 0.40x the baseline 1422.37.
4261,2013-11-03 22:00:00,HIGH_ACTIVITY,2273.2873,1391.8325,HIGH_ACTIVITY: current activity 2273.29 is 1.63x the baseline 1391.83.
4263,2013-11-03 04:00:00,ACTIVITY_DROP,568.5622,1141.6373,ACTIVITY_DROP: current activity 568.56 is 0.50x the baseline 1141.64.
4263,2013-11-03 05:00:00,ACTIVITY_DROP,523.5895,1141.6373,ACTIVITY_DROP: current activity 523.59 is 0.46x the baseline 1141.64.
4263,2013-11-03 06:00:00,ACTIVITY_DROP,485.7053,1141.6373,ACTIVITY_DROP: current activity 485.71 is 0.43x the baseline 1141.64.
4263,2013-11-03 07:00:00,ACTIVITY_DROP,481.3033,1141.6373,ACTIVITY_DROP: current activity 481.30 is 0.42x the baseline 1141.64.
4263,2013-11-03 12:00:00,HIGH_ACTIVITY,1852.8618,1106.9026000000001,HIGH_ACTIVITY: current activity 1852.86 is 1.67x the baseline 1106.90.
4264,2013-11-03 04:00:00,ACTIVITY_DROP,636.5435,1350.6259000000002,ACTIVITY_DROP: current activity 636.54 is 0.47x the baseline 1350.63.
4264,2013-11-03 05:00:00,ACTIVITY_DROP,606.4625000000001,1350.6259000000002,ACTIVITY_DROP: current activity 606.46 is 0.45x the baseline 1350.63.
4264,2013-11-03 06:00:00,ACTIVITY_DROP,516.8428,1350.6259000000002,ACTIVITY_DROP: current activity 516.84 is 0.38x the baseline 1350.63.
4264,2013-11-03 07:00:00,ACTIVITY_DROP,491.49980000000005,1350.6259000000002,ACTIVITY_DROP: current activity 491.50 is 0.36x the baseline 1350.63.
4264,2013-11-03 08:00:00,ACTIVITY_DROP,630.9299,1350.6259000000002,ACTIVITY_DROP: current activity 630.93 is 0.47x the baseline 1350.63.
4264,2013-11-03 10:00:00,ACTIVITY_SPIKE,1257.0691000000002,1350.6259000000002,ACTIVITY_SPIKE: current activity 1257.07 increased sharply from the previous hour 820.93.
4264,2013-11-03 17:00:00,HIGH_ACTIVITY,2072.9946999999997,1326.6240000000003,HIGH_ACTIVITY: current activity 2072.99 is 1.56x the baseline 1326.62.
4264,2013-11-03 18:00:00,HIGH_ACTIVITY,2232.1525,1326.6240000000003,HIGH_ACTIVITY: current activity 2232.15 is 1.68x the baseline 1326.62.
4264,2013-11-03 19:00:00,HIGH_ACTIVITY,2350.8043,1326.6240000000003,HIGH_ACTIVITY: current activity 2350.80 is 1.77x the baseline 1326.62.
4265,2013-11-03 05:00:00,ACTIVITY_DROP,636.8684,1330.1394,ACTIVITY_DROP: current activity 636.87 is 0.48x the baseline 1330.14.
4265,2013-11-03 06:00:00,ACTIVITY_DROP,510.9341,1330.1394,ACTIVITY_DROP: current activity 510.93 is 0.38x the baseline 1330.14.
4265,2013-11-03 07:00:00,ACTIVITY_DROP,570.8779000000001,1330.1394,ACTIVITY_DROP: current activity 570.88 is 0.43x the baseline 1330.14.
4265,2013-11-03 16:00:00,HIGH_ACTIVITY,1953.3447,1265.643,HIGH_ACTIVITY: current activity 1953.34 is 1.54x the baseline 1265.64.
4265,2013-11-03 17:00:00,HIGH_ACTIVITY,2509.7464,1265.643,HIGH_ACTIVITY: current activity 2509.75 is 1.98x the baseline 1265.64.
4265,2013-11-03 18:00:00,HIGH_ACTIVITY,2597.3803000000003,1265.643,HIGH_ACTIVITY: current activity 2597.38 is 2.05x the baseline 1265.64.
4265,2013-11-03 19:00:00,HIGH_ACTIVITY,2209.5203,1265.643,HIGH_ACTIVITY: current activity 2209.52 is 1.75x the baseline 1265.64.
4265,2013-11-03 21:00:00,HIGH_ACTIVITY,2009.8173,1265.643,HIGH_ACTIVITY: current activity 2009.82 is 1.59x the baseline 1265.64.
4266,2013-11-03 06:00:00,ACTIVITY_DROP,719.1126,1528.4139,ACTIVITY_DROP: current activity 719.11 is 0.47x the baseline 1528.41.
4266,2013-11-03 17:00:00,HIGH_ACTIVITY,2526.7285,1450.0447,HIGH_ACTIVITY: current activity 2526.73 is 1.74x the baseline 1450.04.
4266,2013-11-03 18:00:00,HIGH_ACTIVITY,2490.9016,1450.0447,HIGH_ACTIVITY: current activity 2490.90 is 1.72x the baseline 1450.04.
4267,2013-11-03 17:00:00,HIGH_ACTIVITY,2193.1042,1412.2504000000001,HIGH_ACTIVITY: current activity 2193.10 is 1.55x the baseline 1412.25.
4267,2013-11-03 18:00:00,HIGH_ACTIVITY,2146.6180999999997,1412.2504000000001,HIGH_ACTIVITY: current activity 2146.62 is 1.52x the baseline 1412.25.
4268,2013-11-03 05:00:00,ACTIVITY_DROP,839.3641,2055.9872,ACTIVITY_DROP: current activity 839.36 is 0.41x the baseline 2055.99.
4268,2013-11-03 06:00:00,ACTIVITY_DROP,713.205,2055.9872,ACTIVITY_DROP: current activity 713.21 is 0.35x the baseline 2055.99.
4268,2013-11-03 07:00:00,ACTIVITY_DROP,817.7301,2055.9872,ACTIVITY_DROP: current activity 817.73 is 0.40x the baseline 2055.99.
4268,2013-11-03 08:00:00,ACTIVITY_DROP,1020.1216000000001,2055.9872,ACTIVITY_DROP: current activity 1020.12 is 0.50x the baseline 2055.99.
4269,2013-11-03 02:00:00,ACTIVITY_DROP,1153.9524,2317.4548,ACTIVITY_DROP: current activity 1153.95 is 0.50x the baseline 2317.45.
4269,2013-11-03 03:00:00,ACTIVITY_DROP,1118.092,2317.4548,ACTIVITY_DROP: current activity 1118.09 is 0.48x the baseline 2317.45.
4269,2013-11-03 05:00:00,ACTIVITY_DROP,883.2018,2317.4548,ACTIVITY_DROP: current activity 883.20 is 0.38x the baseline 2317.45.
4269,2013-11-03 06:00:00,ACTIVITY_DROP,714.4325,2317.4548,ACTIVITY_DROP: current activity 714.43 is 0.31x the baseline 2317.45.
4269,2013-11-03 07:00:00,ACTIVITY_DROP,869.2281,2317.4548,ACTIVITY_DROP: current activity 869.23 is 0.38x the baseline 2317.45.
4269,2013-11-03 08:00:00,ACTIVITY_DROP,1126.6028,2317.4548,ACTIVITY_DROP: current activity 1126.60 is 0.49x the baseline 2317.45.
4269,2013-11-03 22:00:00,HIGH_ACTIVITY,3144.1647,2022.9428,HIGH_ACTIVITY: current activity 3144.16 is 1.55x the baseline 2022.94.
4270,2013-11-03 03:00:00,ACTIVITY_DROP,511.7457,1084.3872000000001,ACTIVITY_DROP: current activity 511.75 is 0.47x the baseline 1084.39.
4270,2013-11-03 04:00:00,ACTIVITY_DROP,464.7862,1084.3872000000001,ACTIVITY_DROP: current activity 464.79 is 0.43x the baseline 1084.39.
4270,2013-11-03 05:00:00,ACTIVITY_DROP,465.467,1084.3872000000001,ACTIVITY_DROP: current activity 465.47 is 0.43x the baseline 1084.39.
4270,2013-11-03 06:00:00,ACTIVITY_DROP,451.0329,1084.3872000000001,ACTIVITY_DROP: current activity 451.03 is 0.42x the baseline 1084.39.
4270,2013-11-03 07:00:00,ACTIVITY_DROP,504.46889999999996,1084.3872000000001,ACTIVITY_DROP: current activity 504.47 is 0.47x the baseline 1084.39.
4271,2013-11-03 03:00:00,ACTIVITY_DROP,446.6443,960.809,ACTIVITY_DROP: current activity 446.64 is 0.46x the baseline 960.81.
4271,2013-11-03 04:00:00,ACTIVITY_DROP,401.22889999999995,960.809,ACTIVITY_DROP: current activity 401.23 is 0.42x the baseline 960.81.
4271,2013-11-03 05:00:00,ACTIVITY_DROP,418.4741,960.809,ACTIVITY_DROP: current activity 418.47 is 0.44x the baseline 960.81.
4271,2013-11-03 06:00:00,ACTIVITY_DROP,437.791,960.809,ACTIVITY_DROP: current activity 437.79 is 0.46x the baseline 960.81.
4325,2013-11-03 01:00:00,ACTIVITY_DROP,513.1585,1046.7629,ACTIVITY_DROP: current activity 513.16 is 0.49x the baseline 1046.76.
4325,2013-11-03 03:00:00,ACTIVITY_DROP,493.6815,1046.7629,ACTIVITY_DROP: current activity 493.68 is 0.47x the baseline 1046.76.
4325,2013-11-03 04:00:00,ACTIVITY_DROP,439.7982,1046.7629,ACTIVITY_DROP: current activity 439.80 is 0.42x the baseline 1046.76.
4325,2013-11-03 05:00:00,ACTIVITY_DROP,393.76169999999996,1046.7629,ACTIVITY_DROP: current activity 393.76 is 0.38x the baseline 1046.76.
4325,2013-11-03 06:00:00,ACTIVITY_DROP,394.2015,1046.7629,ACTIVITY_DROP: current activity 394.20 is 0.38x the baseline 1046.76.
4325,2013-11-03 07:00:00,ACTIVITY_DROP,436.59439999999995,1046.7629,ACTIVITY_DROP: current activity 436.59 is 0.42x the baseline 1046.76.
4326,2013-11-03 01:00:00,ACTIVITY_DROP,516.5381,1053.5369,ACTIVITY_DROP: current activity 516.54 is 0.49x the baseline 1053.54.
4326,2013-11-03 03:00:00,ACTIVITY_DROP,496.58799999999997,1053.5369,ACTIVITY_DROP: current activity 496.59 is 0.47x the baseline 1053.54.
4326,2013-11-03 04:00:00,ACTIVITY_DROP,442.5868,1053.5369,ACTIVITY_DROP: current activity 442.59 is 0.42x the baseline 1053.54.
4326,2013-11-03 05:00:00,ACTIVITY_DROP,395.23440000000005,1053.5369,ACTIVITY_DROP: current activity 395.23 is 0.38x the baseline 1053.54.
4326,2013-11-03 06:00:00,ACTIVITY_DROP,396.49830000000003,1053.5369,ACTIVITY_DROP: current activity 396.50 is 0.38x the baseline 1053.54.
4326,2013-11-03 07:00:00,ACTIVITY_DROP,440.1586,1053.5369,ACTIVITY_DROP: current activity 440.16 is 0.42x the baseline 1053.54.
4340,2013-11-03 03:00:00,ACTIVITY_DROP,403.50829999999996,1105.0592,ACTIVITY_DROP: current activity 403.51 is 0.37x the baseline 1105.06.
4340,2013-11-03 04:00:00,ACTIVITY_DROP,363.48440000000005,1105.0592,ACTIVITY_DROP: current activity 363.48 is 0.33x the baseline 1105.06.
4340,2013-11-03 05:00:00,ACTIVITY_DROP,358.402,1105.0592,ACTIVITY_DROP: current activity 358.40 is 0.32x the baseline 1105.06.
4340,2013-11-03 06:00:00,ACTIVITY_DROP,402.4052,1105.0592,ACTIVITY_DROP: current activity 402.41 is 0.36x the baseline 1105.06.
4340,2013-11-03 07:00:00,ACTIVITY_DROP,380.981,1105.0592,ACTIVITY_DROP: current activity 380.98 is 0.34x the baseline 1105.06.
4340,2013-11-03 08:00:00,ACTIVITY_SPIKE,585.379,1105.0592,ACTIVITY_SPIKE: current activity 585.38 increased sharply from the previous hour 380.98.
4341,2013-11-03 03:00:00,ACTIVITY_DROP,582.7005,1290.6785,ACTIVITY_DROP: current activity 582.70 is 0.45x the baseline 1290.68.
4341,2013-11-03 04:00:00,ACTIVITY_DROP,489.20590000000004,1290.6785,ACTIVITY_DROP: current activity 489.21 is 0.38x the baseline 1290.68.
4341,2013-11-03 05:00:00,ACTIVITY_DROP,478.94440000000003,1290.6785,ACTIVITY_DROP: current activity 478.94 is 0.37x the baseline 1290.68.
4341,2013-11-03 06:00:00,ACTIVITY_DROP,487.1268,1290.6785,ACTIVITY_DROP: current activity 487.13 is 0.38x the baseline 1290.68.
4341,2013-11-03 07:00:00,ACTIVITY_DROP,504.20829999999995,1290.6785,ACTIVITY_DROP: current activity 504.21 is 0.39x the baseline 1290.68.
4342,2013-11-03 03:00:00,ACTIVITY_DROP,585.4869,1319.9527,ACTIVITY_DROP: current activity 585.49 is 0.44x the baseline 1319.95.
4342,2013-11-03 04:00:00,ACTIVITY_DROP,500.2632,1319.9527,ACTIVITY_DROP: current activity 500.26 is 0.38x the baseline 1319.95.
4342,2013-11-03 05:00:00,ACTIVITY_DROP,485.993,1319.9527,ACTIVITY_DROP: current activity 485.99 is 0.37x the baseline 1319.95.
4342,2013-11-03 06:00:00,ACTIVITY_DROP,489.9362,1319.9527,ACTIVITY_DROP: current activity 489.94 is 0.37x the baseline 1319.95.
4342,2013-11-03 07:00:00,ACTIVITY_DROP,518.7954,1319.9527,ACTIVITY_DROP: current activity 518.80 is 0.39x the baseline 1319.95.
4342,2013-11-03 09:00:00,ACTIVITY_SPIKE,1160.2635,1319.9527,ACTIVITY_SPIKE: current activity 1160.26 increased sharply from the previous hour 741.63.
4343,2013-11-03 03:00:00,ACTIVITY_DROP,558.1295,1261.6626,ACTIVITY_DROP: current activity 558.13 is 0.44x the baseline 1261.66.
4343,2013-11-03 04:00:00,ACTIVITY_DROP,492.1389,1261.6626,ACTIVITY_DROP: current activity 492.14 is 0.39x the baseline 1261.66.
4343,2013-11-03 05:00:00,ACTIVITY_DROP,469.721,1261.6626,ACTIVITY_DROP: current activity 469.72 is 0.37x the baseline 1261.66.
4343,2013-11-03 06:00:00,ACTIVITY_DROP,507.9654,1261.6626,ACTIVITY_DROP: current activity 507.97 is 0.40x the baseline 1261.66.
4343,2013-11-03 07:00:00,ACTIVITY_DROP,507.2011,1261.6626,ACTIVITY_DROP: current activity 507.20 is 0.40x the baseline 1261.66.
4343,2013-11-03 08:00:00,ACTIVITY_SPIKE,850.4833,1261.6626,ACTIVITY_SPIKE: current activity 850.48 increased sharply from the previous hour 507.20.
4344,2013-11-03 03:00:00,ACTIVITY_DROP,606.9936,1275.4299,ACTIVITY_DROP: current activity 606.99 is 0.48x the baseline 1275.43.
4344,2013-11-03 04:00:00,ACTIVITY_DROP,586.3174,1275.4299,ACTIVITY_DROP: current activity 586.32 is 0.46x the baseline 1275.43.
4344,2013-11-03 05:00:00,ACTIVITY_DROP,541.878,1275.4299,ACTIVITY_DROP: current activity 541.88 is 0.42x the baseline 1275.43.
4344,2013-11-03 07:00:00,ACTIVITY_DROP,597.4474,1275.4299,ACTIVITY_DROP: current activity 597.45 is 0.47x the baseline 1275.43.
4344,2013-11-03 08:00:00,ACTIVITY_SPIKE,1311.6849,1260.7461,ACTIVITY_SPIKE: current activity 1311.68 increased sharply from the previous hour 597.45.
4344,2013-11-03 15:00:00,HIGH_ACTIVITY,2181.2333999999996,1260.7461,HIGH_ACTIVITY: current activity 2181.23 is 1.73x the baseline 1260.75.
4345,2013-11-03 03:00:00,ACTIVITY_DROP,648.763,1360.6444000000001,ACTIVITY_DROP: current activity 648.76 is 0.48x the baseline 1360.64.
4345,2013-11-03 04:00:00,ACTIVITY_DROP,593.9139,1360.6444000000001,ACTIVITY_DROP: current activity 593.91 is 0.44x the baseline 1360.64.
4345,2013-11-03 05:00:00,ACTIVITY_DROP,560.2399,1360.6444000000001,ACTIVITY_DROP: current activity 560.24 is 0.41x the baseline 1360.64.
4345,2013-11-03 06:00:00,ACTIVITY_DROP,651.4836,1360.6444000000001,ACTIVITY_DROP: current activity 651.48 is 0.48x the baseline 1360.64.
4345,2013-11-03 07:00:00,ACTIVITY_DROP,636.6984,1360.6444000000001,ACTIVITY_DROP: current activity 636.70 is 0.47x the baseline 1360.64.
4346,2013-11-03 03:00:00,ACTIVITY_DROP,579.4989,1251.7037,ACTIVITY_DROP: current activity 579.50 is 0.46x the baseline 1251.70.
4346,2013-11-03 04:00:00,ACTIVITY_DROP,539.3363999999999,1251.7037,ACTIVITY_DROP: current activity 539.34 is 0.43x the baseline 1251.70.
4346,2013-11-03 05:00:00,ACTIVITY_DROP,492.67019999999997,1251.7037,ACTIVITY_DROP: current activity 492.67 is 0.39x the baseline 1251.70.
4346,2013-11-03 06:00:00,ACTIVITY_DROP,555.5268,1251.7037,ACTIVITY_DROP: current activity 555.53 is 0.44x the baseline 1251.70.
4346,2013-11-03 07:00:00,ACTIVITY_DROP,560.2599999999999,1251.7037,ACTIVITY_DROP: current activity 560.26 is 0.45x the baseline 1251.70.
4347,2013-11-03 03:00:00,ACTIVITY_DROP,524.8475999999999,1050.0112,ACTIVITY_DROP: current activity 524.85 is 0.50x the baseline 1050.01.
4347,2013-11-03 04:00:00,ACTIVITY_DROP,511.2982,1050.0112,ACTIVITY_DROP: current activity 511.30 is 0.49x the baseline 1050.01.
4347,2013-11-03 05:00:00,ACTIVITY_DROP,447.7446,1050.0112,ACTIVITY_DROP: current activity 447.74 is 0.43x the baseline 1050.01.
4347,2013-11-03 06:00:00,ACTIVITY_DROP,479.26829999999995,1050.0112,ACTIVITY_DROP: current activity 479.27 is 0.46x the baseline 1050.01.
4348,2013-11-03 04:00:00,ACTIVITY_DROP,555.6961,1212.3842,ACTIVITY_DROP: current activity 555.70 is 0.46x the baseline 1212.38.
4348,2013-11-03 05:00:00,ACTIVITY_DROP,497.06440000000003,1212.3842,ACTIVITY_DROP: current activity 497.06 is 0.41x the baseline 1212.38.
4348,2013-11-03 06:00:00,ACTIVITY_DROP,526.8896,1212.3842,ACTIVITY_DROP: current activity 526.89 is 0.43x the baseline 1212.38.
4348,2013-11-03 07:00:00,ACTIVITY_DROP,593.9871,1212.3842,ACTIVITY_DROP: current activity 593.99 is 0.49x the baseline 1212.38.
4349,2013-11-03 05:00:00,ACTIVITY_DROP,746.2713,1939.1464,ACTIVITY_DROP: current activity 746.27 is 0.38x the baseline 1939.15.
4349,2013-11-03 06:00:00,ACTIVITY_DROP,734.9042,1939.1464,ACTIVITY_DROP: current activity 734.90 is 0.38x the baseline 1939.15.
4349,2013-11-03 07:00:00,ACTIVITY_DROP,799.6818000000001,1939.1464,ACTIVITY_DROP: current activity 799.68 is 0.41x the baseline 1939.15.
4349,2013-11-03 16:00:00,HIGH_ACTIVITY,3945.0407999999998,1932.0062,HIGH_ACTIVITY: current activity 3945.04 is 2.04x the baseline 1932.01.
4349,2013-11-03 16:00:00,ACTIVITY_SPIKE,3945.0407999999998,1932.0062,ACTIVITY_SPIKE: current activity 3945.04 increased sharply from the previous hour 1739.00.
4350,2013-11-03 05:00:00,ACTIVITY_DROP,681.6905,1572.098,ACTIVITY_DROP: current activity 681.69 is 0.43x the baseline 1572.10.
4350,2013-11-03 06:00:00,ACTIVITY_DROP,697.5848,1572.098,ACTIVITY_DROP: current activity 697.58 is 0.44x the baseline 1572.10.
4350,2013-11-03 07:00:00,ACTIVITY_DROP,710.6054000000001,1572.098,ACTIVITY_DROP: current activity 710.61 is 0.45x the baseline 1572.10.
4351,2013-11-03 04:00:00,ACTIVITY_DROP,547.8958,1137.8215,ACTIVITY_DROP: current activity 547.90 is 0.48x the baseline 1137.82.
4351,2013-11-03 05:00:00,ACTIVITY_DROP,537.0517,1137.8215,ACTIVITY_DROP: current activity 537.05 is 0.47x the baseline 1137.82.
4351,2013-11-03 06:00:00,ACTIVITY_DROP,542.8605,1137.8215,ACTIVITY_DROP: current activity 542.86 is 0.48x the baseline 1137.82.
4352,2013-11-03 04:00:00,ACTIVITY_DROP,428.7906,1025.3662,ACTIVITY_DROP: current activity 428.79 is 0.42x the baseline 1025.37.
4352,2013-11-03 05:00:00,ACTIVITY_DROP,447.37239999999997,1025.3662,ACTIVITY_DROP: current activity 447.37 is 0.44x the baseline 1025.37.
4352,2013-11-03 06:00:00,ACTIVITY_DROP,435.82869999999997,1025.3662,ACTIVITY_DROP: current activity 435.83 is 0.43x the baseline 1025.37.
4352,2013-11-03 09:00:00,ACTIVITY_SPIKE,1025.3662,975.3734,ACTIVITY_SPIKE: current activity 1025.37 increased sharply from the previous hour 581.50.
4352,2013-11-03 22:00:00,HIGH_ACTIVITY,1552.4363,975.3734,HIGH_ACTIVITY: current activity 1552.44 is 1.59x the baseline 975.37.
4353,2013-11-03 03:00:00,ACTIVITY_DROP,593.4471000000001,1295.9461,ACTIVITY_DROP: current activity 593.45 is 0.46x the baseline 1295.95.
4353,2013-11-03 04:00:00,ACTIVITY_DROP,488.46479999999997,1295.9461,ACTIVITY_DROP: current activity 488.46 is 0.38x the baseline 1295.95.
4353,2013-11-03 05:00:00,ACTIVITY_DROP,509.96979999999996,1295.9461,ACTIVITY_DROP: current activity 509.97 is 0.39x the baseline 1295.95.
4353,2013-11-03 06:00:00,ACTIVITY_DROP,471.0775,1295.9461,ACTIVITY_DROP: current activity 471.08 is 0.36x the baseline 1295.95.
4353,2013-11-03 07:00:00,ACTIVITY_DROP,610.7017999999999,1295.9461,ACTIVITY_DROP: current activity 610.70 is 0.47x the baseline 1295.95.
4353,2013-11-03 08:00:00,ACTIVITY_DROP,591.0514,1295.9461,ACTIVITY_DROP: current activity 591.05 is 0.46x the baseline 1295.95.
4353,2013-11-03 09:00:00,ACTIVITY_SPIKE,1051.0019,1295.9461,ACTIVITY_SPIKE: current activity 1051.00 increased sharply from the previous hour 591.05.
4354,2013-11-03 00:00:00,HIGH_ACTIVITY,4319.306,2485.4067,HIGH_ACTIVITY: current activity 4319.31 is 1.74x the baseline 2485.41.
4354,2013-11-03 03:00:00,ACTIVITY_DROP,1160.5903,2605.0118,ACTIVITY_DROP: current activity 1160.59 is 0.45x the baseline 2605.01.
4354,2013-11-03 04:00:00,ACTIVITY_DROP,872.9202,2605.0118,ACTIVITY_DROP: current activity 872.92 is 0.34x the baseline 2605.01.
4354,2013-11-03 05:00:00,ACTIVITY_DROP,798.2991999999999,2605.0118,ACTIVITY_DROP: current activity 798.30 is 0.31x the baseline 2605.01.
4354,2013-11-03 06:00:00,ACTIVITY_DROP,741.46,2605.0118,ACTIVITY_DROP: current activity 741.46 is 0.28x the baseline 2605.01.
4354,2013-11-03 07:00:00,ACTIVITY_DROP,850.2746000000001,2605.0118,ACTIVITY_DROP: current activity 850.27 is 0.33x the baseline 2605.01.
4354,2013-11-03 08:00:00,ACTIVITY_DROP,1009.7874,2605.0118,ACTIVITY_DROP: current activity 1009.79 is 0.39x the baseline 2605.01.
4354,2013-11-03 09:00:00,ACTIVITY_SPIKE,1551.5667,2605.0118,ACTIVITY_SPIKE: current activity 1551.57 increased sharply from the previous hour 1009.79.
4355,2013-11-03 00:00:00,HIGH_ACTIVITY,4462.987700000001,2796.2274,HIGH_ACTIVITY: current activity 4462.99 is 1.60x the baseline 2796.23.
4355,2013-11-03 04:00:00,ACTIVITY_DROP,1088.2162,3006.8075000000003,ACTIVITY_DROP: current activity 1088.22 is 0.36x the baseline 3006.81.
4355,2013-11-03 05:00:00,ACTIVITY_DROP,950.8355,3006.8075000000003,ACTIVITY_DROP: current activity 950.84 is 0.32x the baseline 3006.81.
4355,2013-11-03 06:00:00,ACTIVITY_DROP,840.1033,3006.8075000000003,ACTIVITY_DROP: current activity 840.10 is 0.28x the baseline 3006.81.
4355,2013-11-03 07:00:00,ACTIVITY_DROP,974.8049,3006.8075000000003,ACTIVITY_DROP: current activity 974.80 is 0.32x the baseline 3006.81.
4355,2013-11-03 08:00:00,ACTIVITY_DROP,1285.7833999999998,3006.8075000000003,ACTIVITY_DROP: current activity 1285.78 is 0.43x the baseline 3006.81.
4355,2013-11-03 21:00:00,HIGH_ACTIVITY,4305.8069,2796.2274,HIGH_ACTIVITY: current activity 4305.81 is 1.54x the baseline 2796.23.
4355,2013-11-03 22:00:00,HIGH_ACTIVITY,4321.029200000001,2796.2274,HIGH_ACTIVITY: current activity 4321.03 is 1.55x the baseline 2796.23.
4356,2013-11-03 05:00:00,ACTIVITY_DROP,1142.868,2779.0175,ACTIVITY_DROP: current activity 1142.87 is 0.41x the baseline 2779.02.
4356,2013-11-03 06:00:00,ACTIVITY_DROP,1122.7079,2779.0175,ACTIVITY_DROP: current activity 1122.71 is 0.40x the baseline 2779.02.
4356,2013-11-03 07:00:00,ACTIVITY_DROP,1233.169,2779.0175,ACTIVITY_DROP: current activity 1233.17 is 0.44x the baseline 2779.02.
4356,2013-11-03 08:00:00,ACTIVITY_DROP,1355.1976,2779.0175,ACTIVITY_DROP: current activity 1355.20 is 0.49x the baseline 2779.02.
4357,2013-11-03 04:00:00,ACTIVITY_DROP,959.8007,2080.7034,ACTIVITY_DROP: current activity 959.80 is 0.46x the baseline 2080.70.
4357,2013-11-03 05:00:00,ACTIVITY_DROP,929.0261,2080.7034,ACTIVITY_DROP: current activity 929.03 is 0.45x the baseline 2080.70.
4357,2013-11-03 06:00:00,ACTIVITY_DROP,884.0342,2080.7034,ACTIVITY_DROP: current activity 884.03 is 0.42x the baseline 2080.70.
4357,2013-11-03 07:00:00,ACTIVITY_DROP,971.7975999999999,2080.7034,ACTIVITY_DROP: current activity 971.80 is 0.47x the baseline 2080.70.
4357,2013-11-03 21:00:00,HIGH_ACTIVITY,2935.8307000000004,1915.6651000000002,HIGH_ACTIVITY: current activity 2935.83 is 1.53x the baseline 1915.67.
4358,2013-11-03 04:00:00,ACTIVITY_DROP,866.67,1773.2847,ACTIVITY_DROP: current activity 866.67 is 0.49x the baseline 1773.28.
4358,2013-11-03 05:00:00,ACTIVITY_DROP,813.8212,1773.2847,ACTIVITY_DROP: current activity 813.82 is 0.46x the baseline 1773.28.
4358,2013-11-03 06:00:00,ACTIVITY_DROP,794.4098,1773.2847,ACTIVITY_DROP: current activity 794.41 is 0.45x the baseline 1773.28.
4358,2013-11-03 07:00:00,ACTIVITY_DROP,826.4522999999999,1773.2847,ACTIVITY_DROP: current activity 826.45 is 0.47x the baseline 1773.28.
4358,2013-11-03 18:00:00,HIGH_ACTIVITY,2950.1198999999997,1691.983,HIGH_ACTIVITY: current activity 2950.12 is 1.74x the baseline 1691.98.
4358,2013-11-03 19:00:00,HIGH_ACTIVITY,2589.1274999999996,1691.983,HIGH_ACTIVITY: current activity 2589.13 is 1.53x the baseline 1691.98.
4358,2013-11-03 20:00:00,HIGH_ACTIVITY,2583.1935,1691.983,HIGH_ACTIVITY: current activity 2583.19 is 1.53x the baseline 1691.98.
4359,2013-11-03 05:00:00,ACTIVITY_DROP,868.1353,1736.3748,ACTIVITY_DROP: current activity 868.14 is 0.50x the baseline 1736.37.
4359,2013-11-03 06:00:00,ACTIVITY_DROP,864.8701,1736.3748,ACTIVITY_DROP: current activity 864.87 is 0.50x the baseline 1736.37.
4359,2013-11-03 07:00:00,ACTIVITY_DROP,852.1604,1736.3748,ACTIVITY_DROP: current activity 852.16 is 0.49x the baseline 1736.37.
4359,2013-11-03 18:00:00,HIGH_ACTIVITY,2947.2292,1731.9556000000002,HIGH_ACTIVITY: current activity 2947.23 is 1.70x the baseline 1731.96.
4359,2013-11-03 19:00:00,HIGH_ACTIVITY,2929.8291999999997,1731.9556000000002,HIGH_ACTIVITY: current activity 2929.83 is 1.69x the baseline 1731.96.
4359,2013-11-03 20:00:00,HIGH_ACTIVITY,2789.3937,1731.9556000000002,HIGH_ACTIVITY: current activity 2789.39 is 1.61x the baseline 1731.96.
4362,2013-11-03 04:00:00,ACTIVITY_DROP,1309.3150000000003,2967.9752,ACTIVITY_DROP: current activity 1309.32 is 0.44x the baseline 2967.98.
4362,2013-11-03 05:00:00,ACTIVITY_DROP,1083.1367,2967.9752,ACTIVITY_DROP: current activity 1083.14 is 0.36x the baseline 2967.98.
4362,2013-11-03 06:00:00,ACTIVITY_DROP,1032.9296,2967.9752,ACTIVITY_DROP: current activity 1032.93 is 0.35x the baseline 2967.98.
4362,2013-11-03 07:00:00,ACTIVITY_DROP,1037.8463,2967.9752,ACTIVITY_DROP: current activity 1037.85 is 0.35x the baseline 2967.98.
4362,2013-11-03 08:00:00,ACTIVITY_DROP,1321.2585000000004,2967.9752,ACTIVITY_DROP: current activity 1321.26 is 0.45x the baseline 2967.98.
4362,2013-11-03 10:00:00,ACTIVITY_SPIKE,3061.9669,2884.9601,ACTIVITY_SPIKE: current activity 3061.97 increased sharply from the previous hour 1845.21.
4362,2013-11-03 23:00:00,HIGH_ACTIVITY,4571.269,2884.9601,HIGH_ACTIVITY: current activity 4571.27 is 1.58x the baseline 2884.96.
4363,2013-11-03 04:00:00,ACTIVITY_DROP,1153.7154,2368.2796999999996,ACTIVITY_DROP: current activity 1153.72 is 0.49x the baseline 2368.28.
4363,2013-11-03 05:00:00,ACTIVITY_DROP,1062.1620999999998,2368.2796999999996,ACTIVITY_DROP: current activity 1062.16 is 0.45x the baseline 2368.28.
4363,2013-11-03 06:00:00,ACTIVITY_DROP,1020.1893,2368.2796999999996,ACTIVITY_DROP: current activity 1020.19 is 0.43x the baseline 2368.28.
4363,2013-11-03 07:00:00,ACTIVITY_DROP,1011.9527,2368.2796999999996,ACTIVITY_DROP: current activity 1011.95 is 0.43x the baseline 2368.28.
4363,2013-11-03 08:00:00,ACTIVITY_DROP,1098.5073,2368.2796999999996,ACTIVITY_DROP: current activity 1098.51 is 0.46x the baseline 2368.28.
4363,2013-11-03 10:00:00,ACTIVITY_SPIKE,2259.1724,2368.2796999999996,ACTIVITY_SPIKE: current activity 2259.17 increased sharply from the previous hour 1459.18.
4364,2013-11-03 04:00:00,ACTIVITY_DROP,893.8795,1976.9137,ACTIVITY_DROP: current activity 893.88 is 0.45x the baseline 1976.91.
4364,2013-11-03 05:00:00,ACTIVITY_DROP,836.8779,1976.9137,ACTIVITY_DROP: current activity 836.88 is 0.42x the baseline 1976.91.
4364,2013-11-03 06:00:00,ACTIVITY_DROP,750.8487,1976.9137,ACTIVITY_DROP: current activity 750.85 is 0.38x the baseline 1976.91.
4364,2013-11-03 07:00:00,ACTIVITY_DROP,721.0618999999999,1976.9137,ACTIVITY_DROP: current activity 721.06 is 0.36x the baseline 1976.91.
4364,2013-11-03 08:00:00,ACTIVITY_DROP,906.0944999999999,1976.9137,ACTIVITY_DROP: current activity 906.09 is 0.46x the baseline 1976.91.
4364,2013-11-03 10:00:00,ACTIVITY_SPIKE,1771.643,1976.9137,ACTIVITY_SPIKE: current activity 1771.64 increased sharply from the previous hour 1114.72.
4364,2013-11-03 17:00:00,HIGH_ACTIVITY,3003.4042,1949.1735999999999,HIGH_ACTIVITY: current activity 3003.40 is 1.54x the baseline 1949.17.
4364,2013-11-03 18:00:00,HIGH_ACTIVITY,3190.0569,1949.1735999999999,HIGH_ACTIVITY: current activity 3190.06 is 1.64x the baseline 1949.17.
4364,2013-11-03 19:00:00,HIGH_ACTIVITY,3402.0275,1949.1735999999999,HIGH_ACTIVITY: current activity 3402.03 is 1.75x the baseline 1949.17.
4364,2013-11-03 23:00:00,HIGH_ACTIVITY,3051.3378,1949.1735999999999,HIGH_ACTIVITY: current activity 3051.34 is 1.57x the baseline 1949.17.
4365,2013-11-03 04:00:00,ACTIVITY_DROP,974.0695999999999,2046.0023,ACTIVITY_DROP: current activity 974.07 is 0.48x the baseline 2046.00.
4365,2013-11-03 05:00:00,ACTIVITY_DROP,893.2188000000001,2046.0023,ACTIVITY_DROP: current activity 893.22 is 0.44x the baseline 2046.00.
4365,2013-11-03 06:00:00,ACTIVITY_DROP,893.9167,2046.0023,ACTIVITY_DROP: current activity 893.92 is 0.44x the baseline 2046.00.
4365,2013-11-03 07:00:00,ACTIVITY_DROP,889.2299,2046.0023,ACTIVITY_DROP: current activity 889.23 is 0.43x the baseline 2046.00.
4365,2013-11-03 19:00:00,HIGH_ACTIVITY,3024.3766000000005,1985.2191,HIGH_ACTIVITY: current activity 3024.38 is 1.52x the baseline 1985.22.
4366,2013-11-03 04:00:00,ACTIVITY_DROP,1859.8757,3839.5712999999996,ACTIVITY_DROP: current activity 1859.88 is 0.48x the baseline 3839.57.
4366,2013-11-03 05:00:00,ACTIVITY_DROP,1593.5865,3839.5712999999996,ACTIVITY_DROP: current activity 1593.59 is 0.42x the baseline 3839.57.
4366,2013-11-03 06:00:00,ACTIVITY_DROP,1602.3238000000001,3839.5712999999996,ACTIVITY_DROP: current activity 1602.32 is 0.42x the baseline 3839.57.
4366,2013-11-03 07:00:00,ACTIVITY_DROP,1766.4354,3839.5712999999996,ACTIVITY_DROP: current activity 1766.44 is 0.46x the baseline 3839.57.
4367,2013-11-03 01:00:00,ACTIVITY_DROP,911.8014,1991.3183999999999,ACTIVITY_DROP: current activity 911.80 is 0.46x the baseline 1991.32.
4367,2013-11-03 02:00:00,ACTIVITY_DROP,737.3438,1991.3183999999999,ACTIVITY_DROP: current activity 737.34 is 0.37x the baseline 1991.32.
4367,2013-11-03 03:00:00,ACTIVITY_DROP,651.4926,1991.3183999999999,ACTIVITY_DROP: current activity 651.49 is 0.33x the baseline 1991.32.
4367,2013-11-03 04:00:00,ACTIVITY_DROP,567.2301,1991.3183999999999,ACTIVITY_DROP: current activity 567.23 is 0.28x the baseline 1991.32.
4367,2013-11-03 05:00:00,ACTIVITY_DROP,556.8278,1991.3183999999999,ACTIVITY_DROP: current activity 556.83 is 0.28x the baseline 1991.32.
4367,2013-11-03 06:00:00,ACTIVITY_DROP,552.0258,1991.3183999999999,ACTIVITY_DROP: current activity 552.03 is 0.28x the baseline 1991.32.
4367,2013-11-03 07:00:00,ACTIVITY_DROP,730.6221,1991.3183999999999,ACTIVITY_DROP: current activity 730.62 is 0.37x the baseline 1991.32.
4367,2013-11-03 08:00:00,ACTIVITY_DROP,884.1982999999999,1991.3183999999999,ACTIVITY_DROP: current activity 884.20 is 0.44x the baseline 1991.32.
4367,2013-11-03 09:00:00,ACTIVITY_SPIKE,1388.7717000000002,1991.3183999999999,ACTIVITY_SPIKE: current activity 1388.77 increased sharply from the previous hour 884.20.
4367,2013-11-03 10:00:00,ACTIVITY_SPIKE,2162.2668000000003,1777.6618,ACTIVITY_SPIKE: current activity 2162.27 increased sharply from the previous hour 1388.77.
4367,2013-11-03 11:00:00,HIGH_ACTIVITY,2684.7784999999994,1777.6618,HIGH_ACTIVITY: current activity 2684.78 is 1.51x the baseline 1777.66.
4367,2013-11-03 12:00:00,HIGH_ACTIVITY,2754.5836,1777.6618,HIGH_ACTIVITY: current activity 2754.58 is 1.55x the baseline 1777.66.
4367,2013-11-03 15:00:00,HIGH_ACTIVITY,2929.4377999999997,1777.6618,HIGH_ACTIVITY: current activity 2929.44 is 1.65x the baseline 1777.66.
4367,2013-11-03 16:00:00,HIGH_ACTIVITY,3201.4597000000003,1777.6618,HIGH_ACTIVITY: current activity 3201.46 is 1.80x the baseline 1777.66.
4367,2013-11-03 17:00:00,HIGH_ACTIVITY,3783.4990999999995,1777.6618,HIGH_ACTIVITY: current activity 3783.50 is 2.13x the baseline 1777.66.
4367,2013-11-03 18:00:00,HIGH_ACTIVITY,3658.2232000000004,1777.6618,HIGH_ACTIVITY: current activity 3658.22 is 2.06x the baseline 1777.66.
4367,2013-11-03 19:00:00,HIGH_ACTIVITY,2968.8423000000003,1777.6618,HIGH_ACTIVITY: current activity 2968.84 is 1.67x the baseline 1777.66.
4368,2013-11-03 03:00:00,ACTIVITY_DROP,814.1494,1769.5533,ACTIVITY_DROP: current activity 814.15 is 0.46x the baseline 1769.55.
4368,2013-11-03 04:00:00,ACTIVITY_DROP,794.5061,1769.5533,ACTIVITY_DROP: current activity 794.51 is 0.45x the baseline 1769.55.
4368,2013-11-03 05:00:00,ACTIVITY_DROP,618.4239,1769.5533,ACTIVITY_DROP: current activity 618.42 is 0.35x the baseline 1769.55.
4368,2013-11-03 06:00:00,ACTIVITY_DROP,606.5087000000001,1769.5533,ACTIVITY_DROP: current activity 606.51 is 0.34x the baseline 1769.55.
4368,2013-11-03 07:00:00,ACTIVITY_SPIKE,912.1424,1769.5533,ACTIVITY_SPIKE: current activity 912.14 increased sharply from the previous hour 606.51.
4368,2013-11-03 08:00:00,ACTIVITY_DROP,850.2018,1769.5533,ACTIVITY_DROP: current activity 850.20 is 0.48x the baseline 1769.55.
4368,2013-11-03 15:00:00,HIGH_ACTIVITY,2506.4571000000005,1561.9782,HIGH_ACTIVITY: current activity 2506.46 is 1.60x the baseline 1561.98.
4368,2013-11-03 17:00:00,HIGH_ACTIVITY,2365.423,1561.9782,HIGH_ACTIVITY: current activity 2365.42 is 1.51x the baseline 1561.98.
4368,2013-11-03 18:00:00,HIGH_ACTIVITY,2445.1926000000003,1561.9782,HIGH_ACTIVITY: current activity 2445.19 is 1.57x the baseline 1561.98.
4369,2013-11-03 03:00:00,ACTIVITY_DROP,1242.3032999999998,2541.8624,ACTIVITY_DROP: current activity 1242.30 is 0.49x the baseline 2541.86.
4369,2013-11-03 05:00:00,ACTIVITY_DROP,1061.0336,2541.8624,ACTIVITY_DROP: current activity 1061.03 is 0.42x the baseline 2541.86.
4369,2013-11-03 06:00:00,ACTIVITY_DROP,963.6344,2541.8624,ACTIVITY_DROP: current activity 963.63 is 0.38x the baseline 2541.86.
4369,2013-11-03 07:00:00,ACTIVITY_DROP,1113.3286,2541.8624,ACTIVITY_DROP: current activity 1113.33 is 0.44x the baseline 2541.86.
4369,2013-11-03 20:00:00,HIGH_ACTIVITY,3612.7904999999996,2334.2126000000003,HIGH_ACTIVITY: current activity 3612.79 is 1.55x the baseline 2334.21.
4370,2013-11-03 04:00:00,ACTIVITY_DROP,790.4972,1776.8816,ACTIVITY_DROP: current activity 790.50 is 0.44x the baseline 1776.88.
4370,2013-11-03 05:00:00,ACTIVITY_DROP,820.1049,1776.8816,ACTIVITY_DROP: current activity 820.10 is 0.46x the baseline 1776.88.
4370,2013-11-03 06:00:00,ACTIVITY_DROP,778.1252000000001,1776.8816,ACTIVITY_DROP: current activity 778.13 is 0.44x the baseline 1776.88.
4370,2013-11-03 07:00:00,ACTIVITY_DROP,835.6896,1776.8816,ACTIVITY_DROP: current activity 835.69 is 0.47x the baseline 1776.88.
4370,2013-11-03 20:00:00,HIGH_ACTIVITY,2678.1236,1774.9644,HIGH_ACTIVITY: current activity 2678.12 is 1.51x the baseline 1774.96.
4371,2013-11-03 03:00:00,ACTIVITY_DROP,611.4238,1236.0585999999998,ACTIVITY_DROP: current activity 611.42 is 0.49x the baseline 1236.06.
4371,2013-11-03 04:00:00,ACTIVITY_DROP,512.5177,1236.0585999999998,ACTIVITY_DROP: current activity 512.52 is 0.41x the baseline 1236.06.
4371,2013-11-03 05:00:00,ACTIVITY_DROP,485.95189999999997,1236.0585999999998,ACTIVITY_DROP: current activity 485.95 is 0.39x the baseline 1236.06.
4371,2013-11-03 06:00:00,ACTIVITY_DROP,502.9913,1236.0585999999998,ACTIVITY_DROP: current activity 502.99 is 0.41x the baseline 1236.06.
4371,2013-11-03 07:00:00,ACTIVITY_DROP,540.0677000000001,1236.0585999999998,ACTIVITY_DROP: current activity 540.07 is 0.44x the baseline 1236.06.
4371,2013-11-03 08:00:00,ACTIVITY_SPIKE,825.0092,1236.0585999999998,ACTIVITY_SPIKE: current activity 825.01 increased sharply from the previous hour 540.07.
4371,2013-11-03 14:00:00,HIGH_ACTIVITY,1562.3593,1029.8658,HIGH_ACTIVITY: current activity 1562.36 is 1.52x the baseline 1029.87.
4372,2013-11-03 04:00:00,ACTIVITY_DROP,460.476,1067.9972,ACTIVITY_DROP: current activity 460.48 is 0.43x the baseline 1068.00.
4372,2013-11-03 05:00:00,ACTIVITY_DROP,439.39480000000003,1067.9972,ACTIVITY_DROP: current activity 439.39 is 0.41x the baseline 1068.00.
4372,2013-11-03 06:00:00,ACTIVITY_DROP,478.7244,1067.9972,ACTIVITY_DROP: current activity 478.72 is 0.45x the baseline 1068.00.
4441,2013-11-03 03:00:00,ACTIVITY_DROP,473.6326,997.8981,ACTIVITY_DROP: current activity 473.63 is 0.47x the baseline 997.90.
4441,2013-11-03 04:00:00,ACTIVITY_DROP,387.7572,997.8981,ACTIVITY_DROP: current activity 387.76 is 0.39x the baseline 997.90.
4441,2013-11-03 05:00:00,ACTIVITY_DROP,381.43240000000003,997.8981,ACTIVITY_DROP: current activity 381.43 is 0.38x the baseline 997.90.
4441,2013-11-03 06:00:00,ACTIVITY_DROP,385.69599999999997,997.8981,ACTIVITY_DROP: current activity 385.70 is 0.39x the baseline 997.90.
4441,2013-11-03 07:00:00,ACTIVITY_DROP,395.77639999999997,997.8981,ACTIVITY_DROP: current activity 395.78 is 0.40x the baseline 997.90.
4442,2013-11-03 03:00:00,ACTIVITY_DROP,769.1972,1700.4086,ACTIVITY_DROP: current activity 769.20 is 0.45x the baseline 1700.41.
4442,2013-11-03 04:00:00,ACTIVITY_DROP,619.492,1700.4086,ACTIVITY_DROP: current activity 619.49 is 0.36x the baseline 1700.41.
4442,2013-11-03 05:00:00,ACTIVITY_DROP,614.8278,1700.4086,ACTIVITY_DROP: current activity 614.83 is 0.36x the baseline 1700.41.
4442,2013-11-03 06:00:00,ACTIVITY_DROP,630.3053,1700.4086,ACTIVITY_DROP: current activity 630.31 is 0.37x the baseline 1700.41.
4442,2013-11-03 07:00:00,ACTIVITY_DROP,671.4682,1700.4086,ACTIVITY_DROP: current activity 671.47 is 0.39x the baseline 1700.41.
4443,2013-11-03 03:00:00,ACTIVITY_DROP,743.7783999999999,1562.0771,ACTIVITY_DROP: current activity 743.78 is 0.48x the baseline 1562.08.
4443,2013-11-03 04:00:00,ACTIVITY_DROP,558.1509,1562.0771,ACTIVITY_DROP: current activity 558.15 is 0.36x the baseline 1562.08.
4443,2013-11-03 05:00:00,ACTIVITY_DROP,548.9356,1562.0771,ACTIVITY_DROP: current activity 548.94 is 0.35x the baseline 1562.08.
4443,2013-11-03 06:00:00,ACTIVITY_DROP,590.5187000000001,1562.0771,ACTIVITY_DROP: current activity 590.52 is 0.38x the baseline 1562.08.
4443,2013-11-03 07:00:00,ACTIVITY_DROP,642.3222,1562.0771,ACTIVITY_DROP: current activity 642.32 is 0.41x the baseline 1562.08.
4443,2013-11-03 08:00:00,ACTIVITY_SPIKE,1066.0274,1562.0771,ACTIVITY_SPIKE: current activity 1066.03 increased sharply from the previous hour 642.32.
4444,2013-11-03 02:00:00,ACTIVITY_DROP,913.1195,1992.5391,ACTIVITY_DROP: current activity 913.12 is 0.46x the baseline 1992.54.
4444,2013-11-03 03:00:00,ACTIVITY_DROP,785.8615,1992.5391,ACTIVITY_DROP: current activity 785.86 is 0.39x the baseline 1992.54.
4444,2013-11-03 04:00:00,ACTIVITY_DROP,714.5391,1992.5391,ACTIVITY_DROP: current activity 714.54 is 0.36x the baseline 1992.54.
4444,2013-11-03 05:00:00,ACTIVITY_DROP,663.3584,1992.5391,ACTIVITY_DROP: current activity 663.36 is 0.33x the baseline 1992.54.
4444,2013-11-03 06:00:00,ACTIVITY_DROP,746.6463,1992.5391,ACTIVITY_DROP: current activity 746.65 is 0.37x the baseline 1992.54.
4444,2013-11-03 07:00:00,ACTIVITY_DROP,759.2186,1992.5391,ACTIVITY_DROP: current activity 759.22 is 0.38x the baseline 1992.54.
4444,2013-11-03 08:00:00,ACTIVITY_SPIKE,1345.6264,1992.5391,ACTIVITY_SPIKE: current activity 1345.63 increased sharply from the previous hour 759.22.
4445,2013-11-03 02:00:00,ACTIVITY_DROP,964.9155000000001,2050.3537,ACTIVITY_DROP: current activity 964.92 is 0.47x the baseline 2050.35.
4445,2013-11-03 03:00:00,ACTIVITY_DROP,821.3108,2050.3537,ACTIVITY_DROP: current activity 821.31 is 0.40x the baseline 2050.35.
4445,2013-11-03 04:00:00,ACTIVITY_DROP,764.1675,2050.3537,ACTIVITY_DROP: current activity 764.17 is 0.37x the baseline 2050.35.
4445,2013-11-03 05:00:00,ACTIVITY_DROP,721.9472,2050.3537,ACTIVITY_DROP: current activity 721.95 is 0.35x the baseline 2050.35.
4445,2013-11-03 06:00:00,ACTIVITY_DROP,753.4481000000001,2050.3537,ACTIVITY_DROP: current activity 753.45 is 0.37x the baseline 2050.35.
4445,2013-11-03 07:00:00,ACTIVITY_DROP,787.7635,2050.3537,ACTIVITY_DROP: current activity 787.76 is 0.38x the baseline 2050.35.
4445,2013-11-03 21:00:00,HIGH_ACTIVITY,3037.1304000000005,1875.7596,HIGH_ACTIVITY: current activity 3037.13 is 1.62x the baseline 1875.76.
4446,2013-11-03 05:00:00,ACTIVITY_DROP,1051.2294,2182.9804,ACTIVITY_DROP: current activity 1051.23 is 0.48x the baseline 2182.98.
4446,2013-11-03 06:00:00,ACTIVITY_DROP,1009.2733999999999,2182.9804,ACTIVITY_DROP: current activity 1009.27 is 0.46x the baseline 2182.98.
4446,2013-11-03 07:00:00,ACTIVITY_DROP,1053.8437000000001,2182.9804,ACTIVITY_DROP: current activity 1053.84 is 0.48x the baseline 2182.98.
4447,2013-11-03 05:00:00,ACTIVITY_DROP,905.3724,1924.3528000000001,ACTIVITY_DROP: current activity 905.37 is 0.47x the baseline 1924.35.
4447,2013-11-03 06:00:00,ACTIVITY_DROP,880.1935,1924.3528000000001,ACTIVITY_DROP: current activity 880.19 is 0.46x the baseline 1924.35.
4448,2013-11-03 04:00:00,ACTIVITY_DROP,567.3349000000001,1186.4433999999999,ACTIVITY_DROP: current activity 567.33 is 0.48x the baseline 1186.44.
4448,2013-11-03 05:00:00,ACTIVITY_DROP,501.15340000000003,1186.4433999999999,ACTIVITY_DROP: current activity 501.15 is 0.42x the baseline 1186.44.
4448,2013-11-03 06:00:00,ACTIVITY_DROP,535.9268999999999,1186.4433999999999,ACTIVITY_DROP: current activity 535.93 is 0.45x the baseline 1186.44.
4449,2013-11-03 05:00:00,ACTIVITY_DROP,696.772,1695.4159,ACTIVITY_DROP: current activity 696.77 is 0.41x the baseline 1695.42.
4449,2013-11-03 06:00:00,ACTIVITY_DROP,744.0222,1695.4159,ACTIVITY_DROP: current activity 744.02 is 0.44x the baseline 1695.42.
4449,2013-11-03 07:00:00,ACTIVITY_DROP,779.1798,1695.4159,ACTIVITY_DROP: current activity 779.18 is 0.46x the baseline 1695.42.
4450,2013-11-03 00:00:00,HIGH_ACTIVITY,2384.3804,1476.0583,HIGH_ACTIVITY: current activity 2384.38 is 1.62x the baseline 1476.06.
4450,2013-11-03 01:00:00,HIGH_ACTIVITY,3257.9269000000004,1476.0583,HIGH_ACTIVITY: current activity 3257.93 is 2.21x the baseline 1476.06.
4450,2013-11-03 02:00:00,HIGH_ACTIVITY,2720.3085,1476.0583,HIGH_ACTIVITY: current activity 2720.31 is 1.84x the baseline 1476.06.
4450,2013-11-03 08:00:00,ACTIVITY_SPIKE,1296.6484,1517.0907,ACTIVITY_SPIKE: current activity 1296.65 increased sharply from the previous hour 806.37.
4450,2013-11-03 14:00:00,HIGH_ACTIVITY,2475.8438,1476.0583,HIGH_ACTIVITY: current activity 2475.84 is 1.68x the baseline 1476.06.
4450,2013-11-03 14:00:00,ACTIVITY_SPIKE,2475.8438,1476.0583,ACTIVITY_SPIKE: current activity 2475.84 increased sharply from the previous hour 1557.90.
4450,2013-11-03 20:00:00,HIGH_ACTIVITY,2583.6114000000002,1476.0583,HIGH_ACTIVITY: current activity 2583.61 is 1.75x the baseline 1476.06.
4450,2013-11-03 20:00:00,ACTIVITY_SPIKE,2583.6114000000002,1476.0583,ACTIVITY_SPIKE: current activity 2583.61 increased sharply from the previous hour 1473.61.
4451,2013-11-03 04:00:00,ACTIVITY_DROP,552.9597,1224.2093,ACTIVITY_DROP: current activity 552.96 is 0.45x the baseline 1224.21.
4451,2013-11-03 05:00:00,ACTIVITY_DROP,570.0644,1224.2093,ACTIVITY_DROP: current activity 570.06 is 0.47x the baseline 1224.21.
4452,2013-11-03 04:00:00,ACTIVITY_DROP,683.2542000000001,1420.5913,ACTIVITY_DROP: current activity 683.25 is 0.48x the baseline 1420.59.
4452,2013-11-03 05:00:00,ACTIVITY_DROP,611.4693,1420.5913,ACTIVITY_DROP: current activity 611.47 is 0.43x the baseline 1420.59.
4452,2013-11-03 06:00:00,ACTIVITY_DROP,616.6039,1420.5913,ACTIVITY_DROP: current activity 616.60 is 0.43x the baseline 1420.59.
4452,2013-11-03 07:00:00,ACTIVITY_DROP,674.8201,1420.5913,ACTIVITY_DROP: current activity 674.82 is 0.48x the baseline 1420.59.
4452,2013-11-03 16:00:00,HIGH_ACTIVITY,2131.9724,1389.0669,HIGH_ACTIVITY: current activity 2131.97 is 1.53x the baseline 1389.07.
4453,2013-11-03 00:00:00,HIGH_ACTIVITY,3192.8466000000003,2087.8652,HIGH_ACTIVITY: current activity 3192.85 is 1.53x the baseline 2087.87.
4453,2013-11-03 03:00:00,ACTIVITY_DROP,966.3951,2116.7991,ACTIVITY_DROP: current activity 966.40 is 0.46x the baseline 2116.80.
4453,2013-11-03 04:00:00,ACTIVITY_DROP,780.5915,2116.7991,ACTIVITY_DROP: current activity 780.59 is 0.37x the baseline 2116.80.
4453,2013-11-03 05:00:00,ACTIVITY_DROP,714.7074,2116.7991,ACTIVITY_DROP: current activity 714.71 is 0.34x the baseline 2116.80.
4453,2013-11-03 06:00:00,ACTIVITY_DROP,661.298,2116.7991,ACTIVITY_DROP: current activity 661.30 is 0.31x the baseline 2116.80.
4453,2013-11-03 07:00:00,ACTIVITY_DROP,735.2428,2116.7991,ACTIVITY_DROP: current activity 735.24 is 0.35x the baseline 2116.80.
4453,2013-11-03 08:00:00,ACTIVITY_DROP,803.9341,2116.7991,ACTIVITY_DROP: current activity 803.93 is 0.38x the baseline 2116.80.
4453,2013-11-03 09:00:00,ACTIVITY_SPIKE,1314.7185000000002,2116.7991,ACTIVITY_SPIKE: current activity 1314.72 increased sharply from the previous hour 803.93.
4454,2013-11-03 00:00:00,HIGH_ACTIVITY,4377.766099999999,2508.8977,HIGH_ACTIVITY: current activity 4377.77 is 1.74x the baseline 2508.90.
4454,2013-11-03 03:00:00,ACTIVITY_DROP,969.7157000000001,2516.4987,ACTIVITY_DROP: current activity 969.72 is 0.39x the baseline 2516.50.
4454,2013-11-03 04:00:00,ACTIVITY_DROP,800.0852,2516.4987,ACTIVITY_DROP: current activity 800.09 is 0.32x the baseline 2516.50.
4454,2013-11-03 05:00:00,ACTIVITY_DROP,745.4787,2516.4987,ACTIVITY_DROP: current activity 745.48 is 0.30x the baseline 2516.50.
4454,2013-11-03 06:00:00,ACTIVITY_DROP,726.4639,2516.4987,ACTIVITY_DROP: current activity 726.46 is 0.29x the baseline 2516.50.
4454,2013-11-03 07:00:00,ACTIVITY_DROP,814.3578,2516.4987,ACTIVITY_DROP: current activity 814.36 is 0.32x the baseline 2516.50.
4454,2013-11-03 08:00:00,ACTIVITY_DROP,852.6826,2516.4987,ACTIVITY_DROP: current activity 852.68 is 0.34x the baseline 2516.50.
4454,2013-11-03 09:00:00,ACTIVITY_SPIKE,1462.6831,2516.4987,ACTIVITY_SPIKE: current activity 1462.68 increased sharply from the previous hour 852.68.
4455,2013-11-03 00:00:00,HIGH_ACTIVITY,4789.24,2831.9196,HIGH_ACTIVITY: current activity 4789.24 is 1.69x the baseline 2831.92.
4455,2013-11-03 03:00:00,ACTIVITY_DROP,1536.0868999999998,3102.7665,ACTIVITY_DROP: current activity 1536.09 is 0.50x the baseline 3102.77.
4455,2013-11-03 04:00:00,ACTIVITY_DROP,1065.1308999999999,3102.7665,ACTIVITY_DROP: current activity 1065.13 is 0.34x the baseline 3102.77.
4455,2013-11-03 05:00:00,ACTIVITY_DROP,951.64,3102.7665,ACTIVITY_DROP: current activity 951.64 is 0.31x the baseline 3102.77.
4455,2013-11-03 06:00:00,ACTIVITY_DROP,826.6124000000001,3102.7665,ACTIVITY_DROP: current activity 826.61 is 0.27x the baseline 3102.77.
4455,2013-11-03 07:00:00,ACTIVITY_DROP,962.2879,3102.7665,ACTIVITY_DROP: current activity 962.29 is 0.31x the baseline 3102.77.
4455,2013-11-03 08:00:00,ACTIVITY_DROP,1307.6123999999998,3102.7665,ACTIVITY_DROP: current activity 1307.61 is 0.42x the baseline 3102.77.
4455,2013-11-03 21:00:00,HIGH_ACTIVITY,4577.9702,2831.9196,HIGH_ACTIVITY: current activity 4577.97 is 1.62x the baseline 2831.92.
4455,2013-11-03 22:00:00,HIGH_ACTIVITY,4532.5262999999995,2831.9196,HIGH_ACTIVITY: current activity 4532.53 is 1.60x the baseline 2831.92.
4456,2013-11-03 03:00:00,ACTIVITY_DROP,1996.6903999999997,4550.3259,ACTIVITY_DROP: current activity 1996.69 is 0.44x the baseline 4550.33.
4456,2013-11-03 04:00:00,ACTIVITY_DROP,1684.7047,4550.3259,ACTIVITY_DROP: current activity 1684.70 is 0.37x the baseline 4550.33.
4456,2013-11-03 05:00:00,ACTIVITY_DROP,1578.5342,4550.3259,ACTIVITY_DROP: current activity 1578.53 is 0.35x the baseline 4550.33.
4456,2013-11-03 06:00:00,ACTIVITY_DROP,1491.1272000000001,4550.3259,ACTIVITY_DROP: current activity 1491.13 is 0.33x the baseline 4550.33.
4456,2013-11-03 07:00:00,ACTIVITY_DROP,1613.1084999999998,4550.3259,ACTIVITY_DROP: current activity 1613.11 is 0.35x the baseline 4550.33.
4456,2013-11-03 08:00:00,ACTIVITY_DROP,1960.1309999999999,4550.3259,ACTIVITY_DROP: current activity 1960.13 is 0.43x the baseline 4550.33.
4457,2013-11-03 03:00:00,ACTIVITY_DROP,2027.3967,4823.0872,ACTIVITY_DROP: current activity 2027.40 is 0.42x the baseline 4823.09.
4457,2013-11-03 04:00:00,ACTIVITY_DROP,1890.9021,4823.0872,ACTIVITY_DROP: current activity 1890.90 is 0.39x the baseline 4823.09.
4457,2013-11-03 05:00:00,ACTIVITY_DROP,1840.4148,4823.0872,ACTIVITY_DROP: current activity 1840.41 is 0.38x the baseline 4823.09.
4457,2013-11-03 06:00:00,ACTIVITY_DROP,1812.6737999999998,4823.0872,ACTIVITY_DROP: current activity 1812.67 is 0.38x the baseline 4823.09.
4457,2013-11-03 07:00:00,ACTIVITY_DROP,1940.0136,4823.0872,ACTIVITY_DROP: current activity 1940.01 is 0.40x the baseline 4823.09.
4457,2013-11-03 08:00:00,ACTIVITY_DROP,2262.8083000000006,4823.0872,ACTIVITY_DROP: current activity 2262.81 is 0.47x the baseline 4823.09.
4458,2013-11-03 04:00:00,ACTIVITY_DROP,1245.6878,2767.8016000000002,ACTIVITY_DROP: current activity 1245.69 is 0.45x the baseline 2767.80.
4458,2013-11-03 05:00:00,ACTIVITY_DROP,1187.6029,2767.8016000000002,ACTIVITY_DROP: current activity 1187.60 is 0.43x the baseline 2767.80.
4458,2013-11-03 06:00:00,ACTIVITY_DROP,1243.2625999999998,2767.8016000000002,ACTIVITY_DROP: current activity 1243.26 is 0.45x the baseline 2767.80.
4458,2013-11-03 07:00:00,ACTIVITY_DROP,1270.8001,2767.8016000000002,ACTIVITY_DROP: current activity 1270.80 is 0.46x the baseline 2767.80.
4459,2013-11-03 04:00:00,ACTIVITY_DROP,991.7537,2182.8117,ACTIVITY_DROP: current activity 991.75 is 0.45x the baseline 2182.81.
4459,2013-11-03 05:00:00,ACTIVITY_DROP,926.9484,2182.8117,ACTIVITY_DROP: current activity 926.95 is 0.42x the baseline 2182.81.
4459,2013-11-03 06:00:00,ACTIVITY_DROP,917.4897,2182.8117,ACTIVITY_DROP: current activity 917.49 is 0.42x the baseline 2182.81.
4459,2013-11-03 07:00:00,ACTIVITY_DROP,1007.0076,2182.8117,ACTIVITY_DROP: current activity 1007.01 is 0.46x the baseline 2182.81.
4459,2013-11-03 18:00:00,HIGH_ACTIVITY,3634.1998000000003,2130.8500000000004,HIGH_ACTIVITY: current activity 3634.20 is 1.71x the baseline 2130.85.
4459,2013-11-03 19:00:00,HIGH_ACTIVITY,3709.5041,2130.8500000000004,HIGH_ACTIVITY: current activity 3709.50 is 1.74x the baseline 2130.85.
4459,2013-11-03 20:00:00,HIGH_ACTIVITY,3320.2938,2130.8500000000004,HIGH_ACTIVITY: current activity 3320.29 is 1.56x the baseline 2130.85.
4459,2013-11-03 21:00:00,HIGH_ACTIVITY,3351.1232,2130.8500000000004,HIGH_ACTIVITY: current activity 3351.12 is 1.57x the baseline 2130.85.
4459,2013-11-03 22:00:00,HIGH_ACTIVITY,3586.6877,2130.8500000000004,HIGH_ACTIVITY: current activity 3586.69 is 1.68x the baseline 2130.85.
4459,2013-11-03 23:00:00,HIGH_ACTIVITY,3476.852,2130.8500000000004,HIGH_ACTIVITY: current activity 3476.85 is 1.63x the baseline 2130.85.
4460,2013-11-03 03:00:00,ACTIVITY_DROP,851.7211,1925.2727,ACTIVITY_DROP: current activity 851.72 is 0.44x the baseline 1925.27.
4460,2013-11-03 04:00:00,ACTIVITY_DROP,736.8827999999999,1925.2727,ACTIVITY_DROP: current activity 736.88 is 0.38x the baseline 1925.27.
4460,2013-11-03 05:00:00,ACTIVITY_DROP,731.8503000000001,1925.2727,ACTIVITY_DROP: current activity 731.85 is 0.38x the baseline 1925.27.
4460,2013-11-03 06:00:00,ACTIVITY_DROP,719.7447999999999,1925.2727,ACTIVITY_DROP: current activity 719.74 is 0.37x the baseline 1925.27.
4460,2013-11-03 07:00:00,ACTIVITY_DROP,800.1659999999999,1925.2727,ACTIVITY_DROP: current activity 800.17 is 0.42x the baseline 1925.27.
4460,2013-11-03 19:00:00,HIGH_ACTIVITY,3051.5504,1923.0684,HIGH_ACTIVITY: current activity 3051.55 is 1.59x the baseline 1923.07.
4460,2013-11-03 21:00:00,HIGH_ACTIVITY,2930.4365999999995,1923.0684,HIGH_ACTIVITY: current activity 2930.44 is 1.52x the baseline 1923.07.
4460,2013-11-03 22:00:00,HIGH_ACTIVITY,2908.8972999999996,1923.0684,HIGH_ACTIVITY: current activity 2908.90 is 1.51x the baseline 1923.07.
4461,2013-11-03 03:00:00,ACTIVITY_DROP,1286.3744,2638.0667,ACTIVITY_DROP: current activity 1286.37 is 0.49x the baseline 2638.07.
4461,2013-11-03 04:00:00,ACTIVITY_DROP,1134.9852,2638.0667,ACTIVITY_DROP: current activity 1134.99 is 0.43x the baseline 2638.07.
4461,2013-11-03 05:00:00,ACTIVITY_DROP,1094.7892000000002,2638.0667,ACTIVITY_DROP: current activity 1094.79 is 0.41x the baseline 2638.07.
4461,2013-11-03 06:00:00,ACTIVITY_DROP,1031.0604,2638.0667,ACTIVITY_DROP: current activity 1031.06 is 0.39x the baseline 2638.07.
4461,2013-11-03 07:00:00,ACTIVITY_DROP,1033.9316,2638.0667,ACTIVITY_DROP: current activity 1033.93 is 0.39x the baseline 2638.07.
4461,2013-11-03 08:00:00,ACTIVITY_DROP,1309.0238,2638.0667,ACTIVITY_DROP: current activity 1309.02 is 0.50x the baseline 2638.07.
4462,2013-11-03 04:00:00,ACTIVITY_DROP,1723.7803000000001,3929.7362,ACTIVITY_DROP: current activity 1723.78 is 0.44x the baseline 3929.74.
4462,2013-11-03 05:00:00,ACTIVITY_DROP,1481.8672,3929.7362,ACTIVITY_DROP: current activity 1481.87 is 0.38x the baseline 3929.74.
4462,2013-11-03 06:00:00,ACTIVITY_DROP,1273.5627,3929.7362,ACTIVITY_DROP: current activity 1273.56 is 0.32x the baseline 3929.74.
4462,2013-11-03 07:00:00,ACTIVITY_DROP,1297.4043,3929.7362,ACTIVITY_DROP: current activity 1297.40 is 0.33x the baseline 3929.74.
4462,2013-11-03 08:00:00,ACTIVITY_DROP,1646.1176999999998,3929.7362,ACTIVITY_DROP: current activity 1646.12 is 0.42x the baseline 3929.74.
4462,2013-11-03 10:00:00,ACTIVITY_SPIKE,3344.2214,3929.7362,ACTIVITY_SPIKE: current activity 3344.22 increased sharply from the previous hour 2188.91.
4462,2013-11-03 17:00:00,HIGH_ACTIVITY,5684.198899999999,3737.4130999999998,HIGH_ACTIVITY: current activity 5684.20 is 1.52x the baseline 3737.41.
4462,2013-11-03 19:00:00,HIGH_ACTIVITY,5696.3745,3737.4130999999998,HIGH_ACTIVITY: current activity 5696.37 is 1.52x the baseline 3737.41.
4463,2013-11-03 06:00:00,ACTIVITY_DROP,797.7361,1642.9291999999998,ACTIVITY_DROP: current activity 797.74 is 0.49x the baseline 1642.93.
4463,2013-11-03 07:00:00,ACTIVITY_DROP,786.2987999999999,1642.9291999999998,ACTIVITY_DROP: current activity 786.30 is 0.48x the baseline 1642.93.
4463,2013-11-03 08:00:00,ACTIVITY_DROP,804.399,1642.9291999999998,ACTIVITY_DROP: current activity 804.40 is 0.49x the baseline 1642.93.
4464,2013-11-03 04:00:00,ACTIVITY_DROP,734.386,1579.1708999999998,ACTIVITY_DROP: current activity 734.39 is 0.47x the baseline 1579.17.
4464,2013-11-03 05:00:00,ACTIVITY_DROP,711.0019,1579.1708999999998,ACTIVITY_DROP: current activity 711.00 is 0.45x the baseline 1579.17.
4464,2013-11-03 06:00:00,ACTIVITY_DROP,704.0553,1579.1708999999998,ACTIVITY_DROP: current activity 704.06 is 0.45x the baseline 1579.17.
4464,2013-11-03 07:00:00,ACTIVITY_DROP,684.39,1579.1708999999998,ACTIVITY_DROP: current activity 684.39 is 0.43x the baseline 1579.17.
4464,2013-11-03 10:00:00,ACTIVITY_SPIKE,1720.5294999999999,1569.4415000000001,ACTIVITY_SPIKE: current activity 1720.53 increased sharply from the previous hour 1059.14.
4464,2013-11-03 20:00:00,HIGH_ACTIVITY,2466.807,1569.4415000000001,HIGH_ACTIVITY: current activity 2466.81 is 1.57x the baseline 1569.44.
4465,2013-11-03 03:00:00,ACTIVITY_DROP,1734.6956,3478.5445,ACTIVITY_DROP: current activity 1734.70 is 0.50x the baseline 3478.54.
4465,2013-11-03 04:00:00,ACTIVITY_DROP,1516.3325,3478.5445,ACTIVITY_DROP: current activity 1516.33 is 0.44x the baseline 3478.54.
4465,2013-11-03 05:00:00,ACTIVITY_DROP,1571.0522999999998,3478.5445,ACTIVITY_DROP: current activity 1571.05 is 0.45x the baseline 3478.54.
4465,2013-11-03 07:00:00,ACTIVITY_DROP,1710.9968000000001,3478.5445,ACTIVITY_DROP: current activity 1711.00 is 0.49x the baseline 3478.54.
4465,2013-11-03 20:00:00,HIGH_ACTIVITY,5208.187800000001,3464.3446000000004,HIGH_ACTIVITY: current activity 5208.19 is 1.50x the baseline 3464.34.
4466,2013-11-03 03:00:00,ACTIVITY_DROP,1193.8377,2443.1126000000004,ACTIVITY_DROP: current activity 1193.84 is 0.49x the baseline 2443.11.
4466,2013-11-03 04:00:00,ACTIVITY_DROP,1074.5683,2443.1126000000004,ACTIVITY_DROP: current activity 1074.57 is 0.44x the baseline 2443.11.
4466,2013-11-03 05:00:00,ACTIVITY_DROP,1060.2688,2443.1126000000004,ACTIVITY_DROP: current activity 1060.27 is 0.43x the baseline 2443.11.
4466,2013-11-03 07:00:00,ACTIVITY_DROP,1160.8965,2443.1126000000004,ACTIVITY_DROP: current activity 1160.90 is 0.48x the baseline 2443.11.
4467,2013-11-03 02:00:00,ACTIVITY_DROP,783.1663,1629.2769,ACTIVITY_DROP: current activity 783.17 is 0.48x the baseline 1629.28.
4467,2013-11-03 03:00:00,ACTIVITY_DROP,674.7425,1629.2769,ACTIVITY_DROP: current activity 674.74 is 0.41x the baseline 1629.28.
4467,2013-11-03 04:00:00,ACTIVITY_DROP,620.3086,1629.2769,ACTIVITY_DROP: current activity 620.31 is 0.38x the baseline 1629.28.
4467,2013-11-03 05:00:00,ACTIVITY_DROP,638.9091999999999,1629.2769,ACTIVITY_DROP: current activity 638.91 is 0.39x the baseline 1629.28.
4467,2013-11-03 06:00:00,ACTIVITY_DROP,621.0276,1629.2769,ACTIVITY_DROP: current activity 621.03 is 0.38x the baseline 1629.28.
4467,2013-11-03 07:00:00,ACTIVITY_DROP,805.6144,1629.2769,ACTIVITY_DROP: current activity 805.61 is 0.49x the baseline 1629.28.
4468,2013-11-03 03:00:00,ACTIVITY_DROP,748.666,1783.1780999999999,ACTIVITY_DROP: current activity 748.67 is 0.42x the baseline 1783.18.
4468,2013-11-03 04:00:00,ACTIVITY_DROP,714.6053,1783.1780999999999,ACTIVITY_DROP: current activity 714.61 is 0.40x the baseline 1783.18.
4468,2013-11-03 05:00:00,ACTIVITY_DROP,645.8342,1783.1780999999999,ACTIVITY_DROP: current activity 645.83 is 0.36x the baseline 1783.18.
4468,2013-11-03 06:00:00,ACTIVITY_DROP,665.9586,1783.1780999999999,ACTIVITY_DROP: current activity 665.96 is 0.37x the baseline 1783.18.
4469,2013-11-03 03:00:00,ACTIVITY_DROP,965.0594000000001,2079.0715,ACTIVITY_DROP: current activity 965.06 is 0.46x the baseline 2079.07.
4469,2013-11-03 04:00:00,ACTIVITY_DROP,883.6656,2079.0715,ACTIVITY_DROP: current activity 883.67 is 0.43x the baseline 2079.07.
4469,2013-11-03 05:00:00,ACTIVITY_DROP,885.7695,2079.0715,ACTIVITY_DROP: current activity 885.77 is 0.43x the baseline 2079.07.
4469,2013-11-03 06:00:00,ACTIVITY_DROP,974.1197,2079.0715,ACTIVITY_DROP: current activity 974.12 is 0.47x the baseline 2079.07.
4469,2013-11-03 18:00:00,HIGH_ACTIVITY,3023.8840000000005,2012.8139999999999,HIGH_ACTIVITY: current activity 3023.88 is 1.50x the baseline 2012.81.
4469,2013-11-03 20:00:00,HIGH_ACTIVITY,3742.8985,2012.8139999999999,HIGH_ACTIVITY: current activity 3742.90 is 1.86x the baseline 2012.81.
4470,2013-11-03 03:00:00,ACTIVITY_DROP,1017.7709,2106.3929,ACTIVITY_DROP: current activity 1017.77 is 0.48x the baseline 2106.39.
4470,2013-11-03 04:00:00,ACTIVITY_DROP,879.4679,2106.3929,ACTIVITY_DROP: current activity 879.47 is 0.42x the baseline 2106.39.
4470,2013-11-03 05:00:00,ACTIVITY_DROP,893.6962,2106.3929,ACTIVITY_DROP: current activity 893.70 is 0.42x the baseline 2106.39.
4470,2013-11-03 06:00:00,ACTIVITY_DROP,929.7557,2106.3929,ACTIVITY_DROP: current activity 929.76 is 0.44x the baseline 2106.39.
4470,2013-11-03 07:00:00,ACTIVITY_DROP,1022.2035,2106.3929,ACTIVITY_DROP: current activity 1022.20 is 0.49x the baseline 2106.39.
4470,2013-11-03 20:00:00,HIGH_ACTIVITY,3154.5873,2067.3455,HIGH_ACTIVITY: current activity 3154.59 is 1.53x the baseline 2067.35.
4471,2013-11-03 04:00:00,ACTIVITY_DROP,687.9775999999999,1590.6170000000002,ACTIVITY_DROP: current activity 687.98 is 0.43x the baseline 1590.62.
4471,2013-11-03 05:00:00,ACTIVITY_DROP,643.3349,1590.6170000000002,ACTIVITY_DROP: current activity 643.33 is 0.40x the baseline 1590.62.
4471,2013-11-03 06:00:00,ACTIVITY_DROP,676.2918000000001,1590.6170000000002,ACTIVITY_DROP: current activity 676.29 is 0.43x the baseline 1590.62.
4471,2013-11-03 07:00:00,ACTIVITY_DROP,723.5803,1590.6170000000002,ACTIVITY_DROP: current activity 723.58 is 0.45x the baseline 1590.62.
4471,2013-11-03 08:00:00,ACTIVITY_SPIKE,1096.8825,1590.6170000000002,ACTIVITY_SPIKE: current activity 1096.88 increased sharply from the previous hour 723.58.
4471,2013-11-03 14:00:00,HIGH_ACTIVITY,1978.8995999999997,1273.8741,HIGH_ACTIVITY: current activity 1978.90 is 1.55x the baseline 1273.87.
4472,2013-11-03 04:00:00,ACTIVITY_DROP,663.2324000000001,1539.7705,ACTIVITY_DROP: current activity 663.23 is 0.43x the baseline 1539.77.
4472,2013-11-03 05:00:00,ACTIVITY_DROP,618.8551,1539.7705,ACTIVITY_DROP: current activity 618.86 is 0.40x the baseline 1539.77.
4472,2013-11-03 06:00:00,ACTIVITY_DROP,652.4475,1539.7705,ACTIVITY_DROP: current activity 652.45 is 0.42x the baseline 1539.77.
4472,2013-11-03 07:00:00,ACTIVITY_DROP,696.5431000000001,1539.7705,ACTIVITY_DROP: current activity 696.54 is 0.45x the baseline 1539.77.
4472,2013-11-03 08:00:00,ACTIVITY_SPIKE,1057.9646,1539.7705,ACTIVITY_SPIKE: current activity 1057.96 increased sharply from the previous hour 696.54.
4472,2013-11-03 14:00:00,HIGH_ACTIVITY,1937.7502999999997,1234.1358,HIGH_ACTIVITY: current activity 1937.75 is 1.57x the baseline 1234.14.
4541,2013-11-03 03:00:00,ACTIVITY_DROP,452.3628,936.7763,ACTIVITY_DROP: current activity 452.36 is 0.48x the baseline 936.78.
4541,2013-11-03 04:00:00,ACTIVITY_DROP,369.7743,936.7763,ACTIVITY_DROP: current activity 369.77 is 0.39x the baseline 936.78.
4541,2013-11-03 05:00:00,ACTIVITY_DROP,363.3805,936.7763,ACTIVITY_DROP: current activity 363.38 is 0.39x the baseline 936.78.
4541,2013-11-03 06:00:00,ACTIVITY_DROP,368.43940000000003,936.7763,ACTIVITY_DROP: current activity 368.44 is 0.39x the baseline 936.78.
4541,2013-11-03 07:00:00,ACTIVITY_DROP,377.3778,936.7763,ACTIVITY_DROP: current activity 377.38 is 0.40x the baseline 936.78.
4542,2013-11-03 03:00:00,ACTIVITY_DROP,583.2289,1201.3908000000001,ACTIVITY_DROP: current activity 583.23 is 0.49x the baseline 1201.39.
4542,2013-11-03 04:00:00,ACTIVITY_DROP,491.36150000000004,1201.3908000000001,ACTIVITY_DROP: current activity 491.36 is 0.41x the baseline 1201.39.
4542,2013-11-03 05:00:00,ACTIVITY_DROP,464.0335,1201.3908000000001,ACTIVITY_DROP: current activity 464.03 is 0.39x the baseline 1201.39.
4542,2013-11-03 06:00:00,ACTIVITY_DROP,474.354,1201.3908000000001,ACTIVITY_DROP: current activity 474.35 is 0.39x the baseline 1201.39.
4542,2013-11-03 07:00:00,ACTIVITY_DROP,509.69160000000005,1201.3908000000001,ACTIVITY_DROP: current activity 509.69 is 0.42x the baseline 1201.39.
4543,2013-11-03 03:00:00,ACTIVITY_DROP,597.5477999999999,1326.6910000000003,ACTIVITY_DROP: current activity 597.55 is 0.45x the baseline 1326.69.
4543,2013-11-03 04:00:00,ACTIVITY_DROP,547.2009999999999,1326.6910000000003,ACTIVITY_DROP: current activity 547.20 is 0.41x the baseline 1326.69.
4543,2013-11-03 05:00:00,ACTIVITY_DROP,496.9253,1326.6910000000003,ACTIVITY_DROP: current activity 496.93 is 0.37x the baseline 1326.69.
4543,2013-11-03 06:00:00,ACTIVITY_DROP,507.7473,1326.6910000000003,ACTIVITY_DROP: current activity 507.75 is 0.38x the baseline 1326.69.
4543,2013-11-03 07:00:00,ACTIVITY_DROP,561.3029,1326.6910000000003,ACTIVITY_DROP: current activity 561.30 is 0.42x the baseline 1326.69.
4543,2013-11-03 09:00:00,ACTIVITY_SPIKE,1124.0341,1326.6910000000003,ACTIVITY_SPIKE: current activity 1124.03 increased sharply from the previous hour 724.81.
4544,2013-11-03 02:00:00,ACTIVITY_DROP,837.4074,1869.7721000000001,ACTIVITY_DROP: current activity 837.41 is 0.45x the baseline 1869.77.
4544,2013-11-03 03:00:00,ACTIVITY_DROP,740.1811,1869.7721000000001,ACTIVITY_DROP: current activity 740.18 is 0.40x the baseline 1869.77.
4544,2013-11-03 04:00:00,ACTIVITY_DROP,689.6662,1869.7721000000001,ACTIVITY_DROP: current activity 689.67 is 0.37x the baseline 1869.77.
4544,2013-11-03 05:00:00,ACTIVITY_DROP,640.2697999999999,1869.7721000000001,ACTIVITY_DROP: current activity 640.27 is 0.34x the baseline 1869.77.
4544,2013-11-03 06:00:00,ACTIVITY_DROP,651.4148,1869.7721000000001,ACTIVITY_DROP: current activity 651.41 is 0.35x the baseline 1869.77.
4544,2013-11-03 07:00:00,ACTIVITY_DROP,707.0135,1869.7721000000001,ACTIVITY_DROP: current activity 707.01 is 0.38x the baseline 1869.77.
4544,2013-11-03 21:00:00,HIGH_ACTIVITY,2745.2205000000004,1828.821,HIGH_ACTIVITY: current activity 2745.22 is 1.50x the baseline 1828.82.
4545,2013-11-03 02:00:00,ACTIVITY_DROP,1100.0213999999999,2331.9260000000004,ACTIVITY_DROP: current activity 1100.02 is 0.47x the baseline 2331.93.
4545,2013-11-03 03:00:00,ACTIVITY_DROP,930.1847,2331.9260000000004,ACTIVITY_DROP: current activity 930.18 is 0.40x the baseline 2331.93.
4545,2013-11-03 04:00:00,ACTIVITY_DROP,889.4752,2331.9260000000004,ACTIVITY_DROP: current activity 889.48 is 0.38x the baseline 2331.93.
4545,2013-11-03 05:00:00,ACTIVITY_DROP,816.6922000000001,2331.9260000000004,ACTIVITY_DROP: current activity 816.69 is 0.35x the baseline 2331.93.
4545,2013-11-03 06:00:00,ACTIVITY_DROP,822.9956000000001,2331.9260000000004,ACTIVITY_DROP: current activity 823.00 is 0.35x the baseline 2331.93.
4545,2013-11-03 07:00:00,ACTIVITY_DROP,880.2935,2331.9260000000004,ACTIVITY_DROP: current activity 880.29 is 0.38x the baseline 2331.93.
4545,2013-11-03 21:00:00,HIGH_ACTIVITY,3340.846,2215.3738000000003,HIGH_ACTIVITY: current activity 3340.85 is 1.51x the baseline 2215.37.
4546,2013-11-03 05:00:00,ACTIVITY_DROP,1116.7386999999999,2302.2127,ACTIVITY_DROP: current activity 1116.74 is 0.49x the baseline 2302.21.
4546,2013-11-03 06:00:00,ACTIVITY_DROP,1054.1745999999998,2302.2127,ACTIVITY_DROP: current activity 1054.17 is 0.46x the baseline 2302.21.
4546,2013-11-03 07:00:00,ACTIVITY_DROP,1108.1472999999999,2302.2127,ACTIVITY_DROP: current activity 1108.15 is 0.48x the baseline 2302.21.
4547,2013-11-03 04:00:00,ACTIVITY_DROP,1218.9755,2450.7855999999997,ACTIVITY_DROP: current activity 1218.98 is 0.50x the baseline 2450.79.
4547,2013-11-03 05:00:00,ACTIVITY_DROP,1042.8336000000002,2450.7855999999997,ACTIVITY_DROP: current activity 1042.83 is 0.43x the baseline 2450.79.
4547,2013-11-03 06:00:00,ACTIVITY_DROP,995.2398,2450.7855999999997,ACTIVITY_DROP: current activity 995.24 is 0.41x the baseline 2450.79.
4547,2013-11-03 07:00:00,ACTIVITY_DROP,1173.4555,2450.7855999999997,ACTIVITY_DROP: current activity 1173.46 is 0.48x the baseline 2450.79.
4547,2013-11-03 20:00:00,HIGH_ACTIVITY,3555.8504999999996,2318.0897999999997,HIGH_ACTIVITY: current activity 3555.85 is 1.53x the baseline 2318.09.
4548,2013-11-03 04:00:00,ACTIVITY_DROP,1078.6661000000001,3001.9997000000003,ACTIVITY_DROP: current activity 1078.67 is 0.36x the baseline 3002.00.
4548,2013-11-03 05:00:00,ACTIVITY_DROP,984.4054,3001.9997000000003,ACTIVITY_DROP: current activity 984.41 is 0.33x the baseline 3002.00.
4548,2013-11-03 06:00:00,ACTIVITY_DROP,1006.2139999999999,3001.9997000000003,ACTIVITY_DROP: current activity 1006.21 is 0.34x the baseline 3002.00.
4548,2013-11-03 07:00:00,ACTIVITY_DROP,1357.9592000000002,3001.9997000000003,ACTIVITY_DROP: current activity 1357.96 is 0.45x the baseline 3002.00.
4548,2013-11-03 16:00:00,HIGH_ACTIVITY,4566.1954000000005,2979.6121,HIGH_ACTIVITY: current activity 4566.20 is 1.53x the baseline 2979.61.
4548,2013-11-03 17:00:00,HIGH_ACTIVITY,5330.9419,2979.6121,HIGH_ACTIVITY: current activity 5330.94 is 1.79x the baseline 2979.61.
4548,2013-11-03 18:00:00,HIGH_ACTIVITY,5748.629599999999,2979.6121,HIGH_ACTIVITY: current activity 5748.63 is 1.93x the baseline 2979.61.
4548,2013-11-03 19:00:00,HIGH_ACTIVITY,5278.0322,2979.6121,HIGH_ACTIVITY: current activity 5278.03 is 1.77x the baseline 2979.61.
4548,2013-11-03 20:00:00,HIGH_ACTIVITY,5461.1140000000005,2979.6121,HIGH_ACTIVITY: current activity 5461.11 is 1.83x the baseline 2979.61.
4548,2013-11-03 21:00:00,HIGH_ACTIVITY,4629.876499999999,2979.6121,HIGH_ACTIVITY: current activity 4629.88 is 1.55x the baseline 2979.61.
4549,2013-11-03 03:00:00,ACTIVITY_DROP,1111.5706,2345.0190000000002,ACTIVITY_DROP: current activity 1111.57 is 0.47x the baseline 2345.02.
4549,2013-11-03 04:00:00,ACTIVITY_DROP,1015.37,2345.0190000000002,ACTIVITY_DROP: current activity 1015.37 is 0.43x the baseline 2345.02.
4549,2013-11-03 05:00:00,ACTIVITY_DROP,993.5447,2345.0190000000002,ACTIVITY_DROP: current activity 993.54 is 0.42x the baseline 2345.02.
4549,2013-11-03 06:00:00,ACTIVITY_DROP,972.0386,2345.0190000000002,ACTIVITY_DROP: current activity 972.04 is 0.41x the baseline 2345.02.
4549,2013-11-03 07:00:00,ACTIVITY_DROP,1128.1843999999999,2345.0190000000002,ACTIVITY_DROP: current activity 1128.18 is 0.48x the baseline 2345.02.
4549,2013-11-03 17:00:00,HIGH_ACTIVITY,3561.9500000000003,2221.5094,HIGH_ACTIVITY: current activity 3561.95 is 1.60x the baseline 2221.51.
4550,2013-11-03 05:00:00,ACTIVITY_DROP,742.8373,1507.7654,ACTIVITY_DROP: current activity 742.84 is 0.49x the baseline 1507.77.
4550,2013-11-03 06:00:00,ACTIVITY_DROP,684.5371,1507.7654,ACTIVITY_DROP: current activity 684.54 is 0.45x the baseline 1507.77.
4550,2013-11-03 07:00:00,ACTIVITY_DROP,679.1729,1507.7654,ACTIVITY_DROP: current activity 679.17 is 0.45x the baseline 1507.77.
4550,2013-11-03 15:00:00,HIGH_ACTIVITY,2249.881,1420.6538999999998,HIGH_ACTIVITY: current activity 2249.88 is 1.58x the baseline 1420.65.
4550,2013-11-03 16:00:00,HIGH_ACTIVITY,2131.063,1420.6538999999998,HIGH_ACTIVITY: current activity 2131.06 is 1.50x the baseline 1420.65.
4551,2013-11-03 03:00:00,ACTIVITY_DROP,699.0504000000001,1422.5642,ACTIVITY_DROP: current activity 699.05 is 0.49x the baseline 1422.56.
4551,2013-11-03 04:00:00,ACTIVITY_DROP,651.1709000000001,1422.5642,ACTIVITY_DROP: current activity 651.17 is 0.46x the baseline 1422.56.
4551,2013-11-03 05:00:00,ACTIVITY_DROP,627.9129,1422.5642,ACTIVITY_DROP: current activity 627.91 is 0.44x the baseline 1422.56.
4551,2013-11-03 06:00:00,ACTIVITY_DROP,581.0613999999999,1422.5642,ACTIVITY_DROP: current activity 581.06 is 0.41x the baseline 1422.56.
4551,2013-11-03 07:00:00,ACTIVITY_DROP,583.5078,1422.5642,ACTIVITY_DROP: current activity 583.51 is 0.41x the baseline 1422.56.
4551,2013-11-03 08:00:00,ACTIVITY_DROP,711.2485,1422.5642,ACTIVITY_DROP: current activity 711.25 is 0.50x the baseline 1422.56.
4551,2013-11-03 10:00:00,ACTIVITY_SPIKE,1243.5625,1422.5642,ACTIVITY_SPIKE: current activity 1243.56 increased sharply from the previous hour 814.50.
4551,2013-11-03 15:00:00,HIGH_ACTIVITY,2092.7507,1360.8335000000002,HIGH_ACTIVITY: current activity 2092.75 is 1.54x the baseline 1360.83.
4552,2013-11-03 03:00:00,ACTIVITY_DROP,632.6302,1411.7129,ACTIVITY_DROP: current activity 632.63 is 0.45x the baseline 1411.71.
4552,2013-11-03 04:00:00,ACTIVITY_DROP,618.6891,1411.7129,ACTIVITY_DROP: current activity 618.69 is 0.44x the baseline 1411.71.
4552,2013-11-03 05:00:00,ACTIVITY_DROP,568.7773,1411.7129,ACTIVITY_DROP: current activity 568.78 is 0.40x the baseline 1411.71.
4552,2013-11-03 06:00:00,ACTIVITY_DROP,556.6638,1411.7129,ACTIVITY_DROP: current activity 556.66 is 0.39x the baseline 1411.71.
4552,2013-11-03 07:00:00,ACTIVITY_DROP,580.4267000000001,1411.7129,ACTIVITY_DROP: current activity 580.43 is 0.41x the baseline 1411.71.
4552,2013-11-03 15:00:00,HIGH_ACTIVITY,2237.9461,1361.4857,HIGH_ACTIVITY: current activity 2237.95 is 1.64x the baseline 1361.49.
4552,2013-11-03 20:00:00,HIGH_ACTIVITY,2237.0818,1361.4857,HIGH_ACTIVITY: current activity 2237.08 is 1.64x the baseline 1361.49.
4552,2013-11-03 21:00:00,HIGH_ACTIVITY,2193.7650000000003,1361.4857,HIGH_ACTIVITY: current activity 2193.77 is 1.61x the baseline 1361.49.
4553,2013-11-03 03:00:00,ACTIVITY_DROP,1317.5497,3077.6319000000003,ACTIVITY_DROP: current activity 1317.55 is 0.43x the baseline 3077.63.
4553,2013-11-03 04:00:00,ACTIVITY_DROP,1007.4652000000001,3077.6319000000003,ACTIVITY_DROP: current activity 1007.47 is 0.33x the baseline 3077.63.
4553,2013-11-03 05:00:00,ACTIVITY_DROP,915.5884,3077.6319000000003,ACTIVITY_DROP: current activity 915.59 is 0.30x the baseline 3077.63.
4553,2013-11-03 06:00:00,ACTIVITY_DROP,895.4664,3077.6319000000003,ACTIVITY_DROP: current activity 895.47 is 0.29x the baseline 3077.63.
4553,2013-11-03 07:00:00,ACTIVITY_DROP,999.7237,3077.6319000000003,ACTIVITY_DROP: current activity 999.72 is 0.32x the baseline 3077.63.
4553,2013-11-03 08:00:00,ACTIVITY_DROP,1236.8535,3077.6319000000003,ACTIVITY_DROP: current activity 1236.85 is 0.40x the baseline 3077.63.
4554,2013-11-03 03:00:00,ACTIVITY_DROP,1471.0271000000002,3419.1186,ACTIVITY_DROP: current activity 1471.03 is 0.43x the baseline 3419.12.
4554,2013-11-03 04:00:00,ACTIVITY_DROP,1088.9201,3419.1186,ACTIVITY_DROP: current activity 1088.92 is 0.32x the baseline 3419.12.
4554,2013-11-03 05:00:00,ACTIVITY_DROP,993.5906,3419.1186,ACTIVITY_DROP: current activity 993.59 is 0.29x the baseline 3419.12.
4554,2013-11-03 06:00:00,ACTIVITY_DROP,1009.6164,3419.1186,ACTIVITY_DROP: current activity 1009.62 is 0.30x the baseline 3419.12.
4554,2013-11-03 07:00:00,ACTIVITY_DROP,1136.5059999999999,3419.1186,ACTIVITY_DROP: current activity 1136.51 is 0.33x the baseline 3419.12.
4554,2013-11-03 08:00:00,ACTIVITY_DROP,1393.2755,3419.1186,ACTIVITY_DROP: current activity 1393.28 is 0.41x the baseline 3419.12.
4555,2013-11-03 00:00:00,HIGH_ACTIVITY,6089.3473,3486.4028,HIGH_ACTIVITY: current activity 6089.35 is 1.75x the baseline 3486.40.
4555,2013-11-03 03:00:00,ACTIVITY_DROP,1848.7633,3755.381799999999,ACTIVITY_DROP: current activity 1848.76 is 0.49x the baseline 3755.38.
4555,2013-11-03 04:00:00,ACTIVITY_DROP,1407.3646999999999,3755.381799999999,ACTIVITY_DROP: current activity 1407.36 is 0.37x the baseline 3755.38.
4555,2013-11-03 05:00:00,ACTIVITY_DROP,1240.3629,3755.381799999999,ACTIVITY_DROP: current activity 1240.36 is 0.33x the baseline 3755.38.
4555,2013-11-03 06:00:00,ACTIVITY_DROP,1120.0279,3755.381799999999,ACTIVITY_DROP: current activity 1120.03 is 0.30x the baseline 3755.38.
4555,2013-11-03 07:00:00,ACTIVITY_DROP,1144.3583,3755.381799999999,ACTIVITY_DROP: current activity 1144.36 is 0.30x the baseline 3755.38.
4555,2013-11-03 08:00:00,ACTIVITY_DROP,1426.5514,3755.381799999999,ACTIVITY_DROP: current activity 1426.55 is 0.38x the baseline 3755.38.
4555,2013-11-03 21:00:00,HIGH_ACTIVITY,5846.4034999999985,3486.4028,HIGH_ACTIVITY: current activity 5846.40 is 1.68x the baseline 3486.40.
4555,2013-11-03 22:00:00,HIGH_ACTIVITY,5595.4558,3486.4028,HIGH_ACTIVITY: current activity 5595.46 is 1.60x the baseline 3486.40.
4556,2013-11-03 00:00:00,HIGH_ACTIVITY,6820.6098,3989.5310999999997,HIGH_ACTIVITY: current activity 6820.61 is 1.71x the baseline 3989.53.
4556,2013-11-03 03:00:00,ACTIVITY_DROP,1993.0837,4038.2700999999997,ACTIVITY_DROP: current activity 1993.08 is 0.49x the baseline 4038.27.
4556,2013-11-03 04:00:00,ACTIVITY_DROP,1556.2488,4038.2700999999997,ACTIVITY_DROP: current activity 1556.25 is 0.39x the baseline 4038.27.
4556,2013-11-03 05:00:00,ACTIVITY_DROP,1358.4160000000002,4038.2700999999997,ACTIVITY_DROP: current activity 1358.42 is 0.34x the baseline 4038.27.
4556,2013-11-03 06:00:00,ACTIVITY_DROP,1238.3389,4038.2700999999997,ACTIVITY_DROP: current activity 1238.34 is 0.31x the baseline 4038.27.
4556,2013-11-03 07:00:00,ACTIVITY_DROP,1199.6098,4038.2700999999997,ACTIVITY_DROP: current activity 1199.61 is 0.30x the baseline 4038.27.
4556,2013-11-03 08:00:00,ACTIVITY_DROP,1446.3428999999999,4038.2700999999997,ACTIVITY_DROP: current activity 1446.34 is 0.36x the baseline 4038.27.
4556,2013-11-03 09:00:00,ACTIVITY_SPIKE,2225.5172,4038.2700999999997,ACTIVITY_SPIKE: current activity 2225.52 increased sharply from the previous hour 1446.34.
4556,2013-11-03 11:00:00,ACTIVITY_SPIKE,3989.5310999999997,4038.2700999999997,ACTIVITY_SPIKE: current activity 3989.53 increased sharply from the previous hour 2592.37.
4556,2013-11-03 21:00:00,HIGH_ACTIVITY,6474.0548,3989.5310999999997,HIGH_ACTIVITY: current activity 6474.05 is 1.62x the baseline 3989.53.
4556,2013-11-03 22:00:00,HIGH_ACTIVITY,6128.8063999999995,3989.5310999999997,HIGH_ACTIVITY: current activity 6128.81 is 1.54x the baseline 3989.53.
4557,2013-11-03 03:00:00,ACTIVITY_DROP,1410.6012,2841.5928000000004,ACTIVITY_DROP: current activity 1410.60 is 0.50x the baseline 2841.59.
4557,2013-11-03 04:00:00,ACTIVITY_DROP,1078.7728,2841.5928000000004,ACTIVITY_DROP: current activity 1078.77 is 0.38x the baseline 2841.59.
4557,2013-11-03 05:00:00,ACTIVITY_DROP,1021.6707,2841.5928000000004,ACTIVITY_DROP: current activity 1021.67 is 0.36x the baseline 2841.59.
4557,2013-11-03 06:00:00,ACTIVITY_DROP,1066.3709000000001,2841.5928000000004,ACTIVITY_DROP: current activity 1066.37 is 0.38x the baseline 2841.59.
4557,2013-11-03 07:00:00,ACTIVITY_DROP,1056.371,2841.5928000000004,ACTIVITY_DROP: current activity 1056.37 is 0.37x the baseline 2841.59.
4557,2013-11-03 08:00:00,ACTIVITY_DROP,1206.4973000000002,2841.5928000000004,ACTIVITY_DROP: current activity 1206.50 is 0.42x the baseline 2841.59.
4557,2013-11-03 21:00:00,HIGH_ACTIVITY,4278.6941,2746.75,HIGH_ACTIVITY: current activity 4278.69 is 1.56x the baseline 2746.75.
4558,2013-11-03 04:00:00,ACTIVITY_DROP,1125.0248000000001,2449.1526999999996,ACTIVITY_DROP: current activity 1125.02 is 0.46x the baseline 2449.15.
4558,2013-11-03 05:00:00,ACTIVITY_DROP,1121.0977,2449.1526999999996,ACTIVITY_DROP: current activity 1121.10 is 0.46x the baseline 2449.15.
4558,2013-11-03 06:00:00,ACTIVITY_DROP,1218.7914999999998,2449.1526999999996,ACTIVITY_DROP: current activity 1218.79 is 0.50x the baseline 2449.15.
4558,2013-11-03 21:00:00,HIGH_ACTIVITY,3981.1335,2397.9057000000003,HIGH_ACTIVITY: current activity 3981.13 is 1.66x the baseline 2397.91.
4559,2013-11-03 03:00:00,ACTIVITY_DROP,1229.3044999999997,2514.4517,ACTIVITY_DROP: current activity 1229.30 is 0.49x the baseline 2514.45.
4559,2013-11-03 04:00:00,ACTIVITY_DROP,1151.3961,2514.4517,ACTIVITY_DROP: current activity 1151.40 is 0.46x the baseline 2514.45.
4559,2013-11-03 05:00:00,ACTIVITY_DROP,1106.4667,2514.4517,ACTIVITY_DROP: current activity 1106.47 is 0.44x the baseline 2514.45.
4559,2013-11-03 06:00:00,ACTIVITY_DROP,1009.3385,2514.4517,ACTIVITY_DROP: current activity 1009.34 is 0.40x the baseline 2514.45.
4559,2013-11-03 07:00:00,ACTIVITY_DROP,1165.9129,2514.4517,ACTIVITY_DROP: current activity 1165.91 is 0.46x the baseline 2514.45.
4559,2013-11-03 18:00:00,HIGH_ACTIVITY,4093.4284000000002,2486.2597000000005,HIGH_ACTIVITY: current activity 4093.43 is 1.65x the baseline 2486.26.
4559,2013-11-03 19:00:00,HIGH_ACTIVITY,3957.5219000000006,2486.2597000000005,HIGH_ACTIVITY: current activity 3957.52 is 1.59x the baseline 2486.26.
4559,2013-11-03 21:00:00,HIGH_ACTIVITY,4341.09,2486.2597000000005,HIGH_ACTIVITY: current activity 4341.09 is 1.75x the baseline 2486.26.
4559,2013-11-03 22:00:00,HIGH_ACTIVITY,4668.889300000001,2486.2597000000005,HIGH_ACTIVITY: current activity 4668.89 is 1.88x the baseline 2486.26.
4559,2013-11-03 23:00:00,HIGH_ACTIVITY,4351.4469,2486.2597000000005,HIGH_ACTIVITY: current activity 4351.45 is 1.75x the baseline 2486.26.
4560,2013-11-03 03:00:00,ACTIVITY_DROP,976.5205000000001,2139.8939,ACTIVITY_DROP: current activity 976.52 is 0.46x the baseline 2139.89.
4560,2013-11-03 04:00:00,ACTIVITY_DROP,856.4226,2139.8939,ACTIVITY_DROP: current activity 856.42 is 0.40x the baseline 2139.89.
4560,2013-11-03 05:00:00,ACTIVITY_DROP,866.6043999999999,2139.8939,ACTIVITY_DROP: current activity 866.60 is 0.40x the baseline 2139.89.
4560,2013-11-03 06:00:00,ACTIVITY_DROP,859.2330000000001,2139.8939,ACTIVITY_DROP: current activity 859.23 is 0.40x the baseline 2139.89.
4560,2013-11-03 07:00:00,ACTIVITY_DROP,914.8977,2139.8939,ACTIVITY_DROP: current activity 914.90 is 0.43x the baseline 2139.89.
4560,2013-11-03 19:00:00,HIGH_ACTIVITY,3156.1898,2080.8633,HIGH_ACTIVITY: current activity 3156.19 is 1.52x the baseline 2080.86.
4560,2013-11-03 21:00:00,HIGH_ACTIVITY,3380.0447,2080.8633,HIGH_ACTIVITY: current activity 3380.04 is 1.62x the baseline 2080.86.
4561,2013-11-03 04:00:00,ACTIVITY_DROP,1204.66,2707.673,ACTIVITY_DROP: current activity 1204.66 is 0.44x the baseline 2707.67.
4561,2013-11-03 05:00:00,ACTIVITY_DROP,1123.9472,2707.673,ACTIVITY_DROP: current activity 1123.95 is 0.42x the baseline 2707.67.
4561,2013-11-03 06:00:00,ACTIVITY_DROP,1024.3551,2707.673,ACTIVITY_DROP: current activity 1024.36 is 0.38x the baseline 2707.67.
4561,2013-11-03 07:00:00,ACTIVITY_DROP,1040.6362,2707.673,ACTIVITY_DROP: current activity 1040.64 is 0.38x the baseline 2707.67.
4561,2013-11-03 08:00:00,ACTIVITY_DROP,1324.0965999999999,2707.673,ACTIVITY_DROP: current activity 1324.10 is 0.49x the baseline 2707.67.
4562,2013-11-03 04:00:00,ACTIVITY_DROP,837.3091999999999,1906.3490000000002,ACTIVITY_DROP: current activity 837.31 is 0.44x the baseline 1906.35.
4562,2013-11-03 05:00:00,ACTIVITY_DROP,735.2551,1906.3490000000002,ACTIVITY_DROP: current activity 735.26 is 0.39x the baseline 1906.35.
4562,2013-11-03 06:00:00,ACTIVITY_DROP,631.8748,1906.3490000000002,ACTIVITY_DROP: current activity 631.87 is 0.33x the baseline 1906.35.
4562,2013-11-03 07:00:00,ACTIVITY_DROP,638.0646,1906.3490000000002,ACTIVITY_DROP: current activity 638.06 is 0.33x the baseline 1906.35.
4562,2013-11-03 08:00:00,ACTIVITY_DROP,853.5609,1906.3490000000002,ACTIVITY_DROP: current activity 853.56 is 0.45x the baseline 1906.35.
4566,2013-11-03 03:00:00,ACTIVITY_DROP,827.861,1919.876,ACTIVITY_DROP: current activity 827.86 is 0.43x the baseline 1919.88.
4566,2013-11-03 04:00:00,ACTIVITY_DROP,726.7092,1919.876,ACTIVITY_DROP: current activity 726.71 is 0.38x the baseline 1919.88.
4566,2013-11-03 05:00:00,ACTIVITY_DROP,815.4426,1919.876,ACTIVITY_DROP: current activity 815.44 is 0.42x the baseline 1919.88.
4566,2013-11-03 06:00:00,ACTIVITY_DROP,813.9484,1919.876,ACTIVITY_DROP: current activity 813.95 is 0.42x the baseline 1919.88.
4566,2013-11-03 07:00:00,ACTIVITY_DROP,903.9288999999999,1919.876,ACTIVITY_DROP: current activity 903.93 is 0.47x the baseline 1919.88.
4566,2013-11-03 10:00:00,ACTIVITY_SPIKE,1856.855,1919.876,ACTIVITY_SPIKE: current activity 1856.86 increased sharply from the previous hour 1177.32.
4566,2013-11-03 18:00:00,HIGH_ACTIVITY,2795.7654,1856.855,HIGH_ACTIVITY: current activity 2795.77 is 1.51x the baseline 1856.86.
4567,2013-11-03 02:00:00,ACTIVITY_DROP,614.9591,1241.8231,ACTIVITY_DROP: current activity 614.96 is 0.50x the baseline 1241.82.
4567,2013-11-03 03:00:00,ACTIVITY_DROP,541.4961000000001,1241.8231,ACTIVITY_DROP: current activity 541.50 is 0.44x the baseline 1241.82.
4567,2013-11-03 04:00:00,ACTIVITY_DROP,573.5696,1241.8231,ACTIVITY_DROP: current activity 573.57 is 0.46x the baseline 1241.82.
4567,2013-11-03 06:00:00,ACTIVITY_DROP,592.8534999999999,1241.8231,ACTIVITY_DROP: current activity 592.85 is 0.48x the baseline 1241.82.
4567,2013-11-03 13:00:00,HIGH_ACTIVITY,1973.5203999999999,1218.5375000000001,HIGH_ACTIVITY: current activity 1973.52 is 1.62x the baseline 1218.54.
4567,2013-11-03 22:00:00,HIGH_ACTIVITY,1992.548,1218.5375000000001,HIGH_ACTIVITY: current activity 1992.55 is 1.64x the baseline 1218.54.
4568,2013-11-03 03:00:00,ACTIVITY_DROP,650.6365999999999,1388.0816,ACTIVITY_DROP: current activity 650.64 is 0.47x the baseline 1388.08.
4568,2013-11-03 05:00:00,ACTIVITY_DROP,617.5434999999999,1388.0816,ACTIVITY_DROP: current activity 617.54 is 0.44x the baseline 1388.08.
4568,2013-11-03 06:00:00,ACTIVITY_DROP,587.6641,1388.0816,ACTIVITY_DROP: current activity 587.66 is 0.42x the baseline 1388.08.
4569,2013-11-03 03:00:00,ACTIVITY_DROP,844.3966,1689.4605999999999,ACTIVITY_DROP: current activity 844.40 is 0.50x the baseline 1689.46.
4569,2013-11-03 05:00:00,ACTIVITY_DROP,734.1409,1689.4605999999999,ACTIVITY_DROP: current activity 734.14 is 0.43x the baseline 1689.46.
4569,2013-11-03 06:00:00,ACTIVITY_DROP,759.6362,1689.4605999999999,ACTIVITY_DROP: current activity 759.64 is 0.45x the baseline 1689.46.
4570,2013-11-03 05:00:00,ACTIVITY_DROP,942.5762,1983.9276999999997,ACTIVITY_DROP: current activity 942.58 is 0.48x the baseline 1983.93.
4570,2013-11-03 06:00:00,ACTIVITY_DROP,935.1610000000001,1983.9276999999997,ACTIVITY_DROP: current activity 935.16 is 0.47x the baseline 1983.93.
4570,2013-11-03 07:00:00,ACTIVITY_DROP,945.3633,1983.9276999999997,ACTIVITY_DROP: current activity 945.36 is 0.48x the baseline 1983.93.
4570,2013-11-03 18:00:00,HIGH_ACTIVITY,2906.6124,1918.375,HIGH_ACTIVITY: current activity 2906.61 is 1.52x the baseline 1918.38.
4571,2013-11-03 04:00:00,ACTIVITY_DROP,693.8369,1483.0342999999998,ACTIVITY_DROP: current activity 693.84 is 0.47x the baseline 1483.03.
4571,2013-11-03 05:00:00,ACTIVITY_DROP,648.0574,1483.0342999999998,ACTIVITY_DROP: current activity 648.06 is 0.44x the baseline 1483.03.
4571,2013-11-03 06:00:00,ACTIVITY_DROP,664.3927,1483.0342999999998,ACTIVITY_DROP: current activity 664.39 is 0.45x the baseline 1483.03.
4571,2013-11-03 07:00:00,ACTIVITY_DROP,694.2378,1483.0342999999998,ACTIVITY_DROP: current activity 694.24 is 0.47x the baseline 1483.03.
4641,2013-11-03 03:00:00,ACTIVITY_DROP,547.0421,1143.6209,ACTIVITY_DROP: current activity 547.04 is 0.48x the baseline 1143.62.
4641,2013-11-03 04:00:00,ACTIVITY_DROP,450.2437,1143.6209,ACTIVITY_DROP: current activity 450.24 is 0.39x the baseline 1143.62.
4641,2013-11-03 05:00:00,ACTIVITY_DROP,510.9804,1143.6209,ACTIVITY_DROP: current activity 510.98 is 0.45x the baseline 1143.62.
4641,2013-11-03 06:00:00,ACTIVITY_DROP,524.7513,1143.6209,ACTIVITY_DROP: current activity 524.75 is 0.46x the baseline 1143.62.
4641,2013-11-03 07:00:00,ACTIVITY_DROP,501.52920000000006,1143.6209,ACTIVITY_DROP: current activity 501.53 is 0.44x the baseline 1143.62.
4641,2013-11-03 08:00:00,ACTIVITY_SPIKE,803.3915000000001,1143.6209,ACTIVITY_SPIKE: current activity 803.39 increased sharply from the previous hour 501.53.
4642,2013-11-03 03:00:00,ACTIVITY_DROP,581.6892,1262.6275999999998,ACTIVITY_DROP: current activity 581.69 is 0.46x the baseline 1262.63.
4642,2013-11-03 04:00:00,ACTIVITY_DROP,567.1272,1262.6275999999998,ACTIVITY_DROP: current activity 567.13 is 0.45x the baseline 1262.63.
4642,2013-11-03 05:00:00,ACTIVITY_DROP,542.8572999999999,1262.6275999999998,ACTIVITY_DROP: current activity 542.86 is 0.43x the baseline 1262.63.
4642,2013-11-03 06:00:00,ACTIVITY_DROP,548.1238999999999,1262.6275999999998,ACTIVITY_DROP: current activity 548.12 is 0.43x the baseline 1262.63.
4642,2013-11-03 07:00:00,ACTIVITY_DROP,586.6541,1262.6275999999998,ACTIVITY_DROP: current activity 586.65 is 0.46x the baseline 1262.63.
4643,2013-11-03 02:00:00,ACTIVITY_DROP,604.1352999999999,1286.577,ACTIVITY_DROP: current activity 604.14 is 0.47x the baseline 1286.58.
4643,2013-11-03 03:00:00,ACTIVITY_DROP,570.7801,1286.577,ACTIVITY_DROP: current activity 570.78 is 0.44x the baseline 1286.58.
4643,2013-11-03 04:00:00,ACTIVITY_DROP,574.0089,1286.577,ACTIVITY_DROP: current activity 574.01 is 0.45x the baseline 1286.58.
4643,2013-11-03 05:00:00,ACTIVITY_DROP,510.6842,1286.577,ACTIVITY_DROP: current activity 510.68 is 0.40x the baseline 1286.58.
4643,2013-11-03 06:00:00,ACTIVITY_DROP,506.5635,1286.577,ACTIVITY_DROP: current activity 506.56 is 0.39x the baseline 1286.58.
4643,2013-11-03 07:00:00,ACTIVITY_DROP,562.068,1286.577,ACTIVITY_DROP: current activity 562.07 is 0.44x the baseline 1286.58.
4643,2013-11-03 09:00:00,ACTIVITY_SPIKE,1113.4659000000001,1286.577,ACTIVITY_SPIKE: current activity 1113.47 increased sharply from the previous hour 643.36.
4644,2013-11-03 02:00:00,ACTIVITY_DROP,657.5312999999999,1401.1145,ACTIVITY_DROP: current activity 657.53 is 0.47x the baseline 1401.11.
4644,2013-11-03 03:00:00,ACTIVITY_DROP,613.2727,1401.1145,ACTIVITY_DROP: current activity 613.27 is 0.44x the baseline 1401.11.
4644,2013-11-03 04:00:00,ACTIVITY_DROP,607.7105,1401.1145,ACTIVITY_DROP: current activity 607.71 is 0.43x the baseline 1401.11.
4644,2013-11-03 05:00:00,ACTIVITY_DROP,553.4787,1401.1145,ACTIVITY_DROP: current activity 553.48 is 0.40x the baseline 1401.11.
4644,2013-11-03 06:00:00,ACTIVITY_DROP,549.2155,1401.1145,ACTIVITY_DROP: current activity 549.22 is 0.39x the baseline 1401.11.
4644,2013-11-03 07:00:00,ACTIVITY_DROP,603.8485000000001,1401.1145,ACTIVITY_DROP: current activity 603.85 is 0.43x the baseline 1401.11.
4644,2013-11-03 09:00:00,ACTIVITY_SPIKE,1201.8642,1401.1145,ACTIVITY_SPIKE: current activity 1201.86 increased sharply from the previous hour 730.01.
4645,2013-11-03 03:00:00,ACTIVITY_DROP,683.4223999999999,1512.1794000000002,ACTIVITY_DROP: current activity 683.42 is 0.45x the baseline 1512.18.
4645,2013-11-03 04:00:00,ACTIVITY_DROP,608.6161,1512.1794000000002,ACTIVITY_DROP: current activity 608.62 is 0.40x the baseline 1512.18.
4645,2013-11-03 05:00:00,ACTIVITY_DROP,635.0089,1512.1794000000002,ACTIVITY_DROP: current activity 635.01 is 0.42x the baseline 1512.18.
4645,2013-11-03 06:00:00,ACTIVITY_DROP,630.0169,1512.1794000000002,ACTIVITY_DROP: current activity 630.02 is 0.42x the baseline 1512.18.
4645,2013-11-03 07:00:00,ACTIVITY_DROP,636.7574999999999,1512.1794000000002,ACTIVITY_DROP: current activity 636.76 is 0.42x the baseline 1512.18.
4646,2013-11-03 03:00:00,ACTIVITY_DROP,662.7861,1442.4921,ACTIVITY_DROP: current activity 662.79 is 0.46x the baseline 1442.49.
4646,2013-11-03 04:00:00,ACTIVITY_DROP,587.3598,1442.4921,ACTIVITY_DROP: current activity 587.36 is 0.41x the baseline 1442.49.
4646,2013-11-03 05:00:00,ACTIVITY_DROP,620.4033,1442.4921,ACTIVITY_DROP: current activity 620.40 is 0.43x the baseline 1442.49.
4646,2013-11-03 06:00:00,ACTIVITY_DROP,613.6422,1442.4921,ACTIVITY_DROP: current activity 613.64 is 0.43x the baseline 1442.49.
4646,2013-11-03 07:00:00,ACTIVITY_DROP,614.8063,1442.4921,ACTIVITY_DROP: current activity 614.81 is 0.43x the baseline 1442.49.
4647,2013-11-03 05:00:00,ACTIVITY_DROP,1287.467,2577.017,ACTIVITY_DROP: current activity 1287.47 is 0.50x the baseline 2577.02.
4647,2013-11-03 06:00:00,ACTIVITY_DROP,1118.7964,2577.017,ACTIVITY_DROP: current activity 1118.80 is 0.43x the baseline 2577.02.
4647,2013-11-03 07:00:00,ACTIVITY_DROP,1218.1100000000001,2577.017,ACTIVITY_DROP: current activity 1218.11 is 0.47x the baseline 2577.02.
4648,2013-11-03 05:00:00,ACTIVITY_DROP,1728.2242999999999,3491.6086999999998,ACTIVITY_DROP: current activity 1728.22 is 0.49x the baseline 3491.61.
4648,2013-11-03 06:00:00,ACTIVITY_DROP,1541.9229000000003,3491.6086999999998,ACTIVITY_DROP: current activity 1541.92 is 0.44x the baseline 3491.61.
4648,2013-11-03 07:00:00,ACTIVITY_DROP,1743.6485,3491.6086999999998,ACTIVITY_DROP: current activity 1743.65 is 0.50x the baseline 3491.61.
4648,2013-11-03 17:00:00,HIGH_ACTIVITY,5355.7245,3478.8675999999996,HIGH_ACTIVITY: current activity 5355.72 is 1.54x the baseline 3478.87.
4648,2013-11-03 20:00:00,HIGH_ACTIVITY,5389.218000000001,3478.8675999999996,HIGH_ACTIVITY: current activity 5389.22 is 1.55x the baseline 3478.87.
4648,2013-11-03 21:00:00,HIGH_ACTIVITY,5436.612400000001,3478.8675999999996,HIGH_ACTIVITY: current activity 5436.61 is 1.56x the baseline 3478.87.
4649,2013-11-03 02:00:00,ACTIVITY_DROP,1101.818,2204.6313,ACTIVITY_DROP: current activity 1101.82 is 0.50x the baseline 2204.63.
4649,2013-11-03 03:00:00,ACTIVITY_DROP,1039.9783,2204.6313,ACTIVITY_DROP: current activity 1039.98 is 0.47x the baseline 2204.63.
4649,2013-11-03 04:00:00,ACTIVITY_DROP,1053.8774999999998,2204.6313,ACTIVITY_DROP: current activity 1053.88 is 0.48x the baseline 2204.63.
4649,2013-11-03 05:00:00,ACTIVITY_DROP,1086.6515000000002,2204.6313,ACTIVITY_DROP: current activity 1086.65 is 0.49x the baseline 2204.63.
4649,2013-11-03 06:00:00,ACTIVITY_DROP,1043.9909,2204.6313,ACTIVITY_DROP: current activity 1043.99 is 0.47x the baseline 2204.63.
4649,2013-11-03 17:00:00,HIGH_ACTIVITY,3426.0828999999994,2108.6515,HIGH_ACTIVITY: current activity 3426.08 is 1.62x the baseline 2108.65.
4650,2013-11-03 02:00:00,ACTIVITY_DROP,1015.3275,2223.3259000000003,ACTIVITY_DROP: current activity 1015.33 is 0.46x the baseline 2223.33.
4650,2013-11-03 03:00:00,ACTIVITY_DROP,896.7588,2223.3259000000003,ACTIVITY_DROP: current activity 896.76 is 0.40x the baseline 2223.33.
4650,2013-11-03 04:00:00,ACTIVITY_DROP,751.8506,2223.3259000000003,ACTIVITY_DROP: current activity 751.85 is 0.34x the baseline 2223.33.
4650,2013-11-03 05:00:00,ACTIVITY_DROP,886.3533,2223.3259000000003,ACTIVITY_DROP: current activity 886.35 is 0.40x the baseline 2223.33.
4650,2013-11-03 06:00:00,ACTIVITY_DROP,744.8378,2223.3259000000003,ACTIVITY_DROP: current activity 744.84 is 0.34x the baseline 2223.33.
4650,2013-11-03 07:00:00,ACTIVITY_DROP,766.1668999999999,2223.3259000000003,ACTIVITY_DROP: current activity 766.17 is 0.34x the baseline 2223.33.
4650,2013-11-03 08:00:00,ACTIVITY_DROP,1110.7698,2223.3259000000003,ACTIVITY_DROP: current activity 1110.77 is 0.50x the baseline 2223.33.
4651,2013-11-03 02:00:00,ACTIVITY_DROP,1057.8618000000001,2194.0146,ACTIVITY_DROP: current activity 1057.86 is 0.48x the baseline 2194.01.
4651,2013-11-03 03:00:00,ACTIVITY_DROP,939.7794,2194.0146,ACTIVITY_DROP: current activity 939.78 is 0.43x the baseline 2194.01.
4651,2013-11-03 04:00:00,ACTIVITY_DROP,751.5975000000001,2194.0146,ACTIVITY_DROP: current activity 751.60 is 0.34x the baseline 2194.01.
4651,2013-11-03 05:00:00,ACTIVITY_DROP,869.6764,2194.0146,ACTIVITY_DROP: current activity 869.68 is 0.40x the baseline 2194.01.
4651,2013-11-03 06:00:00,ACTIVITY_DROP,714.0236,2194.0146,ACTIVITY_DROP: current activity 714.02 is 0.33x the baseline 2194.01.
4651,2013-11-03 07:00:00,ACTIVITY_DROP,763.3325,2194.0146,ACTIVITY_DROP: current activity 763.33 is 0.35x the baseline 2194.01.
4651,2013-11-03 08:00:00,ACTIVITY_DROP,1061.3589,2194.0146,ACTIVITY_DROP: current activity 1061.36 is 0.48x the baseline 2194.01.
4651,2013-11-03 10:00:00,ACTIVITY_SPIKE,2083.8929000000003,2194.0146,ACTIVITY_SPIKE: current activity 2083.89 increased sharply from the previous hour 1383.91.
4652,2013-11-03 04:00:00,ACTIVITY_DROP,1111.1116000000002,2520.1977,ACTIVITY_DROP: current activity 1111.11 is 0.44x the baseline 2520.20.
4652,2013-11-03 05:00:00,ACTIVITY_DROP,1031.6382,2520.1977,ACTIVITY_DROP: current activity 1031.64 is 0.41x the baseline 2520.20.
4652,2013-11-03 06:00:00,ACTIVITY_DROP,953.1843,2520.1977,ACTIVITY_DROP: current activity 953.18 is 0.38x the baseline 2520.20.
4652,2013-11-03 07:00:00,ACTIVITY_DROP,1086.0899,2520.1977,ACTIVITY_DROP: current activity 1086.09 is 0.43x the baseline 2520.20.
4653,2013-11-03 03:00:00,ACTIVITY_DROP,1686.2879,3756.2871000000005,ACTIVITY_DROP: current activity 1686.29 is 0.45x the baseline 3756.29.
4653,2013-11-03 04:00:00,ACTIVITY_DROP,1206.738,3756.2871000000005,ACTIVITY_DROP: current activity 1206.74 is 0.32x the baseline 3756.29.
4653,2013-11-03 05:00:00,ACTIVITY_DROP,1101.1912,3756.2871000000005,ACTIVITY_DROP: current activity 1101.19 is 0.29x the baseline 3756.29.
4653,2013-11-03 06:00:00,ACTIVITY_DROP,1154.6309999999999,3756.2871000000005,ACTIVITY_DROP: current activity 1154.63 is 0.31x the baseline 3756.29.
4653,2013-11-03 07:00:00,ACTIVITY_DROP,1332.8396,3756.2871000000005,ACTIVITY_DROP: current activity 1332.84 is 0.35x the baseline 3756.29.
4653,2013-11-03 08:00:00,ACTIVITY_DROP,1706.9008999999999,3756.2871000000005,ACTIVITY_DROP: current activity 1706.90 is 0.45x the baseline 3756.29.
4654,2013-11-03 03:00:00,ACTIVITY_DROP,1832.8889,3963.66,ACTIVITY_DROP: current activity 1832.89 is 0.46x the baseline 3963.66.
4654,2013-11-03 04:00:00,ACTIVITY_DROP,1367.8183,3963.66,ACTIVITY_DROP: current activity 1367.82 is 0.35x the baseline 3963.66.
4654,2013-11-03 05:00:00,ACTIVITY_DROP,1282.8444,3963.66,ACTIVITY_DROP: current activity 1282.84 is 0.32x the baseline 3963.66.
4654,2013-11-03 06:00:00,ACTIVITY_DROP,1333.1446000000003,3963.66,ACTIVITY_DROP: current activity 1333.14 is 0.34x the baseline 3963.66.
4654,2013-11-03 07:00:00,ACTIVITY_DROP,1529.4842999999998,3963.66,ACTIVITY_DROP: current activity 1529.48 is 0.39x the baseline 3963.66.
4654,2013-11-03 08:00:00,ACTIVITY_DROP,1880.611,3963.66,ACTIVITY_DROP: current activity 1880.61 is 0.47x the baseline 3963.66.
4655,2013-11-03 03:00:00,ACTIVITY_DROP,1965.7593,4433.9352,ACTIVITY_DROP: current activity 1965.76 is 0.44x the baseline 4433.94.
4655,2013-11-03 04:00:00,ACTIVITY_DROP,1638.6226,4433.9352,ACTIVITY_DROP: current activity 1638.62 is 0.37x the baseline 4433.94.
4655,2013-11-03 05:00:00,ACTIVITY_DROP,1511.8209,4433.9352,ACTIVITY_DROP: current activity 1511.82 is 0.34x the baseline 4433.94.
4655,2013-11-03 06:00:00,ACTIVITY_DROP,1438.1524,4433.9352,ACTIVITY_DROP: current activity 1438.15 is 0.32x the baseline 4433.94.
4655,2013-11-03 07:00:00,ACTIVITY_DROP,1551.3436,4433.9352,ACTIVITY_DROP: current activity 1551.34 is 0.35x the baseline 4433.94.
4655,2013-11-03 08:00:00,ACTIVITY_DROP,1980.7347,4433.9352,ACTIVITY_DROP: current activity 1980.73 is 0.45x the baseline 4433.94.
4656,2013-11-03 00:00:00,HIGH_ACTIVITY,6269.6016,3734.1825999999996,HIGH_ACTIVITY: current activity 6269.60 is 1.68x the baseline 3734.18.
4656,2013-11-03 03:00:00,ACTIVITY_DROP,1975.781,4007.5054999999998,ACTIVITY_DROP: current activity 1975.78 is 0.49x the baseline 4007.51.
4656,2013-11-03 04:00:00,ACTIVITY_DROP,1503.5835,4007.5054999999998,ACTIVITY_DROP: current activity 1503.58 is 0.38x the baseline 4007.51.
4656,2013-11-03 05:00:00,ACTIVITY_DROP,1300.4609999999998,4007.5054999999998,ACTIVITY_DROP: current activity 1300.46 is 0.32x the baseline 4007.51.
4656,2013-11-03 06:00:00,ACTIVITY_DROP,1220.743,4007.5054999999998,ACTIVITY_DROP: current activity 1220.74 is 0.30x the baseline 4007.51.
4656,2013-11-03 07:00:00,ACTIVITY_DROP,1188.2541,4007.5054999999998,ACTIVITY_DROP: current activity 1188.25 is 0.30x the baseline 4007.51.
4656,2013-11-03 08:00:00,ACTIVITY_DROP,1529.6179,4007.5054999999998,ACTIVITY_DROP: current activity 1529.62 is 0.38x the baseline 4007.51.
4656,2013-11-03 21:00:00,HIGH_ACTIVITY,5831.260499999999,3734.1825999999996,HIGH_ACTIVITY: current activity 5831.26 is 1.56x the baseline 3734.18.
4657,2013-11-03 04:00:00,ACTIVITY_DROP,706.9702,2196.929,ACTIVITY_DROP: current activity 706.97 is 0.32x the baseline 2196.93.
4657,2013-11-03 05:00:00,ACTIVITY_DROP,614.0257999999999,2196.929,ACTIVITY_DROP: current activity 614.03 is 0.28x the baseline 2196.93.
4657,2013-11-03 06:00:00,ACTIVITY_DROP,693.4825999999999,2196.929,ACTIVITY_DROP: current activity 693.48 is 0.32x the baseline 2196.93.
4657,2013-11-03 07:00:00,ACTIVITY_DROP,637.7808,2196.929,ACTIVITY_DROP: current activity 637.78 is 0.29x the baseline 2196.93.
4657,2013-11-03 08:00:00,ACTIVITY_DROP,769.5398000000001,2196.929,ACTIVITY_DROP: current activity 769.54 is 0.35x the baseline 2196.93.
4657,2013-11-03 09:00:00,ACTIVITY_DROP,918.3277999999999,2196.929,ACTIVITY_DROP: current activity 918.33 is 0.42x the baseline 2196.93.
4657,2013-11-03 10:00:00,ACTIVITY_SPIKE,1393.194,2196.929,ACTIVITY_SPIKE: current activity 1393.19 increased sharply from the previous hour 918.33.
4658,2013-11-03 05:00:00,ACTIVITY_DROP,970.2549,2163.052,ACTIVITY_DROP: current activity 970.25 is 0.45x the baseline 2163.05.
4659,2013-11-03 03:00:00,ACTIVITY_DROP,1222.4325000000001,2485.0105999999996,ACTIVITY_DROP: current activity 1222.43 is 0.49x the baseline 2485.01.
4659,2013-11-03 04:00:00,ACTIVITY_DROP,1106.7989,2485.0105999999996,ACTIVITY_DROP: current activity 1106.80 is 0.45x the baseline 2485.01.
4659,2013-11-03 05:00:00,ACTIVITY_DROP,1125.0426,2485.0105999999996,ACTIVITY_DROP: current activity 1125.04 is 0.45x the baseline 2485.01.
4659,2013-11-03 06:00:00,ACTIVITY_DROP,1120.8484,2485.0105999999996,ACTIVITY_DROP: current activity 1120.85 is 0.45x the baseline 2485.01.
4659,2013-11-03 07:00:00,ACTIVITY_DROP,1176.605,2485.0105999999996,ACTIVITY_DROP: current activity 1176.61 is 0.47x the baseline 2485.01.
4659,2013-11-03 21:00:00,HIGH_ACTIVITY,4358.3236,2472.0229999999997,HIGH_ACTIVITY: current activity 4358.32 is 1.76x the baseline 2472.02.
4659,2013-11-03 22:00:00,HIGH_ACTIVITY,3948.4267,2472.0229999999997,HIGH_ACTIVITY: current activity 3948.43 is 1.60x the baseline 2472.02.
4660,2013-11-03 02:00:00,ACTIVITY_DROP,1259.1391,2526.6793,ACTIVITY_DROP: current activity 1259.14 is 0.50x the baseline 2526.68.
4660,2013-11-03 03:00:00,ACTIVITY_DROP,1167.4821,2526.6793,ACTIVITY_DROP: current activity 1167.48 is 0.46x the baseline 2526.68.
4660,2013-11-03 04:00:00,ACTIVITY_DROP,1095.7856,2526.6793,ACTIVITY_DROP: current activity 1095.79 is 0.43x the baseline 2526.68.
4660,2013-11-03 05:00:00,ACTIVITY_DROP,1101.8474,2526.6793,ACTIVITY_DROP: current activity 1101.85 is 0.44x the baseline 2526.68.
4660,2013-11-03 06:00:00,ACTIVITY_DROP,1111.0758,2526.6793,ACTIVITY_DROP: current activity 1111.08 is 0.44x the baseline 2526.68.
4660,2013-11-03 07:00:00,ACTIVITY_DROP,1159.6295,2526.6793,ACTIVITY_DROP: current activity 1159.63 is 0.46x the baseline 2526.68.
4660,2013-11-03 18:00:00,HIGH_ACTIVITY,3617.5660999999996,2359.4255,HIGH_ACTIVITY: current activity 3617.57 is 1.53x the baseline 2359.43.
4660,2013-11-03 21:00:00,HIGH_ACTIVITY,3717.4053,2359.4255,HIGH_ACTIVITY: current activity 3717.41 is 1.58x the baseline 2359.43.
4660,2013-11-03 22:00:00,HIGH_ACTIVITY,3556.4363,2359.4255,HIGH_ACTIVITY: current activity 3556.44 is 1.51x the baseline 2359.43.
4661,2013-11-03 02:00:00,ACTIVITY_DROP,1056.6213,2174.8186,ACTIVITY_DROP: current activity 1056.62 is 0.49x the baseline 2174.82.
4661,2013-11-03 03:00:00,ACTIVITY_DROP,911.0549,2174.8186,ACTIVITY_DROP: current activity 911.05 is 0.42x the baseline 2174.82.
4661,2013-11-03 04:00:00,ACTIVITY_DROP,904.3591,2174.8186,ACTIVITY_DROP: current activity 904.36 is 0.42x the baseline 2174.82.
4661,2013-11-03 05:00:00,ACTIVITY_DROP,909.6053,2174.8186,ACTIVITY_DROP: current activity 909.61 is 0.42x the baseline 2174.82.
4661,2013-11-03 06:00:00,ACTIVITY_DROP,925.378,2174.8186,ACTIVITY_DROP: current activity 925.38 is 0.43x the baseline 2174.82.
4661,2013-11-03 07:00:00,ACTIVITY_DROP,1017.1592,2174.8186,ACTIVITY_DROP: current activity 1017.16 is 0.47x the baseline 2174.82.
4661,2013-11-03 18:00:00,HIGH_ACTIVITY,3168.0068,2013.4211,HIGH_ACTIVITY: current activity 3168.01 is 1.57x the baseline 2013.42.
4661,2013-11-03 22:00:00,HIGH_ACTIVITY,3708.9524,2013.4211,HIGH_ACTIVITY: current activity 3708.95 is 1.84x the baseline 2013.42.
4662,2013-11-03 02:00:00,ACTIVITY_DROP,973.9433,2141.3386,ACTIVITY_DROP: current activity 973.94 is 0.45x the baseline 2141.34.
4662,2013-11-03 03:00:00,ACTIVITY_DROP,736.9753000000001,2141.3386,ACTIVITY_DROP: current activity 736.98 is 0.34x the baseline 2141.34.
4662,2013-11-03 04:00:00,ACTIVITY_DROP,753.7598,2141.3386,ACTIVITY_DROP: current activity 753.76 is 0.35x the baseline 2141.34.
4662,2013-11-03 05:00:00,ACTIVITY_DROP,752.4378999999999,2141.3386,ACTIVITY_DROP: current activity 752.44 is 0.35x the baseline 2141.34.
4662,2013-11-03 06:00:00,ACTIVITY_DROP,830.3979999999999,2141.3386,ACTIVITY_DROP: current activity 830.40 is 0.39x the baseline 2141.34.
4662,2013-11-03 07:00:00,ACTIVITY_DROP,982.4805,2141.3386,ACTIVITY_DROP: current activity 982.48 is 0.46x the baseline 2141.34.
4664,2013-11-03 03:00:00,ACTIVITY_DROP,389.6328,974.9147,ACTIVITY_DROP: current activity 389.63 is 0.40x the baseline 974.91.
4664,2013-11-03 04:00:00,ACTIVITY_DROP,447.06919999999997,974.9147,ACTIVITY_DROP: current activity 447.07 is 0.46x the baseline 974.91.
4664,2013-11-03 05:00:00,ACTIVITY_DROP,383.6626,974.9147,ACTIVITY_DROP: current activity 383.66 is 0.39x the baseline 974.91.
4664,2013-11-03 06:00:00,ACTIVITY_DROP,335.86670000000004,974.9147,ACTIVITY_DROP: current activity 335.87 is 0.34x the baseline 974.91.
4664,2013-11-03 07:00:00,ACTIVITY_DROP,347.4985,974.9147,ACTIVITY_DROP: current activity 347.50 is 0.36x the baseline 974.91.
4664,2013-11-03 08:00:00,ACTIVITY_DROP,424.0514,974.9147,ACTIVITY_DROP: current activity 424.05 is 0.43x the baseline 974.91.
4664,2013-11-03 18:00:00,HIGH_ACTIVITY,1470.1573,961.2257,HIGH_ACTIVITY: current activity 1470.16 is 1.53x the baseline 961.23.
4664,2013-11-03 19:00:00,HIGH_ACTIVITY,1562.9939,961.2257,HIGH_ACTIVITY: current activity 1562.99 is 1.63x the baseline 961.23.
4664,2013-11-03 20:00:00,HIGH_ACTIVITY,1704.8922,961.2257,HIGH_ACTIVITY: current activity 1704.89 is 1.77x the baseline 961.23.
4669,2013-11-03 07:00:00,ACTIVITY_SPIKE,986.1995999999999,1158.7803,ACTIVITY_SPIKE: current activity 986.20 increased sharply from the previous hour 605.89.
4670,2013-11-03 18:00:00,HIGH_ACTIVITY,2156.6369999999997,1401.0709000000002,HIGH_ACTIVITY: current activity 2156.64 is 1.54x the baseline 1401.07.
4671,2013-11-03 05:00:00,ACTIVITY_DROP,488.69969999999995,1001.9921,ACTIVITY_DROP: current activity 488.70 is 0.49x the baseline 1001.99.
4741,2013-11-03 04:00:00,ACTIVITY_DROP,683.172,1463.6396000000002,ACTIVITY_DROP: current activity 683.17 is 0.47x the baseline 1463.64.
4741,2013-11-03 08:00:00,ACTIVITY_SPIKE,1463.6396000000002,1456.3825,ACTIVITY_SPIKE: current activity 1463.64 increased sharply from the previous hour 824.93.
4742,2013-11-03 03:00:00,ACTIVITY_DROP,484.958,1207.7457000000002,ACTIVITY_DROP: current activity 484.96 is 0.40x the baseline 1207.75.
4742,2013-11-03 04:00:00,ACTIVITY_DROP,479.4648,1207.7457000000002,ACTIVITY_DROP: current activity 479.46 is 0.40x the baseline 1207.75.
4742,2013-11-03 05:00:00,ACTIVITY_DROP,484.1158,1207.7457000000002,ACTIVITY_DROP: current activity 484.12 is 0.40x the baseline 1207.75.
4742,2013-11-03 06:00:00,ACTIVITY_DROP,490.7138,1207.7457000000002,ACTIVITY_DROP: current activity 490.71 is 0.41x the baseline 1207.75.
4742,2013-11-03 07:00:00,ACTIVITY_DROP,529.9933,1207.7457000000002,ACTIVITY_DROP: current activity 529.99 is 0.44x the baseline 1207.75.
4742,2013-11-03 08:00:00,ACTIVITY_SPIKE,827.0095,1207.7457000000002,ACTIVITY_SPIKE: current activity 827.01 increased sharply from the previous hour 529.99.
4742,2013-11-03 19:00:00,HIGH_ACTIVITY,1854.3738,1195.4982,HIGH_ACTIVITY: current activity 1854.37 is 1.55x the baseline 1195.50.
4743,2013-11-03 02:00:00,ACTIVITY_DROP,524.3912,1135.2678,ACTIVITY_DROP: current activity 524.39 is 0.46x the baseline 1135.27.
4743,2013-11-03 03:00:00,ACTIVITY_DROP,500.83820000000003,1135.2678,ACTIVITY_DROP: current activity 500.84 is 0.44x the baseline 1135.27.
4743,2013-11-03 04:00:00,ACTIVITY_DROP,493.606,1135.2678,ACTIVITY_DROP: current activity 493.61 is 0.43x the baseline 1135.27.
4743,2013-11-03 05:00:00,ACTIVITY_DROP,468.05510000000004,1135.2678,ACTIVITY_DROP: current activity 468.06 is 0.41x the baseline 1135.27.
4743,2013-11-03 06:00:00,ACTIVITY_DROP,493.5494,1135.2678,ACTIVITY_DROP: current activity 493.55 is 0.43x the baseline 1135.27.
4743,2013-11-03 07:00:00,ACTIVITY_DROP,547.6105,1135.2678,ACTIVITY_DROP: current activity 547.61 is 0.48x the baseline 1135.27.
4744,2013-11-03 02:00:00,ACTIVITY_DROP,532.8098,1143.0804,ACTIVITY_DROP: current activity 532.81 is 0.47x the baseline 1143.08.
4744,2013-11-03 03:00:00,ACTIVITY_DROP,507.90970000000004,1143.0804,ACTIVITY_DROP: current activity 507.91 is 0.44x the baseline 1143.08.
4744,2013-11-03 04:00:00,ACTIVITY_DROP,498.5629,1143.0804,ACTIVITY_DROP: current activity 498.56 is 0.44x the baseline 1143.08.
4744,2013-11-03 05:00:00,ACTIVITY_DROP,474.496,1143.0804,ACTIVITY_DROP: current activity 474.50 is 0.42x the baseline 1143.08.
4744,2013-11-03 06:00:00,ACTIVITY_DROP,496.5225,1143.0804,ACTIVITY_DROP: current activity 496.52 is 0.43x the baseline 1143.08.
4744,2013-11-03 07:00:00,ACTIVITY_DROP,548.3466999999999,1143.0804,ACTIVITY_DROP: current activity 548.35 is 0.48x the baseline 1143.08.
4745,2013-11-03 03:00:00,ACTIVITY_DROP,629.0904,1408.6006000000002,ACTIVITY_DROP: current activity 629.09 is 0.45x the baseline 1408.60.
4745,2013-11-03 04:00:00,ACTIVITY_DROP,576.1707,1408.6006000000002,ACTIVITY_DROP: current activity 576.17 is 0.41x the baseline 1408.60.
4745,2013-11-03 05:00:00,ACTIVITY_DROP,611.2454,1408.6006000000002,ACTIVITY_DROP: current activity 611.25 is 0.43x the baseline 1408.60.
4745,2013-11-03 06:00:00,ACTIVITY_DROP,598.1343,1408.6006000000002,ACTIVITY_DROP: current activity 598.13 is 0.42x the baseline 1408.60.
4745,2013-11-03 07:00:00,ACTIVITY_DROP,651.5613999999999,1408.6006000000002,ACTIVITY_DROP: current activity 651.56 is 0.46x the baseline 1408.60.
4746,2013-11-03 03:00:00,ACTIVITY_DROP,713.9680000000001,1605.2379,ACTIVITY_DROP: current activity 713.97 is 0.44x the baseline 1605.24.
4746,2013-11-03 04:00:00,ACTIVITY_DROP,661.2804,1605.2379,ACTIVITY_DROP: current activity 661.28 is 0.41x the baseline 1605.24.
4746,2013-11-03 05:00:00,ACTIVITY_DROP,743.1582,1605.2379,ACTIVITY_DROP: current activity 743.16 is 0.46x the baseline 1605.24.
4746,2013-11-03 06:00:00,ACTIVITY_DROP,700.4322999999999,1605.2379,ACTIVITY_DROP: current activity 700.43 is 0.44x the baseline 1605.24.
4746,2013-11-03 07:00:00,ACTIVITY_DROP,736.8603,1605.2379,ACTIVITY_DROP: current activity 736.86 is 0.46x the baseline 1605.24.
4747,2013-11-03 03:00:00,ACTIVITY_DROP,901.0560999999999,1871.0322,ACTIVITY_DROP: current activity 901.06 is 0.48x the baseline 1871.03.
4747,2013-11-03 06:00:00,ACTIVITY_DROP,872.3448999999999,1871.0322,ACTIVITY_DROP: current activity 872.34 is 0.47x the baseline 1871.03.
4747,2013-11-03 07:00:00,ACTIVITY_DROP,930.9893000000001,1871.0322,ACTIVITY_DROP: current activity 930.99 is 0.50x the baseline 1871.03.
4747,2013-11-03 21:00:00,HIGH_ACTIVITY,2802.7517000000003,1837.0265,HIGH_ACTIVITY: current activity 2802.75 is 1.53x the baseline 1837.03.
4748,2013-11-03 04:00:00,ACTIVITY_SPIKE,1547.6219,1950.3102,ACTIVITY_SPIKE: current activity 1547.62 increased sharply from the previous hour 1017.50.
4748,2013-11-03 06:00:00,ACTIVITY_DROP,853.0835000000001,1950.3102,ACTIVITY_DROP: current activity 853.08 is 0.44x the baseline 1950.31.
4748,2013-11-03 07:00:00,ACTIVITY_DROP,949.5263,1950.3102,ACTIVITY_DROP: current activity 949.53 is 0.49x the baseline 1950.31.
4748,2013-11-03 20:00:00,HIGH_ACTIVITY,2916.8578,1871.1081000000001,HIGH_ACTIVITY: current activity 2916.86 is 1.56x the baseline 1871.11.
4748,2013-11-03 21:00:00,HIGH_ACTIVITY,2892.2396,1871.1081000000001,HIGH_ACTIVITY: current activity 2892.24 is 1.55x the baseline 1871.11.
4748,2013-11-03 23:00:00,HIGH_ACTIVITY,2876.8441,1871.1081000000001,HIGH_ACTIVITY: current activity 2876.84 is 1.54x the baseline 1871.11.
4749,2013-11-03 03:00:00,ACTIVITY_DROP,886.602,2045.6624000000002,ACTIVITY_DROP: current activity 886.60 is 0.43x the baseline 2045.66.
4749,2013-11-03 05:00:00,ACTIVITY_DROP,913.9259000000001,2045.6624000000002,ACTIVITY_DROP: current activity 913.93 is 0.45x the baseline 2045.66.
4749,2013-11-03 06:00:00,ACTIVITY_DROP,834.9870000000001,2045.6624000000002,ACTIVITY_DROP: current activity 834.99 is 0.41x the baseline 2045.66.
4749,2013-11-03 07:00:00,ACTIVITY_DROP,919.4669,2045.6624000000002,ACTIVITY_DROP: current activity 919.47 is 0.45x the baseline 2045.66.
4750,2013-11-03 02:00:00,ACTIVITY_DROP,1131.0362999999998,2470.0928,ACTIVITY_DROP: current activity 1131.04 is 0.46x the baseline 2470.09.
4750,2013-11-03 03:00:00,ACTIVITY_DROP,1009.3962,2470.0928,ACTIVITY_DROP: current activity 1009.40 is 0.41x the baseline 2470.09.
4750,2013-11-03 04:00:00,ACTIVITY_DROP,945.454,2470.0928,ACTIVITY_DROP: current activity 945.45 is 0.38x the baseline 2470.09.
4750,2013-11-03 05:00:00,ACTIVITY_DROP,978.9441,2470.0928,ACTIVITY_DROP: current activity 978.94 is 0.40x the baseline 2470.09.
4750,2013-11-03 06:00:00,ACTIVITY_DROP,992.7902,2470.0928,ACTIVITY_DROP: current activity 992.79 is 0.40x the baseline 2470.09.
4750,2013-11-03 07:00:00,ACTIVITY_DROP,1136.0551,2470.0928,ACTIVITY_DROP: current activity 1136.06 is 0.46x the baseline 2470.09.
4750,2013-11-03 21:00:00,HIGH_ACTIVITY,3858.5721,2375.0401,HIGH_ACTIVITY: current activity 3858.57 is 1.62x the baseline 2375.04.
4750,2013-11-03 22:00:00,HIGH_ACTIVITY,3646.5626,2375.0401,HIGH_ACTIVITY: current activity 3646.56 is 1.54x the baseline 2375.04.
4751,2013-11-03 03:00:00,ACTIVITY_DROP,1063.6012,2295.2207,ACTIVITY_DROP: current activity 1063.60 is 0.46x the baseline 2295.22.
4751,2013-11-03 04:00:00,ACTIVITY_DROP,955.4102,2295.2207,ACTIVITY_DROP: current activity 955.41 is 0.42x the baseline 2295.22.
4751,2013-11-03 05:00:00,ACTIVITY_DROP,1004.2959999999999,2295.2207,ACTIVITY_DROP: current activity 1004.30 is 0.44x the baseline 2295.22.
4751,2013-11-03 06:00:00,ACTIVITY_DROP,1085.3569,2295.2207,ACTIVITY_DROP: current activity 1085.36 is 0.47x the baseline 2295.22.
4751,2013-11-03 21:00:00,HIGH_ACTIVITY,4745.7741000000005,2184.6746000000003,HIGH_ACTIVITY: current activity 4745.77 is 2.17x the baseline 2184.67.
4751,2013-11-03 21:00:00,ACTIVITY_SPIKE,4745.7741000000005,2184.6746000000003,ACTIVITY_SPIKE: current activity 4745.77 increased sharply from the previous hour 3077.72.
4751,2013-11-03 22:00:00,HIGH_ACTIVITY,4371.2428,2184.6746000000003,HIGH_ACTIVITY: current activity 4371.24 is 2.00x the baseline 2184.67.
4752,2013-11-03 04:00:00,ACTIVITY_DROP,931.2853,2229.9062000000004,ACTIVITY_DROP: current activity 931.29 is 0.42x the baseline 2229.91.
4752,2013-11-03 05:00:00,ACTIVITY_DROP,829.6609,2229.9062000000004,ACTIVITY_DROP: current activity 829.66 is 0.37x the baseline 2229.91.
4752,2013-11-03 06:00:00,ACTIVITY_DROP,828.0152,2229.9062000000004,ACTIVITY_DROP: current activity 828.02 is 0.37x the baseline 2229.91.
4752,2013-11-03 07:00:00,ACTIVITY_DROP,964.827,2229.9062000000004,ACTIVITY_DROP: current activity 964.83 is 0.43x the baseline 2229.91.
4752,2013-11-03 21:00:00,HIGH_ACTIVITY,3509.3102999999996,2229.8799999999997,HIGH_ACTIVITY: current activity 3509.31 is 1.57x the baseline 2229.88.
4753,2013-11-03 04:00:00,ACTIVITY_DROP,1256.3143,3057.9857,ACTIVITY_DROP: current activity 1256.31 is 0.41x the baseline 3057.99.
4753,2013-11-03 05:00:00,ACTIVITY_DROP,1069.6833000000001,3057.9857,ACTIVITY_DROP: current activity 1069.68 is 0.35x the baseline 3057.99.
4753,2013-11-03 06:00:00,ACTIVITY_DROP,997.8194,3057.9857,ACTIVITY_DROP: current activity 997.82 is 0.33x the baseline 3057.99.
4753,2013-11-03 07:00:00,ACTIVITY_DROP,1197.8533,3057.9857,ACTIVITY_DROP: current activity 1197.85 is 0.39x the baseline 3057.99.
4753,2013-11-03 08:00:00,ACTIVITY_DROP,1462.9062,3057.9857,ACTIVITY_DROP: current activity 1462.91 is 0.48x the baseline 3057.99.
4753,2013-11-03 19:00:00,HIGH_ACTIVITY,4634.2288,2901.7488000000003,HIGH_ACTIVITY: current activity 4634.23 is 1.60x the baseline 2901.75.
4753,2013-11-03 21:00:00,HIGH_ACTIVITY,4822.337,2901.7488000000003,HIGH_ACTIVITY: current activity 4822.34 is 1.66x the baseline 2901.75.
4754,2013-11-03 03:00:00,ACTIVITY_DROP,1826.6858,4069.945,ACTIVITY_DROP: current activity 1826.69 is 0.45x the baseline 4069.95.
4754,2013-11-03 04:00:00,ACTIVITY_DROP,1513.7127000000003,4069.945,ACTIVITY_DROP: current activity 1513.71 is 0.37x the baseline 4069.95.
4754,2013-11-03 05:00:00,ACTIVITY_DROP,1439.1375,4069.945,ACTIVITY_DROP: current activity 1439.14 is 0.35x the baseline 4069.95.
4754,2013-11-03 06:00:00,ACTIVITY_DROP,1420.5429000000001,4069.945,ACTIVITY_DROP: current activity 1420.54 is 0.35x the baseline 4069.95.
4754,2013-11-03 07:00:00,ACTIVITY_DROP,1635.4243000000001,4069.945,ACTIVITY_DROP: current activity 1635.42 is 0.40x the baseline 4069.95.
4755,2013-11-03 02:00:00,ACTIVITY_DROP,2578.1587,5447.5993,ACTIVITY_DROP: current activity 2578.16 is 0.47x the baseline 5447.60.
4755,2013-11-03 03:00:00,ACTIVITY_DROP,2070.8186,5447.5993,ACTIVITY_DROP: current activity 2070.82 is 0.38x the baseline 5447.60.
4755,2013-11-03 04:00:00,ACTIVITY_DROP,1853.3569,5447.5993,ACTIVITY_DROP: current activity 1853.36 is 0.34x the baseline 5447.60.
4755,2013-11-03 05:00:00,ACTIVITY_DROP,1797.3883,5447.5993,ACTIVITY_DROP: current activity 1797.39 is 0.33x the baseline 5447.60.
4755,2013-11-03 06:00:00,ACTIVITY_DROP,1701.8499,5447.5993,ACTIVITY_DROP: current activity 1701.85 is 0.31x the baseline 5447.60.
4755,2013-11-03 07:00:00,ACTIVITY_DROP,2019.2508,5447.5993,ACTIVITY_DROP: current activity 2019.25 is 0.37x the baseline 5447.60.
4755,2013-11-03 10:00:00,ACTIVITY_SPIKE,5840.5554,5444.1253,ACTIVITY_SPIKE: current activity 5840.56 increased sharply from the previous hour 3399.68.
4756,2013-11-03 00:00:00,HIGH_ACTIVITY,5893.412200000001,3843.7049,HIGH_ACTIVITY: current activity 5893.41 is 1.53x the baseline 3843.70.
4756,2013-11-03 04:00:00,ACTIVITY_DROP,1603.1235,4097.4918,ACTIVITY_DROP: current activity 1603.12 is 0.39x the baseline 4097.49.
4756,2013-11-03 05:00:00,ACTIVITY_DROP,1354.3554000000001,4097.4918,ACTIVITY_DROP: current activity 1354.36 is 0.33x the baseline 4097.49.
4756,2013-11-03 06:00:00,ACTIVITY_DROP,1345.1626,4097.4918,ACTIVITY_DROP: current activity 1345.16 is 0.33x the baseline 4097.49.
4756,2013-11-03 07:00:00,ACTIVITY_DROP,1397.2752,4097.4918,ACTIVITY_DROP: current activity 1397.28 is 0.34x the baseline 4097.49.
4756,2013-11-03 08:00:00,ACTIVITY_SPIKE,2142.0139000000004,4097.4918,ACTIVITY_SPIKE: current activity 2142.01 increased sharply from the previous hour 1397.28.
4757,2013-11-03 00:00:00,HIGH_ACTIVITY,5213.3714,3136.4585,HIGH_ACTIVITY: current activity 5213.37 is 1.66x the baseline 3136.46.
4757,2013-11-03 04:00:00,ACTIVITY_DROP,1299.4569999999999,3192.4649000000004,ACTIVITY_DROP: current activity 1299.46 is 0.41x the baseline 3192.46.
4757,2013-11-03 05:00:00,ACTIVITY_DROP,1024.4975,3192.4649000000004,ACTIVITY_DROP: current activity 1024.50 is 0.32x the baseline 3192.46.
4757,2013-11-03 06:00:00,ACTIVITY_DROP,1039.4336,3192.4649000000004,ACTIVITY_DROP: current activity 1039.43 is 0.33x the baseline 3192.46.
4757,2013-11-03 07:00:00,ACTIVITY_DROP,1084.4652999999998,3192.4649000000004,ACTIVITY_DROP: current activity 1084.47 is 0.34x the baseline 3192.46.
4757,2013-11-03 08:00:00,ACTIVITY_DROP,1462.4536,3192.4649000000004,ACTIVITY_DROP: current activity 1462.45 is 0.46x the baseline 3192.46.
4758,2013-11-03 05:00:00,ACTIVITY_DROP,1427.8647999999998,3144.7434000000003,ACTIVITY_DROP: current activity 1427.86 is 0.45x the baseline 3144.74.
4758,2013-11-03 06:00:00,ACTIVITY_DROP,1484.5992999999999,3144.7434000000003,ACTIVITY_DROP: current activity 1484.60 is 0.47x the baseline 3144.74.
4758,2013-11-03 08:00:00,ACTIVITY_DROP,1381.4804,3144.7434000000003,ACTIVITY_DROP: current activity 1381.48 is 0.44x the baseline 3144.74.
4758,2013-11-03 12:00:00,ACTIVITY_SPIKE,3535.1985000000004,3133.7342000000003,ACTIVITY_SPIKE: current activity 3535.20 increased sharply from the previous hour 2194.03.
4759,2013-11-03 05:00:00,ACTIVITY_DROP,1195.6791999999998,2548.4759,ACTIVITY_DROP: current activity 1195.68 is 0.47x the baseline 2548.48.
4759,2013-11-03 06:00:00,ACTIVITY_DROP,1181.7723,2548.4759,ACTIVITY_DROP: current activity 1181.77 is 0.46x the baseline 2548.48.
4760,2013-11-03 04:00:00,ACTIVITY_DROP,1062.9263999999998,2383.153,ACTIVITY_DROP: current activity 1062.93 is 0.45x the baseline 2383.15.
4760,2013-11-03 05:00:00,ACTIVITY_DROP,1050.2461,2383.153,ACTIVITY_DROP: current activity 1050.25 is 0.44x the baseline 2383.15.
4760,2013-11-03 06:00:00,ACTIVITY_DROP,1070.643,2383.153,ACTIVITY_DROP: current activity 1070.64 is 0.45x the baseline 2383.15.
4760,2013-11-03 07:00:00,ACTIVITY_DROP,1109.1618999999998,2383.153,ACTIVITY_DROP: current activity 1109.16 is 0.47x the baseline 2383.15.
4760,2013-11-03 18:00:00,HIGH_ACTIVITY,3553.9739,2367.4381,HIGH_ACTIVITY: current activity 3553.97 is 1.50x the baseline 2367.44.
4760,2013-11-03 22:00:00,HIGH_ACTIVITY,3897.7275,2367.4381,HIGH_ACTIVITY: current activity 3897.73 is 1.65x the baseline 2367.44.
4761,2013-11-03 02:00:00,ACTIVITY_DROP,1533.4824,3291.7981,ACTIVITY_DROP: current activity 1533.48 is 0.47x the baseline 3291.80.
4761,2013-11-03 03:00:00,ACTIVITY_DROP,1227.8763000000001,3291.7981,ACTIVITY_DROP: current activity 1227.88 is 0.37x the baseline 3291.80.
4761,2013-11-03 04:00:00,ACTIVITY_DROP,1217.8705,3291.7981,ACTIVITY_DROP: current activity 1217.87 is 0.37x the baseline 3291.80.
4761,2013-11-03 05:00:00,ACTIVITY_DROP,1333.8975,3291.7981,ACTIVITY_DROP: current activity 1333.90 is 0.41x the baseline 3291.80.
4761,2013-11-03 06:00:00,ACTIVITY_DROP,1214.8023,3291.7981,ACTIVITY_DROP: current activity 1214.80 is 0.37x the baseline 3291.80.
4761,2013-11-03 07:00:00,ACTIVITY_DROP,1389.9976000000001,3291.7981,ACTIVITY_DROP: current activity 1390.00 is 0.42x the baseline 3291.80.
4761,2013-11-03 10:00:00,ACTIVITY_SPIKE,3421.8379,3280.1393,ACTIVITY_SPIKE: current activity 3421.84 increased sharply from the previous hour 2079.05.
4761,2013-11-03 22:00:00,HIGH_ACTIVITY,5023.7221,3280.1393,HIGH_ACTIVITY: current activity 5023.72 is 1.53x the baseline 3280.14.
4762,2013-11-03 02:00:00,ACTIVITY_DROP,1452.5129000000002,3251.6688999999997,ACTIVITY_DROP: current activity 1452.51 is 0.45x the baseline 3251.67.
4762,2013-11-03 03:00:00,ACTIVITY_DROP,1087.2284,3251.6688999999997,ACTIVITY_DROP: current activity 1087.23 is 0.33x the baseline 3251.67.
4762,2013-11-03 04:00:00,ACTIVITY_DROP,1088.5823,3251.6688999999997,ACTIVITY_DROP: current activity 1088.58 is 0.33x the baseline 3251.67.
4762,2013-11-03 05:00:00,ACTIVITY_DROP,1119.3132,3251.6688999999997,ACTIVITY_DROP: current activity 1119.31 is 0.34x the baseline 3251.67.
4762,2013-11-03 06:00:00,ACTIVITY_DROP,1242.6668000000002,3251.6688999999997,ACTIVITY_DROP: current activity 1242.67 is 0.38x the baseline 3251.67.
4762,2013-11-03 07:00:00,ACTIVITY_DROP,1496.9582,3251.6688999999997,ACTIVITY_DROP: current activity 1496.96 is 0.46x the baseline 3251.67.
4826,2013-11-03 04:00:00,ACTIVITY_DROP,842.5499,1910.1641000000002,ACTIVITY_DROP: current activity 842.55 is 0.44x the baseline 1910.16.
4826,2013-11-03 05:00:00,ACTIVITY_DROP,714.942,1910.1641000000002,ACTIVITY_DROP: current activity 714.94 is 0.37x the baseline 1910.16.
4826,2013-11-03 06:00:00,ACTIVITY_DROP,684.9504,1910.1641000000002,ACTIVITY_DROP: current activity 684.95 is 0.36x the baseline 1910.16.
4826,2013-11-03 07:00:00,ACTIVITY_DROP,954.9826,1910.1641000000002,ACTIVITY_DROP: current activity 954.98 is 0.50x the baseline 1910.16.
4827,2013-11-03 03:00:00,ACTIVITY_DROP,476.3367,1004.1846,ACTIVITY_DROP: current activity 476.34 is 0.47x the baseline 1004.18.
4827,2013-11-03 04:00:00,ACTIVITY_DROP,388.2149,1004.1846,ACTIVITY_DROP: current activity 388.21 is 0.39x the baseline 1004.18.
4827,2013-11-03 05:00:00,ACTIVITY_DROP,363.33240000000006,1004.1846,ACTIVITY_DROP: current activity 363.33 is 0.36x the baseline 1004.18.
4827,2013-11-03 06:00:00,ACTIVITY_DROP,358.73699999999997,1004.1846,ACTIVITY_DROP: current activity 358.74 is 0.36x the baseline 1004.18.
4827,2013-11-03 07:00:00,ACTIVITY_DROP,461.6483,1004.1846,ACTIVITY_DROP: current activity 461.65 is 0.46x the baseline 1004.18.
4840,2013-11-03 04:00:00,ACTIVITY_DROP,447.2142,1000.4461000000001,ACTIVITY_DROP: current activity 447.21 is 0.45x the baseline 1000.45.
4840,2013-11-03 05:00:00,ACTIVITY_DROP,499.021,1000.4461000000001,ACTIVITY_DROP: current activity 499.02 is 0.50x the baseline 1000.45.
4840,2013-11-03 06:00:00,ACTIVITY_DROP,488.60510000000005,1000.4461000000001,ACTIVITY_DROP: current activity 488.61 is 0.49x the baseline 1000.45.
4841,2013-11-03 04:00:00,ACTIVITY_DROP,656.2923,1445.6627999999998,ACTIVITY_DROP: current activity 656.29 is 0.45x the baseline 1445.66.
4841,2013-11-03 08:00:00,ACTIVITY_SPIKE,1356.5141999999998,1445.6627999999998,ACTIVITY_SPIKE: current activity 1356.51 increased sharply from the previous hour 777.46.
4842,2013-11-03 02:00:00,ACTIVITY_DROP,540.7566999999999,1143.3808,ACTIVITY_DROP: current activity 540.76 is 0.47x the baseline 1143.38.
4842,2013-11-03 03:00:00,ACTIVITY_DROP,426.28040000000004,1143.3808,ACTIVITY_DROP: current activity 426.28 is 0.37x the baseline 1143.38.
4842,2013-11-03 04:00:00,ACTIVITY_DROP,436.7359,1143.3808,ACTIVITY_DROP: current activity 436.74 is 0.38x the baseline 1143.38.
4842,2013-11-03 05:00:00,ACTIVITY_DROP,423.1948,1143.3808,ACTIVITY_DROP: current activity 423.19 is 0.37x the baseline 1143.38.
4842,2013-11-03 06:00:00,ACTIVITY_DROP,425.05719999999997,1143.3808,ACTIVITY_DROP: current activity 425.06 is 0.37x the baseline 1143.38.
4842,2013-11-03 07:00:00,ACTIVITY_DROP,479.0229,1143.3808,ACTIVITY_DROP: current activity 479.02 is 0.42x the baseline 1143.38.
4842,2013-11-03 08:00:00,ACTIVITY_SPIKE,758.8293000000001,1143.3808,ACTIVITY_SPIKE: current activity 758.83 increased sharply from the previous hour 479.02.
4842,2013-11-03 09:00:00,ACTIVITY_SPIKE,1222.25,1120.5232,ACTIVITY_SPIKE: current activity 1222.25 increased sharply from the previous hour 758.83.
4842,2013-11-03 19:00:00,HIGH_ACTIVITY,1963.4780999999998,1120.5232,HIGH_ACTIVITY: current activity 1963.48 is 1.75x the baseline 1120.52.
4843,2013-11-03 02:00:00,ACTIVITY_DROP,532.2041,1177.506,ACTIVITY_DROP: current activity 532.20 is 0.45x the baseline 1177.51.
4843,2013-11-03 03:00:00,ACTIVITY_DROP,505.7767,1177.506,ACTIVITY_DROP: current activity 505.78 is 0.43x the baseline 1177.51.
4843,2013-11-03 04:00:00,ACTIVITY_DROP,494.0526,1177.506,ACTIVITY_DROP: current activity 494.05 is 0.42x the baseline 1177.51.
4843,2013-11-03 05:00:00,ACTIVITY_DROP,468.6182,1177.506,ACTIVITY_DROP: current activity 468.62 is 0.40x the baseline 1177.51.
4843,2013-11-03 06:00:00,ACTIVITY_DROP,497.5784,1177.506,ACTIVITY_DROP: current activity 497.58 is 0.42x the baseline 1177.51.
4843,2013-11-03 07:00:00,ACTIVITY_DROP,554.521,1177.506,ACTIVITY_DROP: current activity 554.52 is 0.47x the baseline 1177.51.
4844,2013-11-03 02:00:00,ACTIVITY_DROP,564.8687,1217.6158,ACTIVITY_DROP: current activity 564.87 is 0.46x the baseline 1217.62.
4844,2013-11-03 03:00:00,ACTIVITY_DROP,531.8971999999999,1217.6158,ACTIVITY_DROP: current activity 531.90 is 0.44x the baseline 1217.62.
4844,2013-11-03 04:00:00,ACTIVITY_DROP,526.1289,1217.6158,ACTIVITY_DROP: current activity 526.13 is 0.43x the baseline 1217.62.
4844,2013-11-03 05:00:00,ACTIVITY_DROP,486.8504,1217.6158,ACTIVITY_DROP: current activity 486.85 is 0.40x the baseline 1217.62.
4844,2013-11-03 06:00:00,ACTIVITY_DROP,521.48,1217.6158,ACTIVITY_DROP: current activity 521.48 is 0.43x the baseline 1217.62.
4844,2013-11-03 07:00:00,ACTIVITY_DROP,588.9726999999999,1217.6158,ACTIVITY_DROP: current activity 588.97 is 0.48x the baseline 1217.62.
4845,2013-11-03 04:00:00,ACTIVITY_DROP,662.9457000000001,1403.0462999999997,ACTIVITY_DROP: current activity 662.95 is 0.47x the baseline 1403.05.
4845,2013-11-03 05:00:00,ACTIVITY_DROP,638.6768999999999,1403.0462999999997,ACTIVITY_DROP: current activity 638.68 is 0.46x the baseline 1403.05.
4845,2013-11-03 06:00:00,ACTIVITY_DROP,680.5041,1403.0462999999997,ACTIVITY_DROP: current activity 680.50 is 0.49x the baseline 1403.05.
4846,2013-11-03 03:00:00,ACTIVITY_DROP,776.9142999999999,1699.0333,ACTIVITY_DROP: current activity 776.91 is 0.46x the baseline 1699.03.
4846,2013-11-03 04:00:00,ACTIVITY_DROP,734.5814,1699.0333,ACTIVITY_DROP: current activity 734.58 is 0.43x the baseline 1699.03.
4846,2013-11-03 05:00:00,ACTIVITY_DROP,809.4533,1699.0333,ACTIVITY_DROP: current activity 809.45 is 0.48x the baseline 1699.03.
4846,2013-11-03 06:00:00,ACTIVITY_DROP,774.1366999999999,1699.0333,ACTIVITY_DROP: current activity 774.14 is 0.46x the baseline 1699.03.
4847,2013-11-03 03:00:00,ACTIVITY_DROP,779.5888000000001,1658.301,ACTIVITY_DROP: current activity 779.59 is 0.47x the baseline 1658.30.
4847,2013-11-03 04:00:00,ACTIVITY_DROP,682.9876,1658.301,ACTIVITY_DROP: current activity 682.99 is 0.41x the baseline 1658.30.
4847,2013-11-03 05:00:00,ACTIVITY_DROP,629.2800000000001,1658.301,ACTIVITY_DROP: current activity 629.28 is 0.38x the baseline 1658.30.
4847,2013-11-03 06:00:00,ACTIVITY_DROP,635.7474,1658.301,ACTIVITY_DROP: current activity 635.75 is 0.38x the baseline 1658.30.
4847,2013-11-03 07:00:00,ACTIVITY_DROP,707.8455,1658.301,ACTIVITY_DROP: current activity 707.85 is 0.43x the baseline 1658.30.
4847,2013-11-03 08:00:00,ACTIVITY_SPIKE,1185.5909000000001,1658.301,ACTIVITY_SPIKE: current activity 1185.59 increased sharply from the previous hour 707.85.
4848,2013-11-03 03:00:00,ACTIVITY_DROP,978.2495,2028.042,ACTIVITY_DROP: current activity 978.25 is 0.48x the baseline 2028.04.
4848,2013-11-03 05:00:00,ACTIVITY_DROP,849.0613999999999,2028.042,ACTIVITY_DROP: current activity 849.06 is 0.42x the baseline 2028.04.
4848,2013-11-03 06:00:00,ACTIVITY_DROP,749.0389,2028.042,ACTIVITY_DROP: current activity 749.04 is 0.37x the baseline 2028.04.
4848,2013-11-03 07:00:00,ACTIVITY_DROP,847.1170999999999,2028.042,ACTIVITY_DROP: current activity 847.12 is 0.42x the baseline 2028.04.
4849,2013-11-03 04:00:00,ACTIVITY_DROP,1177.1355999999998,2413.8587,ACTIVITY_DROP: current activity 1177.14 is 0.49x the baseline 2413.86.
4849,2013-11-03 05:00:00,ACTIVITY_DROP,1061.9378,2413.8587,ACTIVITY_DROP: current activity 1061.94 is 0.44x the baseline 2413.86.
4849,2013-11-03 06:00:00,ACTIVITY_DROP,1004.1528,2413.8587,ACTIVITY_DROP: current activity 1004.15 is 0.42x the baseline 2413.86.
4849,2013-11-03 07:00:00,ACTIVITY_DROP,1154.6535999999999,2413.8587,ACTIVITY_DROP: current activity 1154.65 is 0.48x the baseline 2413.86.
4849,2013-11-03 10:00:00,ACTIVITY_SPIKE,3120.0142,2412.5826,ACTIVITY_SPIKE: current activity 3120.01 increased sharply from the previous hour 1963.39.
4850,2013-11-03 02:00:00,ACTIVITY_DROP,1069.5847999999999,2227.9543,ACTIVITY_DROP: current activity 1069.58 is 0.48x the baseline 2227.95.
4850,2013-11-03 03:00:00,ACTIVITY_DROP,922.986,2227.9543,ACTIVITY_DROP: current activity 922.99 is 0.41x the baseline 2227.95.
4850,2013-11-03 04:00:00,ACTIVITY_DROP,918.3093,2227.9543,ACTIVITY_DROP: current activity 918.31 is 0.41x the baseline 2227.95.
4850,2013-11-03 05:00:00,ACTIVITY_DROP,881.7466999999999,2227.9543,ACTIVITY_DROP: current activity 881.75 is 0.40x the baseline 2227.95.
4850,2013-11-03 06:00:00,ACTIVITY_DROP,899.6102999999999,2227.9543,ACTIVITY_DROP: current activity 899.61 is 0.40x the baseline 2227.95.
4850,2013-11-03 07:00:00,ACTIVITY_DROP,979.8243,2227.9543,ACTIVITY_DROP: current activity 979.82 is 0.44x the baseline 2227.95.
4851,2013-11-03 03:00:00,ACTIVITY_DROP,878.8538,2090.2812,ACTIVITY_DROP: current activity 878.85 is 0.42x the baseline 2090.28.
4851,2013-11-03 04:00:00,ACTIVITY_DROP,922.1831999999999,2090.2812,ACTIVITY_DROP: current activity 922.18 is 0.44x the baseline 2090.28.
4851,2013-11-03 05:00:00,ACTIVITY_DROP,844.5309,2090.2812,ACTIVITY_DROP: current activity 844.53 is 0.40x the baseline 2090.28.
4851,2013-11-03 06:00:00,ACTIVITY_DROP,939.418,2090.2812,ACTIVITY_DROP: current activity 939.42 is 0.45x the baseline 2090.28.
4851,2013-11-03 07:00:00,ACTIVITY_DROP,935.9366,2090.2812,ACTIVITY_DROP: current activity 935.94 is 0.45x the baseline 2090.28.
4851,2013-11-03 19:00:00,HIGH_ACTIVITY,3460.8873000000003,1992.0463000000002,HIGH_ACTIVITY: current activity 3460.89 is 1.74x the baseline 1992.05.
4851,2013-11-03 22:00:00,HIGH_ACTIVITY,3121.8662999999997,1992.0463000000002,HIGH_ACTIVITY: current activity 3121.87 is 1.57x the baseline 1992.05.
4852,2013-11-03 03:00:00,ACTIVITY_DROP,854.7523,1955.3398,ACTIVITY_DROP: current activity 854.75 is 0.44x the baseline 1955.34.
4852,2013-11-03 04:00:00,ACTIVITY_DROP,854.3442,1955.3398,ACTIVITY_DROP: current activity 854.34 is 0.44x the baseline 1955.34.
4852,2013-11-03 05:00:00,ACTIVITY_DROP,731.899,1955.3398,ACTIVITY_DROP: current activity 731.90 is 0.37x the baseline 1955.34.
4852,2013-11-03 06:00:00,ACTIVITY_DROP,760.5644,1955.3398,ACTIVITY_DROP: current activity 760.56 is 0.39x the baseline 1955.34.
4852,2013-11-03 07:00:00,ACTIVITY_DROP,925.2806,1955.3398,ACTIVITY_DROP: current activity 925.28 is 0.47x the baseline 1955.34.
4853,2013-11-03 04:00:00,ACTIVITY_DROP,1496.7952,3235.5876,ACTIVITY_DROP: current activity 1496.80 is 0.46x the baseline 3235.59.
4853,2013-11-03 05:00:00,ACTIVITY_DROP,1243.1601999999998,3235.5876,ACTIVITY_DROP: current activity 1243.16 is 0.38x the baseline 3235.59.
4853,2013-11-03 06:00:00,ACTIVITY_DROP,1102.4063,3235.5876,ACTIVITY_DROP: current activity 1102.41 is 0.34x the baseline 3235.59.
4853,2013-11-03 07:00:00,ACTIVITY_DROP,1454.9143,3235.5876,ACTIVITY_DROP: current activity 1454.91 is 0.45x the baseline 3235.59.
4853,2013-11-03 19:00:00,HIGH_ACTIVITY,4858.8437,3067.2054,HIGH_ACTIVITY: current activity 4858.84 is 1.58x the baseline 3067.21.
4853,2013-11-03 21:00:00,HIGH_ACTIVITY,5347.6579,3067.2054,HIGH_ACTIVITY: current activity 5347.66 is 1.74x the baseline 3067.21.
4853,2013-11-03 22:00:00,HIGH_ACTIVITY,4602.415100000001,3067.2054,HIGH_ACTIVITY: current activity 4602.42 is 1.50x the baseline 3067.21.
4854,2013-11-03 04:00:00,ACTIVITY_DROP,1689.9249000000002,3461.4433999999997,ACTIVITY_DROP: current activity 1689.92 is 0.49x the baseline 3461.44.
4854,2013-11-03 05:00:00,ACTIVITY_DROP,1409.5948999999998,3461.4433999999997,ACTIVITY_DROP: current activity 1409.59 is 0.41x the baseline 3461.44.
4854,2013-11-03 06:00:00,ACTIVITY_DROP,1304.1818,3461.4433999999997,ACTIVITY_DROP: current activity 1304.18 is 0.38x the baseline 3461.44.
4854,2013-11-03 07:00:00,ACTIVITY_DROP,1360.6036,3461.4433999999997,ACTIVITY_DROP: current activity 1360.60 is 0.39x the baseline 3461.44.
4855,2013-11-03 03:00:00,ACTIVITY_DROP,2074.9224,4855.4025,ACTIVITY_DROP: current activity 2074.92 is 0.43x the baseline 4855.40.
4855,2013-11-03 04:00:00,ACTIVITY_DROP,1997.2202,4855.4025,ACTIVITY_DROP: current activity 1997.22 is 0.41x the baseline 4855.40.
4855,2013-11-03 05:00:00,ACTIVITY_DROP,1816.9211,4855.4025,ACTIVITY_DROP: current activity 1816.92 is 0.37x the baseline 4855.40.
4855,2013-11-03 06:00:00,ACTIVITY_DROP,1672.5221999999999,4855.4025,ACTIVITY_DROP: current activity 1672.52 is 0.34x the baseline 4855.40.
4855,2013-11-03 07:00:00,ACTIVITY_DROP,1866.2468,4855.4025,ACTIVITY_DROP: current activity 1866.25 is 0.38x the baseline 4855.40.
4855,2013-11-03 08:00:00,ACTIVITY_DROP,2418.4829,4855.4025,ACTIVITY_DROP: current activity 2418.48 is 0.50x the baseline 4855.40.
4856,2013-11-03 03:00:00,ACTIVITY_DROP,2302.3781,5068.7853000000005,ACTIVITY_DROP: current activity 2302.38 is 0.45x the baseline 5068.79.
4856,2013-11-03 04:00:00,ACTIVITY_DROP,1908.5992999999999,5068.7853000000005,ACTIVITY_DROP: current activity 1908.60 is 0.38x the baseline 5068.79.
4856,2013-11-03 05:00:00,ACTIVITY_DROP,1755.9878999999999,5068.7853000000005,ACTIVITY_DROP: current activity 1755.99 is 0.35x the baseline 5068.79.
4856,2013-11-03 06:00:00,ACTIVITY_DROP,1905.9076,5068.7853000000005,ACTIVITY_DROP: current activity 1905.91 is 0.38x the baseline 5068.79.
4856,2013-11-03 07:00:00,ACTIVITY_DROP,1768.2947,5068.7853000000005,ACTIVITY_DROP: current activity 1768.29 is 0.35x the baseline 5068.79.
4857,2013-11-03 00:00:00,HIGH_ACTIVITY,8094.5055,4304.532,HIGH_ACTIVITY: current activity 8094.51 is 1.88x the baseline 4304.53.
4857,2013-11-03 03:00:00,ACTIVITY_DROP,1916.3109000000002,4897.2985,ACTIVITY_DROP: current activity 1916.31 is 0.39x the baseline 4897.30.
4857,2013-11-03 04:00:00,ACTIVITY_DROP,1411.2033,4897.2985,ACTIVITY_DROP: current activity 1411.20 is 0.29x the baseline 4897.30.
4857,2013-11-03 05:00:00,ACTIVITY_DROP,1325.4744,4897.2985,ACTIVITY_DROP: current activity 1325.47 is 0.27x the baseline 4897.30.
4857,2013-11-03 06:00:00,ACTIVITY_DROP,1742.7673,4897.2985,ACTIVITY_DROP: current activity 1742.77 is 0.36x the baseline 4897.30.
4857,2013-11-03 07:00:00,ACTIVITY_DROP,1328.8085,4897.2985,ACTIVITY_DROP: current activity 1328.81 is 0.27x the baseline 4897.30.
4857,2013-11-03 08:00:00,ACTIVITY_SPIKE,2136.3838,4897.2985,ACTIVITY_SPIKE: current activity 2136.38 increased sharply from the previous hour 1328.81.
4857,2013-11-03 08:00:00,ACTIVITY_DROP,2136.3838,4897.2985,ACTIVITY_DROP: current activity 2136.38 is 0.44x the baseline 4897.30.
4857,2013-11-03 09:00:00,ACTIVITY_DROP,2380.748,4897.2985,ACTIVITY_DROP: current activity 2380.75 is 0.49x the baseline 4897.30.
4857,2013-11-03 19:00:00,HIGH_ACTIVITY,6619.4495,4304.532,HIGH_ACTIVITY: current activity 6619.45 is 1.54x the baseline 4304.53.
4858,2013-11-03 04:00:00,ACTIVITY_DROP,859.8489999999999,2326.4138,ACTIVITY_DROP: current activity 859.85 is 0.37x the baseline 2326.41.
4858,2013-11-03 05:00:00,ACTIVITY_DROP,779.9535,2326.4138,ACTIVITY_DROP: current activity 779.95 is 0.34x the baseline 2326.41.
4858,2013-11-03 06:00:00,ACTIVITY_DROP,922.2049,2326.4138,ACTIVITY_DROP: current activity 922.20 is 0.40x the baseline 2326.41.
4858,2013-11-03 07:00:00,ACTIVITY_DROP,830.4024,2326.4138,ACTIVITY_DROP: current activity 830.40 is 0.36x the baseline 2326.41.
4858,2013-11-03 08:00:00,ACTIVITY_DROP,1031.7512,2326.4138,ACTIVITY_DROP: current activity 1031.75 is 0.44x the baseline 2326.41.
4858,2013-11-03 17:00:00,HIGH_ACTIVITY,3643.0314,2291.6598999999997,HIGH_ACTIVITY: current activity 3643.03 is 1.59x the baseline 2291.66.
4858,2013-11-03 19:00:00,HIGH_ACTIVITY,4131.9952,2291.6598999999997,HIGH_ACTIVITY: current activity 4132.00 is 1.80x the baseline 2291.66.
4858,2013-11-03 20:00:00,HIGH_ACTIVITY,3507.0379000000003,2291.6598999999997,HIGH_ACTIVITY: current activity 3507.04 is 1.53x the baseline 2291.66.
4859,2013-11-03 04:00:00,ACTIVITY_DROP,877.9355,1819.0826,ACTIVITY_DROP: current activity 877.94 is 0.48x the baseline 1819.08.
4859,2013-11-03 05:00:00,ACTIVITY_DROP,835.6286,1819.0826,ACTIVITY_DROP: current activity 835.63 is 0.46x the baseline 1819.08.
4859,2013-11-03 06:00:00,ACTIVITY_DROP,891.0500000000001,1819.0826,ACTIVITY_DROP: current activity 891.05 is 0.49x the baseline 1819.08.
4860,2013-11-03 04:00:00,ACTIVITY_DROP,1128.9784000000002,2509.8172,ACTIVITY_DROP: current activity 1128.98 is 0.45x the baseline 2509.82.
4860,2013-11-03 05:00:00,ACTIVITY_DROP,1091.5952,2509.8172,ACTIVITY_DROP: current activity 1091.60 is 0.43x the baseline 2509.82.
4860,2013-11-03 06:00:00,ACTIVITY_DROP,1009.4010000000001,2509.8172,ACTIVITY_DROP: current activity 1009.40 is 0.40x the baseline 2509.82.
4860,2013-11-03 07:00:00,ACTIVITY_DROP,979.67,2509.8172,ACTIVITY_DROP: current activity 979.67 is 0.39x the baseline 2509.82.
4860,2013-11-03 08:00:00,ACTIVITY_DROP,1154.8113,2509.8172,ACTIVITY_DROP: current activity 1154.81 is 0.46x the baseline 2509.82.
4860,2013-11-03 09:00:00,ACTIVITY_SPIKE,1819.7329,2509.8172,ACTIVITY_SPIKE: current activity 1819.73 increased sharply from the previous hour 1154.81.
4860,2013-11-03 15:00:00,HIGH_ACTIVITY,3883.1209,2397.2102,HIGH_ACTIVITY: current activity 3883.12 is 1.62x the baseline 2397.21.
4860,2013-11-03 16:00:00,HIGH_ACTIVITY,3724.275,2397.2102,HIGH_ACTIVITY: current activity 3724.28 is 1.55x the baseline 2397.21.
4860,2013-11-03 17:00:00,HIGH_ACTIVITY,4399.166499999999,2397.2102,HIGH_ACTIVITY: current activity 4399.17 is 1.84x the baseline 2397.21.
4860,2013-11-03 18:00:00,HIGH_ACTIVITY,3670.5151,2397.2102,HIGH_ACTIVITY: current activity 3670.52 is 1.53x the baseline 2397.21.
4861,2013-11-03 02:00:00,ACTIVITY_DROP,1388.0731,3028.0127,ACTIVITY_DROP: current activity 1388.07 is 0.46x the baseline 3028.01.
4861,2013-11-03 03:00:00,ACTIVITY_DROP,1096.9735,3028.0127,ACTIVITY_DROP: current activity 1096.97 is 0.36x the baseline 3028.01.
4861,2013-11-03 04:00:00,ACTIVITY_DROP,961.423,3028.0127,ACTIVITY_DROP: current activity 961.42 is 0.32x the baseline 3028.01.
4861,2013-11-03 05:00:00,ACTIVITY_DROP,1201.5069,3028.0127,ACTIVITY_DROP: current activity 1201.51 is 0.40x the baseline 3028.01.
4861,2013-11-03 06:00:00,ACTIVITY_DROP,1044.2658999999999,3028.0127,ACTIVITY_DROP: current activity 1044.27 is 0.34x the baseline 3028.01.
4861,2013-11-03 07:00:00,ACTIVITY_DROP,1050.2166,3028.0127,ACTIVITY_DROP: current activity 1050.22 is 0.35x the baseline 3028.01.
4861,2013-11-03 08:00:00,ACTIVITY_DROP,1209.5467,3028.0127,ACTIVITY_DROP: current activity 1209.55 is 0.40x the baseline 3028.01.
4861,2013-11-03 09:00:00,ACTIVITY_SPIKE,1895.7283,3028.0127,ACTIVITY_SPIKE: current activity 1895.73 increased sharply from the previous hour 1209.55.
4861,2013-11-03 10:00:00,ACTIVITY_SPIKE,3281.6425999999997,2584.4376,ACTIVITY_SPIKE: current activity 3281.64 increased sharply from the previous hour 1895.73.
4861,2013-11-03 17:00:00,HIGH_ACTIVITY,3965.0803,2584.4376,HIGH_ACTIVITY: current activity 3965.08 is 1.53x the baseline 2584.44.
4862,2013-11-03 01:00:00,ACTIVITY_DROP,861.9274,1829.7572999999998,ACTIVITY_DROP: current activity 861.93 is 0.47x the baseline 1829.76.
4862,2013-11-03 02:00:00,ACTIVITY_DROP,724.3516999999999,1829.7572999999998,ACTIVITY_DROP: current activity 724.35 is 0.40x the baseline 1829.76.
4862,2013-11-03 03:00:00,ACTIVITY_DROP,672.3539,1829.7572999999998,ACTIVITY_DROP: current activity 672.35 is 0.37x the baseline 1829.76.
4862,2013-11-03 04:00:00,ACTIVITY_DROP,624.4915000000001,1829.7572999999998,ACTIVITY_DROP: current activity 624.49 is 0.34x the baseline 1829.76.
4862,2013-11-03 05:00:00,ACTIVITY_DROP,722.1056,1829.7572999999998,ACTIVITY_DROP: current activity 722.11 is 0.39x the baseline 1829.76.
4862,2013-11-03 06:00:00,ACTIVITY_DROP,667.1018,1829.7572999999998,ACTIVITY_DROP: current activity 667.10 is 0.36x the baseline 1829.76.
4862,2013-11-03 07:00:00,ACTIVITY_DROP,748.5506,1829.7572999999998,ACTIVITY_DROP: current activity 748.55 is 0.41x the baseline 1829.76.
4862,2013-11-03 09:00:00,ACTIVITY_SPIKE,1390.6201999999998,1829.7572999999998,ACTIVITY_SPIKE: current activity 1390.62 increased sharply from the previous hour 926.41.
4862,2013-11-03 17:00:00,HIGH_ACTIVITY,2427.0112,1549.2392,HIGH_ACTIVITY: current activity 2427.01 is 1.57x the baseline 1549.24.
4865,2013-11-03 03:00:00,ACTIVITY_DROP,379.5426,1130.3285,ACTIVITY_DROP: current activity 379.54 is 0.34x the baseline 1130.33.
4865,2013-11-03 04:00:00,ACTIVITY_DROP,405.2303,1130.3285,ACTIVITY_DROP: current activity 405.23 is 0.36x the baseline 1130.33.
4865,2013-11-03 05:00:00,ACTIVITY_DROP,375.71930000000003,1130.3285,ACTIVITY_DROP: current activity 375.72 is 0.33x the baseline 1130.33.
4865,2013-11-03 06:00:00,ACTIVITY_DROP,416.8361,1130.3285,ACTIVITY_DROP: current activity 416.84 is 0.37x the baseline 1130.33.
4865,2013-11-03 07:00:00,ACTIVITY_DROP,468.82710000000003,1130.3285,ACTIVITY_DROP: current activity 468.83 is 0.41x the baseline 1130.33.
4865,2013-11-03 20:00:00,HIGH_ACTIVITY,1800.2263000000003,1119.6019000000001,HIGH_ACTIVITY: current activity 1800.23 is 1.61x the baseline 1119.60.
4867,2013-11-03 02:00:00,ACTIVITY_DROP,469.95230000000004,942.4661000000001,ACTIVITY_DROP: current activity 469.95 is 0.50x the baseline 942.47.
4867,2013-11-03 03:00:00,ACTIVITY_DROP,401.6349,942.4661000000001,ACTIVITY_DROP: current activity 401.63 is 0.43x the baseline 942.47.
4867,2013-11-03 04:00:00,ACTIVITY_DROP,377.97040000000004,942.4661000000001,ACTIVITY_DROP: current activity 377.97 is 0.40x the baseline 942.47.
4867,2013-11-03 05:00:00,ACTIVITY_DROP,386.9557,942.4661000000001,ACTIVITY_DROP: current activity 386.96 is 0.41x the baseline 942.47.
4867,2013-11-03 06:00:00,ACTIVITY_DROP,458.8295,942.4661000000001,ACTIVITY_DROP: current activity 458.83 is 0.49x the baseline 942.47.
4867,2013-11-03 07:00:00,ACTIVITY_DROP,417.70980000000003,942.4661000000001,ACTIVITY_DROP: current activity 417.71 is 0.44x the baseline 942.47.
4869,2013-11-03 08:00:00,ACTIVITY_SPIKE,1115.2851000000003,1117.7951,ACTIVITY_SPIKE: current activity 1115.29 increased sharply from the previous hour 675.67.
4870,2013-11-03 05:00:00,ACTIVITY_DROP,606.8048,1228.2723,ACTIVITY_DROP: current activity 606.80 is 0.49x the baseline 1228.27.
4870,2013-11-03 08:00:00,ACTIVITY_SPIKE,1265.5411,1190.9898,ACTIVITY_SPIKE: current activity 1265.54 increased sharply from the previous hour 717.25.
4871,2013-11-03 04:00:00,ACTIVITY_DROP,487.61500000000007,984.6271999999999,ACTIVITY_DROP: current activity 487.62 is 0.50x the baseline 984.63.
4874,2013-11-03 01:00:00,ACTIVITY_DROP,302.7713,1314.7049,ACTIVITY_DROP: current activity 302.77 is 0.23x the baseline 1314.70.
4874,2013-11-03 02:00:00,ACTIVITY_DROP,268.5042,1314.7049,ACTIVITY_DROP: current activity 268.50 is 0.20x the baseline 1314.70.
4874,2013-11-03 03:00:00,ACTIVITY_DROP,270.0139,1314.7049,ACTIVITY_DROP: current activity 270.01 is 0.21x the baseline 1314.70.
4874,2013-11-03 04:00:00,ACTIVITY_DROP,246.3873,1314.7049,ACTIVITY_DROP: current activity 246.39 is 0.19x the baseline 1314.70.
4874,2013-11-03 05:00:00,ACTIVITY_DROP,280.6114,1314.7049,ACTIVITY_DROP: current activity 280.61 is 0.21x the baseline 1314.70.
4874,2013-11-03 06:00:00,ACTIVITY_SPIKE,512.3357,1314.7049,ACTIVITY_SPIKE: current activity 512.34 increased sharply from the previous hour 280.61.
4874,2013-11-03 06:00:00,ACTIVITY_DROP,512.3357,1314.7049,ACTIVITY_DROP: current activity 512.34 is 0.39x the baseline 1314.70.
4874,2013-11-03 16:00:00,HIGH_ACTIVITY,1840.1577000000002,1177.7087000000001,HIGH_ACTIVITY: current activity 1840.16 is 1.56x the baseline 1177.71.
4874,2013-11-03 17:00:00,HIGH_ACTIVITY,1834.7975000000001,1177.7087000000001,HIGH_ACTIVITY: current activity 1834.80 is 1.56x the baseline 1177.71.
4874,2013-11-03 18:00:00,HIGH_ACTIVITY,2299.6718,1177.7087000000001,HIGH_ACTIVITY: current activity 2299.67 is 1.95x the baseline 1177.71.
4874,2013-11-03 19:00:00,HIGH_ACTIVITY,2065.2300999999998,1177.7087000000001,HIGH_ACTIVITY: current activity 2065.23 is 1.75x the baseline 1177.71.
4890,2013-11-03 00:00:00,ACTIVITY_DROP,156.3072,1217.4941,ACTIVITY_DROP: current activity 156.31 is 0.13x the baseline 1217.49.
4890,2013-11-03 01:00:00,ACTIVITY_DROP,107.9885,1217.4941,ACTIVITY_DROP: current activity 107.99 is 0.09x the baseline 1217.49.
4890,2013-11-03 02:00:00,ACTIVITY_DROP,132.412,1217.4941,ACTIVITY_DROP: current activity 132.41 is 0.11x the baseline 1217.49.
4890,2013-11-03 03:00:00,ACTIVITY_DROP,124.6942,1217.4941,ACTIVITY_DROP: current activity 124.69 is 0.10x the baseline 1217.49.
4890,2013-11-03 04:00:00,ACTIVITY_DROP,119.2061,1217.4941,ACTIVITY_DROP: current activity 119.21 is 0.10x the baseline 1217.49.
4890,2013-11-03 05:00:00,ACTIVITY_SPIKE,263.21959999999996,1217.4941,ACTIVITY_SPIKE: current activity 263.22 increased sharply from the previous hour 119.21.
4890,2013-11-03 05:00:00,ACTIVITY_DROP,263.21959999999996,1217.4941,ACTIVITY_DROP: current activity 263.22 is 0.22x the baseline 1217.49.
4890,2013-11-03 06:00:00,ACTIVITY_SPIKE,427.52149999999995,1217.4941,ACTIVITY_SPIKE: current activity 427.52 increased sharply from the previous hour 263.22.
4890,2013-11-03 06:00:00,ACTIVITY_DROP,427.52149999999995,1217.4941,ACTIVITY_DROP: current activity 427.52 is 0.35x the baseline 1217.49.
4890,2013-11-03 07:00:00,ACTIVITY_DROP,403.1148,1217.4941,ACTIVITY_DROP: current activity 403.11 is 0.33x the baseline 1217.49.
4890,2013-11-03 08:00:00,ACTIVITY_SPIKE,759.2106,1217.4941,ACTIVITY_SPIKE: current activity 759.21 increased sharply from the previous hour 403.11.
4890,2013-11-03 22:00:00,ACTIVITY_DROP,466.20670000000007,1217.4941,ACTIVITY_DROP: current activity 466.21 is 0.38x the baseline 1217.49.
4890,2013-11-03 23:00:00,ACTIVITY_DROP,529.8214,1217.4941,ACTIVITY_DROP: current activity 529.82 is 0.44x the baseline 1217.49.
4926,2013-11-03 04:00:00,ACTIVITY_DROP,876.8693999999999,1978.5843,ACTIVITY_DROP: current activity 876.87 is 0.44x the baseline 1978.58.
4926,2013-11-03 05:00:00,ACTIVITY_DROP,739.5563,1978.5843,ACTIVITY_DROP: current activity 739.56 is 0.37x the baseline 1978.58.
4926,2013-11-03 06:00:00,ACTIVITY_DROP,708.3584999999999,1978.5843,ACTIVITY_DROP: current activity 708.36 is 0.36x the baseline 1978.58.
4927,2013-11-03 04:00:00,ACTIVITY_DROP,780.1029,1784.3737,ACTIVITY_DROP: current activity 780.10 is 0.44x the baseline 1784.37.
4927,2013-11-03 05:00:00,ACTIVITY_DROP,666.6736,1784.3737,ACTIVITY_DROP: current activity 666.67 is 0.37x the baseline 1784.37.
4927,2013-11-03 06:00:00,ACTIVITY_DROP,640.1843,1784.3737,ACTIVITY_DROP: current activity 640.18 is 0.36x the baseline 1784.37.
4927,2013-11-03 07:00:00,ACTIVITY_DROP,886.8743,1784.3737,ACTIVITY_DROP: current activity 886.87 is 0.50x the baseline 1784.37.
4939,2013-11-03 06:00:00,ACTIVITY_DROP,607.369,1295.2563999999998,ACTIVITY_DROP: current activity 607.37 is 0.47x the baseline 1295.26.
4939,2013-11-03 07:00:00,ACTIVITY_DROP,524.1163,1295.2563999999998,ACTIVITY_DROP: current activity 524.12 is 0.40x the baseline 1295.26.
4939,2013-11-03 08:00:00,ACTIVITY_SPIKE,796.4658,1295.2563999999998,ACTIVITY_SPIKE: current activity 796.47 increased sharply from the previous hour 524.12.
4940,2013-11-03 04:00:00,ACTIVITY_DROP,984.4312,2143.1413,ACTIVITY_DROP: current activity 984.43 is 0.46x the baseline 2143.14.
4940,2013-11-03 05:00:00,ACTIVITY_DROP,1054.6611,2143.1413,ACTIVITY_DROP: current activity 1054.66 is 0.49x the baseline 2143.14.
4940,2013-11-03 06:00:00,ACTIVITY_DROP,871.9845999999999,2143.1413,ACTIVITY_DROP: current activity 871.98 is 0.41x the baseline 2143.14.
4940,2013-11-03 07:00:00,ACTIVITY_DROP,881.6926000000001,2143.1413,ACTIVITY_DROP: current activity 881.69 is 0.41x the baseline 2143.14.
4940,2013-11-03 09:00:00,ACTIVITY_SPIKE,1620.2287,2143.1413,ACTIVITY_SPIKE: current activity 1620.23 increased sharply from the previous hour 1079.37.
4941,2013-11-03 04:00:00,ACTIVITY_DROP,890.0549,1973.6961000000001,ACTIVITY_DROP: current activity 890.05 is 0.45x the baseline 1973.70.
4941,2013-11-03 05:00:00,ACTIVITY_DROP,957.5517,1973.6961000000001,ACTIVITY_DROP: current activity 957.55 is 0.49x the baseline 1973.70.
4941,2013-11-03 06:00:00,ACTIVITY_DROP,844.0948,1973.6961000000001,ACTIVITY_DROP: current activity 844.09 is 0.43x the baseline 1973.70.
4941,2013-11-03 07:00:00,ACTIVITY_DROP,828.6232,1973.6961000000001,ACTIVITY_DROP: current activity 828.62 is 0.42x the baseline 1973.70.
4942,2013-11-03 03:00:00,ACTIVITY_DROP,700.8892,1604.7241000000001,ACTIVITY_DROP: current activity 700.89 is 0.44x the baseline 1604.72.
4942,2013-11-03 04:00:00,ACTIVITY_DROP,629.882,1604.7241000000001,ACTIVITY_DROP: current activity 629.88 is 0.39x the baseline 1604.72.
4942,2013-11-03 05:00:00,ACTIVITY_DROP,614.8534999999999,1604.7241000000001,ACTIVITY_DROP: current activity 614.85 is 0.38x the baseline 1604.72.
4942,2013-11-03 06:00:00,ACTIVITY_DROP,680.664,1604.7241000000001,ACTIVITY_DROP: current activity 680.66 is 0.42x the baseline 1604.72.
4942,2013-11-03 07:00:00,ACTIVITY_DROP,659.383,1604.7241000000001,ACTIVITY_DROP: current activity 659.38 is 0.41x the baseline 1604.72.
4943,2013-11-03 02:00:00,ACTIVITY_DROP,761.2532,1727.5753,ACTIVITY_DROP: current activity 761.25 is 0.44x the baseline 1727.58.
4943,2013-11-03 03:00:00,ACTIVITY_DROP,699.1019,1727.5753,ACTIVITY_DROP: current activity 699.10 is 0.40x the baseline 1727.58.
4943,2013-11-03 04:00:00,ACTIVITY_DROP,628.6118,1727.5753,ACTIVITY_DROP: current activity 628.61 is 0.36x the baseline 1727.58.
4943,2013-11-03 05:00:00,ACTIVITY_DROP,615.3515,1727.5753,ACTIVITY_DROP: current activity 615.35 is 0.36x the baseline 1727.58.
4943,2013-11-03 06:00:00,ACTIVITY_DROP,659.6704000000001,1727.5753,ACTIVITY_DROP: current activity 659.67 is 0.38x the baseline 1727.58.
4943,2013-11-03 07:00:00,ACTIVITY_DROP,696.5208,1727.5753,ACTIVITY_DROP: current activity 696.52 is 0.40x the baseline 1727.58.
4943,2013-11-03 11:00:00,HIGH_ACTIVITY,2869.4475,1721.1284,HIGH_ACTIVITY: current activity 2869.45 is 1.67x the baseline 1721.13.
4943,2013-11-03 11:00:00,ACTIVITY_SPIKE,2869.4475,1721.1284,ACTIVITY_SPIKE: current activity 2869.45 increased sharply from the previous hour 1727.58.
4943,2013-11-03 20:00:00,HIGH_ACTIVITY,2800.4671000000003,1721.1284,HIGH_ACTIVITY: current activity 2800.47 is 1.63x the baseline 1721.13.
4944,2013-11-03 02:00:00,ACTIVITY_DROP,590.3004000000001,1275.4243,ACTIVITY_DROP: current activity 590.30 is 0.46x the baseline 1275.42.
4944,2013-11-03 03:00:00,ACTIVITY_DROP,559.2178,1275.4243,ACTIVITY_DROP: current activity 559.22 is 0.44x the baseline 1275.42.
4944,2013-11-03 04:00:00,ACTIVITY_DROP,542.6805,1275.4243,ACTIVITY_DROP: current activity 542.68 is 0.43x the baseline 1275.42.
4944,2013-11-03 05:00:00,ACTIVITY_DROP,503.19780000000003,1275.4243,ACTIVITY_DROP: current activity 503.20 is 0.39x the baseline 1275.42.
4944,2013-11-03 06:00:00,ACTIVITY_DROP,510.5604,1275.4243,ACTIVITY_DROP: current activity 510.56 is 0.40x the baseline 1275.42.
4944,2013-11-03 07:00:00,ACTIVITY_DROP,556.6188,1275.4243,ACTIVITY_DROP: current activity 556.62 is 0.44x the baseline 1275.42.
4945,2013-11-03 05:00:00,ACTIVITY_DROP,519.0591,1119.6017,ACTIVITY_DROP: current activity 519.06 is 0.46x the baseline 1119.60.
4946,2013-11-03 05:00:00,ACTIVITY_DROP,566.9430000000001,1261.5764,ACTIVITY_DROP: current activity 566.94 is 0.45x the baseline 1261.58.
4946,2013-11-03 07:00:00,ACTIVITY_SPIKE,987.269,1261.5764,ACTIVITY_SPIKE: current activity 987.27 increased sharply from the previous hour 653.26.
4947,2013-11-03 04:00:00,ACTIVITY_DROP,638.4748000000001,1314.4493999999997,ACTIVITY_DROP: current activity 638.47 is 0.49x the baseline 1314.45.
4947,2013-11-03 05:00:00,ACTIVITY_DROP,561.9600999999999,1314.4493999999997,ACTIVITY_DROP: current activity 561.96 is 0.43x the baseline 1314.45.
4947,2013-11-03 06:00:00,ACTIVITY_DROP,639.336,1314.4493999999997,ACTIVITY_DROP: current activity 639.34 is 0.49x the baseline 1314.45.
4948,2013-11-03 04:00:00,ACTIVITY_DROP,1435.3759000000002,3010.5313,ACTIVITY_DROP: current activity 1435.38 is 0.48x the baseline 3010.53.
4948,2013-11-03 05:00:00,ACTIVITY_DROP,1444.2297999999998,3010.5313,ACTIVITY_DROP: current activity 1444.23 is 0.48x the baseline 3010.53.
4949,2013-11-03 04:00:00,ACTIVITY_DROP,1087.0562,2392.376,ACTIVITY_DROP: current activity 1087.06 is 0.45x the baseline 2392.38.
4949,2013-11-03 05:00:00,ACTIVITY_DROP,1058.5789,2392.376,ACTIVITY_DROP: current activity 1058.58 is 0.44x the baseline 2392.38.
4949,2013-11-03 06:00:00,ACTIVITY_DROP,1073.5499,2392.376,ACTIVITY_DROP: current activity 1073.55 is 0.45x the baseline 2392.38.
4950,2013-11-03 05:00:00,ACTIVITY_DROP,719.5364,1511.4999,ACTIVITY_DROP: current activity 719.54 is 0.48x the baseline 1511.50.
4950,2013-11-03 06:00:00,ACTIVITY_DROP,685.3698,1511.4999,ACTIVITY_DROP: current activity 685.37 is 0.45x the baseline 1511.50.
4950,2013-11-03 07:00:00,ACTIVITY_DROP,740.6288,1511.4999,ACTIVITY_DROP: current activity 740.63 is 0.49x the baseline 1511.50.
4950,2013-11-03 09:00:00,ACTIVITY_SPIKE,1358.4729000000002,1511.4999,ACTIVITY_SPIKE: current activity 1358.47 increased sharply from the previous hour 875.15.
4951,2013-11-03 03:00:00,ACTIVITY_DROP,627.5403,1344.7669,ACTIVITY_DROP: current activity 627.54 is 0.47x the baseline 1344.77.
4951,2013-11-03 04:00:00,ACTIVITY_DROP,565.7954,1344.7669,ACTIVITY_DROP: current activity 565.80 is 0.42x the baseline 1344.77.
4951,2013-11-03 05:00:00,ACTIVITY_DROP,566.9060999999999,1344.7669,ACTIVITY_DROP: current activity 566.91 is 0.42x the baseline 1344.77.
4951,2013-11-03 06:00:00,ACTIVITY_DROP,573.8661,1344.7669,ACTIVITY_DROP: current activity 573.87 is 0.43x the baseline 1344.77.
4951,2013-11-03 07:00:00,ACTIVITY_DROP,639.8009000000001,1344.7669,ACTIVITY_DROP: current activity 639.80 is 0.48x the baseline 1344.77.
4951,2013-11-03 16:00:00,HIGH_ACTIVITY,2099.2705,1307.2424,HIGH_ACTIVITY: current activity 2099.27 is 1.61x the baseline 1307.24.
4951,2013-11-03 18:00:00,HIGH_ACTIVITY,2009.2814,1307.2424,HIGH_ACTIVITY: current activity 2009.28 is 1.54x the baseline 1307.24.
4951,2013-11-03 21:00:00,HIGH_ACTIVITY,2155.2798999999995,1307.2424,HIGH_ACTIVITY: current activity 2155.28 is 1.65x the baseline 1307.24.
4952,2013-11-03 03:00:00,ACTIVITY_DROP,933.8375,2141.779,ACTIVITY_DROP: current activity 933.84 is 0.44x the baseline 2141.78.
4952,2013-11-03 04:00:00,ACTIVITY_DROP,991.9542,2141.779,ACTIVITY_DROP: current activity 991.95 is 0.46x the baseline 2141.78.
4952,2013-11-03 05:00:00,ACTIVITY_DROP,882.1513,2141.779,ACTIVITY_DROP: current activity 882.15 is 0.41x the baseline 2141.78.
4952,2013-11-03 06:00:00,ACTIVITY_DROP,849.9300999999999,2141.779,ACTIVITY_DROP: current activity 849.93 is 0.40x the baseline 2141.78.
4952,2013-11-03 18:00:00,HIGH_ACTIVITY,3151.6043999999993,2032.2042000000001,HIGH_ACTIVITY: current activity 3151.60 is 1.55x the baseline 2032.20.
4953,2013-11-03 03:00:00,ACTIVITY_DROP,1037.8354,2516.2674,ACTIVITY_DROP: current activity 1037.84 is 0.41x the baseline 2516.27.
4953,2013-11-03 04:00:00,ACTIVITY_DROP,1059.9624999999999,2516.2674,ACTIVITY_DROP: current activity 1059.96 is 0.42x the baseline 2516.27.
4953,2013-11-03 05:00:00,ACTIVITY_DROP,923.4509,2516.2674,ACTIVITY_DROP: current activity 923.45 is 0.37x the baseline 2516.27.
4953,2013-11-03 06:00:00,ACTIVITY_DROP,908.6623000000001,2516.2674,ACTIVITY_DROP: current activity 908.66 is 0.36x the baseline 2516.27.
4953,2013-11-03 07:00:00,ACTIVITY_DROP,1239.8356,2516.2674,ACTIVITY_DROP: current activity 1239.84 is 0.49x the baseline 2516.27.
4953,2013-11-03 09:00:00,ACTIVITY_SPIKE,2124.8540000000003,2516.2674,ACTIVITY_SPIKE: current activity 2124.85 increased sharply from the previous hour 1279.99.
4953,2013-11-03 13:00:00,HIGH_ACTIVITY,3774.1547,2499.2598000000003,HIGH_ACTIVITY: current activity 3774.15 is 1.51x the baseline 2499.26.
4953,2013-11-03 18:00:00,HIGH_ACTIVITY,4087.6912,2499.2598000000003,HIGH_ACTIVITY: current activity 4087.69 is 1.64x the baseline 2499.26.
4954,2013-11-03 03:00:00,ACTIVITY_DROP,1283.9801,2674.5664999999995,ACTIVITY_DROP: current activity 1283.98 is 0.48x the baseline 2674.57.
4954,2013-11-03 04:00:00,ACTIVITY_DROP,1159.2779999999998,2674.5664999999995,ACTIVITY_DROP: current activity 1159.28 is 0.43x the baseline 2674.57.
4954,2013-11-03 05:00:00,ACTIVITY_DROP,977.5146000000001,2674.5664999999995,ACTIVITY_DROP: current activity 977.51 is 0.37x the baseline 2674.57.
4954,2013-11-03 06:00:00,ACTIVITY_DROP,942.2022999999999,2674.5664999999995,ACTIVITY_DROP: current activity 942.20 is 0.35x the baseline 2674.57.
4954,2013-11-03 07:00:00,ACTIVITY_DROP,1003.8607000000001,2674.5664999999995,ACTIVITY_DROP: current activity 1003.86 is 0.38x the baseline 2674.57.
4955,2013-11-03 03:00:00,ACTIVITY_DROP,1030.2536,2687.458699999999,ACTIVITY_DROP: current activity 1030.25 is 0.38x the baseline 2687.46.
4955,2013-11-03 04:00:00,ACTIVITY_DROP,1009.9043,2687.458699999999,ACTIVITY_DROP: current activity 1009.90 is 0.38x the baseline 2687.46.
4955,2013-11-03 05:00:00,ACTIVITY_DROP,875.9184,2687.458699999999,ACTIVITY_DROP: current activity 875.92 is 0.33x the baseline 2687.46.
4955,2013-11-03 06:00:00,ACTIVITY_DROP,799.079,2687.458699999999,ACTIVITY_DROP: current activity 799.08 is 0.30x the baseline 2687.46.
4955,2013-11-03 07:00:00,ACTIVITY_DROP,942.1116,2687.458699999999,ACTIVITY_DROP: current activity 942.11 is 0.35x the baseline 2687.46.
4955,2013-11-03 08:00:00,ACTIVITY_DROP,1066.3229,2687.458699999999,ACTIVITY_DROP: current activity 1066.32 is 0.40x the baseline 2687.46.
4955,2013-11-03 10:00:00,ACTIVITY_SPIKE,2311.1211,2687.458699999999,ACTIVITY_SPIKE: current activity 2311.12 increased sharply from the previous hour 1513.23.
4956,2013-11-03 03:00:00,ACTIVITY_DROP,1214.3954,2997.2258999999995,ACTIVITY_DROP: current activity 1214.40 is 0.41x the baseline 2997.23.
4956,2013-11-03 04:00:00,ACTIVITY_DROP,1091.4728,2997.2258999999995,ACTIVITY_DROP: current activity 1091.47 is 0.36x the baseline 2997.23.
4956,2013-11-03 05:00:00,ACTIVITY_DROP,1116.7073,2997.2258999999995,ACTIVITY_DROP: current activity 1116.71 is 0.37x the baseline 2997.23.
4956,2013-11-03 06:00:00,ACTIVITY_DROP,1238.695,2997.2258999999995,ACTIVITY_DROP: current activity 1238.69 is 0.41x the baseline 2997.23.
4956,2013-11-03 07:00:00,ACTIVITY_DROP,1140.8847,2997.2258999999995,ACTIVITY_DROP: current activity 1140.88 is 0.38x the baseline 2997.23.
4957,2013-11-03 00:00:00,HIGH_ACTIVITY,5097.2362,3263.0757,HIGH_ACTIVITY: current activity 5097.24 is 1.56x the baseline 3263.08.
4957,2013-11-03 03:00:00,ACTIVITY_DROP,1576.009,3669.8079,ACTIVITY_DROP: current activity 1576.01 is 0.43x the baseline 3669.81.
4957,2013-11-03 04:00:00,ACTIVITY_DROP,1197.8859000000002,3669.8079,ACTIVITY_DROP: current activity 1197.89 is 0.33x the baseline 3669.81.
4957,2013-11-03 05:00:00,ACTIVITY_DROP,1234.0951,3669.8079,ACTIVITY_DROP: current activity 1234.10 is 0.34x the baseline 3669.81.
4957,2013-11-03 06:00:00,ACTIVITY_DROP,1456.5691000000002,3669.8079,ACTIVITY_DROP: current activity 1456.57 is 0.40x the baseline 3669.81.
4957,2013-11-03 07:00:00,ACTIVITY_DROP,1206.8061999999998,3669.8079,ACTIVITY_DROP: current activity 1206.81 is 0.33x the baseline 3669.81.
4957,2013-11-03 08:00:00,ACTIVITY_DROP,1676.2313,3669.8079,ACTIVITY_DROP: current activity 1676.23 is 0.46x the baseline 3669.81.
4958,2013-11-03 04:00:00,ACTIVITY_DROP,1104.8141,2815.5312999999996,ACTIVITY_DROP: current activity 1104.81 is 0.39x the baseline 2815.53.
4958,2013-11-03 05:00:00,ACTIVITY_DROP,1105.4886999999999,2815.5312999999996,ACTIVITY_DROP: current activity 1105.49 is 0.39x the baseline 2815.53.
4958,2013-11-03 06:00:00,ACTIVITY_DROP,1193.4782,2815.5312999999996,ACTIVITY_DROP: current activity 1193.48 is 0.42x the baseline 2815.53.
4958,2013-11-03 07:00:00,ACTIVITY_DROP,1174.3795,2815.5312999999996,ACTIVITY_DROP: current activity 1174.38 is 0.42x the baseline 2815.53.
4958,2013-11-03 08:00:00,ACTIVITY_DROP,1406.2813999999998,2815.5312999999996,ACTIVITY_DROP: current activity 1406.28 is 0.50x the baseline 2815.53.
4958,2013-11-03 15:00:00,HIGH_ACTIVITY,4222.9592999999995,2759.4912,HIGH_ACTIVITY: current activity 4222.96 is 1.53x the baseline 2759.49.
4958,2013-11-03 16:00:00,HIGH_ACTIVITY,4703.0471,2759.4912,HIGH_ACTIVITY: current activity 4703.05 is 1.70x the baseline 2759.49.
4958,2013-11-03 17:00:00,HIGH_ACTIVITY,5083.0808,2759.4912,HIGH_ACTIVITY: current activity 5083.08 is 1.84x the baseline 2759.49.
4958,2013-11-03 18:00:00,HIGH_ACTIVITY,4639.008,2759.4912,HIGH_ACTIVITY: current activity 4639.01 is 1.68x the baseline 2759.49.
4958,2013-11-03 19:00:00,HIGH_ACTIVITY,4677.460499999999,2759.4912,HIGH_ACTIVITY: current activity 4677.46 is 1.70x the baseline 2759.49.
4959,2013-11-03 04:00:00,ACTIVITY_DROP,1036.0449,2666.2735999999995,ACTIVITY_DROP: current activity 1036.04 is 0.39x the baseline 2666.27.
4959,2013-11-03 05:00:00,ACTIVITY_DROP,959.749,2666.2735999999995,ACTIVITY_DROP: current activity 959.75 is 0.36x the baseline 2666.27.
4959,2013-11-03 06:00:00,ACTIVITY_DROP,889.0217000000001,2666.2735999999995,ACTIVITY_DROP: current activity 889.02 is 0.33x the baseline 2666.27.
4959,2013-11-03 07:00:00,ACTIVITY_DROP,1009.7284999999999,2666.2735999999995,ACTIVITY_DROP: current activity 1009.73 is 0.38x the baseline 2666.27.
4959,2013-11-03 08:00:00,ACTIVITY_DROP,1187.4036,2666.2735999999995,ACTIVITY_DROP: current activity 1187.40 is 0.45x the baseline 2666.27.
4959,2013-11-03 09:00:00,ACTIVITY_SPIKE,1937.1055000000001,2666.2735999999995,ACTIVITY_SPIKE: current activity 1937.11 increased sharply from the previous hour 1187.40.
4959,2013-11-03 12:00:00,HIGH_ACTIVITY,4482.3887,2504.5029,HIGH_ACTIVITY: current activity 4482.39 is 1.79x the baseline 2504.50.
4959,2013-11-03 12:00:00,ACTIVITY_SPIKE,4482.3887,2504.5029,ACTIVITY_SPIKE: current activity 4482.39 increased sharply from the previous hour 2796.14.
4959,2013-11-03 13:00:00,HIGH_ACTIVITY,4395.1808,2504.5029,HIGH_ACTIVITY: current activity 4395.18 is 1.75x the baseline 2504.50.
4959,2013-11-03 14:00:00,HIGH_ACTIVITY,5494.5094,2504.5029,HIGH_ACTIVITY: current activity 5494.51 is 2.19x the baseline 2504.50.
4959,2013-11-03 15:00:00,HIGH_ACTIVITY,6928.9863000000005,2504.5029,HIGH_ACTIVITY: current activity 6928.99 is 2.77x the baseline 2504.50.
4959,2013-11-03 16:00:00,HIGH_ACTIVITY,5618.0118999999995,2504.5029,HIGH_ACTIVITY: current activity 5618.01 is 2.24x the baseline 2504.50.
4959,2013-11-03 17:00:00,HIGH_ACTIVITY,5904.3432,2504.5029,HIGH_ACTIVITY: current activity 5904.34 is 2.36x the baseline 2504.50.
4959,2013-11-03 18:00:00,HIGH_ACTIVITY,6031.4651,2504.5029,HIGH_ACTIVITY: current activity 6031.47 is 2.41x the baseline 2504.50.
4959,2013-11-03 19:00:00,HIGH_ACTIVITY,5629.228700000001,2504.5029,HIGH_ACTIVITY: current activity 5629.23 is 2.25x the baseline 2504.50.
4959,2013-11-03 20:00:00,HIGH_ACTIVITY,4615.126,2504.5029,HIGH_ACTIVITY: current activity 4615.13 is 1.84x the baseline 2504.50.
4959,2013-11-03 21:00:00,HIGH_ACTIVITY,3783.4040999999997,2504.5029,HIGH_ACTIVITY: current activity 3783.40 is 1.51x the baseline 2504.50.
4960,2013-11-03 05:00:00,ACTIVITY_DROP,1095.126,2275.8689999999997,ACTIVITY_DROP: current activity 1095.13 is 0.48x the baseline 2275.87.
4960,2013-11-03 06:00:00,ACTIVITY_DROP,1106.5391,2275.8689999999997,ACTIVITY_DROP: current activity 1106.54 is 0.49x the baseline 2275.87.
4960,2013-11-03 07:00:00,ACTIVITY_DROP,914.1434,2275.8689999999997,ACTIVITY_DROP: current activity 914.14 is 0.40x the baseline 2275.87.
4960,2013-11-03 08:00:00,ACTIVITY_DROP,1085.1829,2275.8689999999997,ACTIVITY_DROP: current activity 1085.18 is 0.48x the baseline 2275.87.
4960,2013-11-03 09:00:00,ACTIVITY_SPIKE,1903.0189999999998,2275.8689999999997,ACTIVITY_SPIKE: current activity 1903.02 increased sharply from the previous hour 1085.18.
4960,2013-11-03 11:00:00,HIGH_ACTIVITY,3360.7910999999995,2130.3509999999997,HIGH_ACTIVITY: current activity 3360.79 is 1.58x the baseline 2130.35.
4960,2013-11-03 12:00:00,HIGH_ACTIVITY,3781.5802999999996,2130.3509999999997,HIGH_ACTIVITY: current activity 3781.58 is 1.78x the baseline 2130.35.
4960,2013-11-03 13:00:00,HIGH_ACTIVITY,3831.0123000000003,2130.3509999999997,HIGH_ACTIVITY: current activity 3831.01 is 1.80x the baseline 2130.35.
4960,2013-11-03 14:00:00,HIGH_ACTIVITY,3755.1980999999996,2130.3509999999997,HIGH_ACTIVITY: current activity 3755.20 is 1.76x the baseline 2130.35.
4960,2013-11-03 15:00:00,HIGH_ACTIVITY,4836.327499999999,2130.3509999999997,HIGH_ACTIVITY: current activity 4836.33 is 2.27x the baseline 2130.35.
4960,2013-11-03 16:00:00,HIGH_ACTIVITY,4494.618399999999,2130.3509999999997,HIGH_ACTIVITY: current activity 4494.62 is 2.11x the baseline 2130.35.
4960,2013-11-03 17:00:00,HIGH_ACTIVITY,5571.6597,2130.3509999999997,HIGH_ACTIVITY: current activity 5571.66 is 2.62x the baseline 2130.35.
4960,2013-11-03 18:00:00,HIGH_ACTIVITY,4587.5491,2130.3509999999997,HIGH_ACTIVITY: current activity 4587.55 is 2.15x the baseline 2130.35.
4960,2013-11-03 19:00:00,HIGH_ACTIVITY,3201.0742999999998,2130.3509999999997,HIGH_ACTIVITY: current activity 3201.07 is 1.50x the baseline 2130.35.
4961,2013-11-03 03:00:00,ACTIVITY_DROP,1475.9394,3212.9317,ACTIVITY_DROP: current activity 1475.94 is 0.46x the baseline 3212.93.
4961,2013-11-03 04:00:00,ACTIVITY_DROP,1241.9719999999998,3212.9317,ACTIVITY_DROP: current activity 1241.97 is 0.39x the baseline 3212.93.
4961,2013-11-03 05:00:00,ACTIVITY_DROP,1259.7802,3212.9317,ACTIVITY_DROP: current activity 1259.78 is 0.39x the baseline 3212.93.
4961,2013-11-03 06:00:00,ACTIVITY_SPIKE,2565.078,3212.9317,ACTIVITY_SPIKE: current activity 2565.08 increased sharply from the previous hour 1259.78.
4961,2013-11-03 07:00:00,ACTIVITY_DROP,1140.7579,3212.9317,ACTIVITY_DROP: current activity 1140.76 is 0.36x the baseline 3212.93.
4961,2013-11-03 08:00:00,ACTIVITY_DROP,1387.3479,3212.9317,ACTIVITY_DROP: current activity 1387.35 is 0.43x the baseline 3212.93.
4961,2013-11-03 10:00:00,ACTIVITY_SPIKE,3212.9317,2782.2853,ACTIVITY_SPIKE: current activity 3212.93 increased sharply from the previous hour 2052.98.
4961,2013-11-03 11:00:00,HIGH_ACTIVITY,4880.329,2782.2853,HIGH_ACTIVITY: current activity 4880.33 is 1.75x the baseline 2782.29.
4961,2013-11-03 11:00:00,ACTIVITY_SPIKE,4880.329,2782.2853,ACTIVITY_SPIKE: current activity 4880.33 increased sharply from the previous hour 3212.93.
4961,2013-11-03 12:00:00,HIGH_ACTIVITY,4895.9396,2782.2853,HIGH_ACTIVITY: current activity 4895.94 is 1.76x the baseline 2782.29.
4961,2013-11-03 13:00:00,HIGH_ACTIVITY,4336.5673,2782.2853,HIGH_ACTIVITY: current activity 4336.57 is 1.56x the baseline 2782.29.
4961,2013-11-03 16:00:00,HIGH_ACTIVITY,4751.303199999999,2782.2853,HIGH_ACTIVITY: current activity 4751.30 is 1.71x the baseline 2782.29.
4961,2013-11-03 17:00:00,HIGH_ACTIVITY,4584.236,2782.2853,HIGH_ACTIVITY: current activity 4584.24 is 1.65x the baseline 2782.29.
4961,2013-11-03 18:00:00,HIGH_ACTIVITY,4369.775,2782.2853,HIGH_ACTIVITY: current activity 4369.77 is 1.57x the baseline 2782.29.
4962,2013-11-03 05:00:00,ACTIVITY_DROP,888.3238,2007.3901,ACTIVITY_DROP: current activity 888.32 is 0.44x the baseline 2007.39.
4962,2013-11-03 06:00:00,ACTIVITY_DROP,904.7938,2007.3901,ACTIVITY_DROP: current activity 904.79 is 0.45x the baseline 2007.39.
4962,2013-11-03 07:00:00,ACTIVITY_DROP,942.0237999999999,2007.3901,ACTIVITY_DROP: current activity 942.02 is 0.47x the baseline 2007.39.
4962,2013-11-03 09:00:00,ACTIVITY_SPIKE,1695.8921,2007.3901,ACTIVITY_SPIKE: current activity 1695.89 increased sharply from the previous hour 1110.68.
4963,2013-11-03 03:00:00,ACTIVITY_DROP,618.3046,1255.0638000000001,ACTIVITY_DROP: current activity 618.30 is 0.49x the baseline 1255.06.
4963,2013-11-03 04:00:00,ACTIVITY_DROP,611.4378999999999,1255.0638000000001,ACTIVITY_DROP: current activity 611.44 is 0.49x the baseline 1255.06.
4963,2013-11-03 05:00:00,ACTIVITY_DROP,588.0593000000001,1255.0638000000001,ACTIVITY_DROP: current activity 588.06 is 0.47x the baseline 1255.06.
4963,2013-11-03 06:00:00,ACTIVITY_DROP,580.6661,1255.0638000000001,ACTIVITY_DROP: current activity 580.67 is 0.46x the baseline 1255.06.
4963,2013-11-03 07:00:00,ACTIVITY_DROP,615.6169,1255.0638000000001,ACTIVITY_DROP: current activity 615.62 is 0.49x the baseline 1255.06.
4964,2013-11-03 01:00:00,ACTIVITY_DROP,660.6705,1324.9609999999998,ACTIVITY_DROP: current activity 660.67 is 0.50x the baseline 1324.96.
4964,2013-11-03 02:00:00,ACTIVITY_DROP,637.3968000000001,1324.9609999999998,ACTIVITY_DROP: current activity 637.40 is 0.48x the baseline 1324.96.
4964,2013-11-03 03:00:00,ACTIVITY_DROP,556.2246,1324.9609999999998,ACTIVITY_DROP: current activity 556.22 is 0.42x the baseline 1324.96.
4964,2013-11-03 04:00:00,ACTIVITY_DROP,649.8978,1324.9609999999998,ACTIVITY_DROP: current activity 649.90 is 0.49x the baseline 1324.96.
4964,2013-11-03 05:00:00,ACTIVITY_DROP,543.1166,1324.9609999999998,ACTIVITY_DROP: current activity 543.12 is 0.41x the baseline 1324.96.
4964,2013-11-03 06:00:00,ACTIVITY_DROP,476.2092,1324.9609999999998,ACTIVITY_DROP: current activity 476.21 is 0.36x the baseline 1324.96.
4964,2013-11-03 07:00:00,ACTIVITY_DROP,497.9667,1324.9609999999998,ACTIVITY_DROP: current activity 497.97 is 0.38x the baseline 1324.96.
4964,2013-11-03 08:00:00,ACTIVITY_DROP,662.0260999999999,1324.9609999999998,ACTIVITY_DROP: current activity 662.03 is 0.50x the baseline 1324.96.
4964,2013-11-03 15:00:00,HIGH_ACTIVITY,1797.5337,1196.4394,HIGH_ACTIVITY: current activity 1797.53 is 1.50x the baseline 1196.44.
4964,2013-11-03 16:00:00,HIGH_ACTIVITY,1950.3606,1196.4394,HIGH_ACTIVITY: current activity 1950.36 is 1.63x the baseline 1196.44.
4964,2013-11-03 17:00:00,HIGH_ACTIVITY,1954.4285,1196.4394,HIGH_ACTIVITY: current activity 1954.43 is 1.63x the baseline 1196.44.
4964,2013-11-03 18:00:00,HIGH_ACTIVITY,1811.6179000000002,1196.4394,HIGH_ACTIVITY: current activity 1811.62 is 1.51x the baseline 1196.44.
4965,2013-11-03 02:00:00,ACTIVITY_DROP,555.2411000000001,1297.5839,ACTIVITY_DROP: current activity 555.24 is 0.43x the baseline 1297.58.
4965,2013-11-03 03:00:00,ACTIVITY_DROP,522.8552,1297.5839,ACTIVITY_DROP: current activity 522.86 is 0.40x the baseline 1297.58.
4965,2013-11-03 05:00:00,ACTIVITY_DROP,480.7403,1297.5839,ACTIVITY_DROP: current activity 480.74 is 0.37x the baseline 1297.58.
4965,2013-11-03 06:00:00,ACTIVITY_DROP,434.0993,1297.5839,ACTIVITY_DROP: current activity 434.10 is 0.33x the baseline 1297.58.
4965,2013-11-03 07:00:00,ACTIVITY_DROP,460.942,1297.5839,ACTIVITY_DROP: current activity 460.94 is 0.36x the baseline 1297.58.
4965,2013-11-03 08:00:00,ACTIVITY_DROP,548.2939,1297.5839,ACTIVITY_DROP: current activity 548.29 is 0.42x the baseline 1297.58.
4965,2013-11-03 17:00:00,HIGH_ACTIVITY,1954.8849,1293.0421,HIGH_ACTIVITY: current activity 1954.88 is 1.51x the baseline 1293.04.
4965,2013-11-03 20:00:00,HIGH_ACTIVITY,1962.4823999999999,1293.0421,HIGH_ACTIVITY: current activity 1962.48 is 1.52x the baseline 1293.04.
4967,2013-11-03 04:00:00,ACTIVITY_DROP,794.4327999999999,2138.2969999999996,ACTIVITY_DROP: current activity 794.43 is 0.37x the baseline 2138.30.
4967,2013-11-03 05:00:00,ACTIVITY_DROP,782.6013,2138.2969999999996,ACTIVITY_DROP: current activity 782.60 is 0.37x the baseline 2138.30.
4967,2013-11-03 06:00:00,ACTIVITY_DROP,874.1982,2138.2969999999996,ACTIVITY_DROP: current activity 874.20 is 0.41x the baseline 2138.30.
4967,2013-11-03 07:00:00,ACTIVITY_DROP,884.4536,2138.2969999999996,ACTIVITY_DROP: current activity 884.45 is 0.41x the baseline 2138.30.
4967,2013-11-03 08:00:00,ACTIVITY_SPIKE,1479.8302,2138.2969999999996,ACTIVITY_SPIKE: current activity 1479.83 increased sharply from the previous hour 884.45.
4967,2013-11-03 16:00:00,HIGH_ACTIVITY,3431.6078,1972.9881999999998,HIGH_ACTIVITY: current activity 3431.61 is 1.74x the baseline 1972.99.
4967,2013-11-03 18:00:00,HIGH_ACTIVITY,3171.1352,1972.9881999999998,HIGH_ACTIVITY: current activity 3171.14 is 1.61x the baseline 1972.99.
4967,2013-11-03 19:00:00,HIGH_ACTIVITY,3057.0613000000003,1972.9881999999998,HIGH_ACTIVITY: current activity 3057.06 is 1.55x the baseline 1972.99.
4967,2013-11-03 20:00:00,HIGH_ACTIVITY,3409.9617000000003,1972.9881999999998,HIGH_ACTIVITY: current activity 3409.96 is 1.73x the baseline 1972.99.
4967,2013-11-03 21:00:00,HIGH_ACTIVITY,3329.1654,1972.9881999999998,HIGH_ACTIVITY: current activity 3329.17 is 1.69x the baseline 1972.99.
4968,2013-11-03 03:00:00,ACTIVITY_DROP,1533.2202000000002,3087.4694000000004,ACTIVITY_DROP: current activity 1533.22 is 0.50x the baseline 3087.47.
4968,2013-11-03 04:00:00,ACTIVITY_DROP,1411.6732,3087.4694000000004,ACTIVITY_DROP: current activity 1411.67 is 0.46x the baseline 3087.47.
4968,2013-11-03 05:00:00,ACTIVITY_DROP,1176.019,3087.4694000000004,ACTIVITY_DROP: current activity 1176.02 is 0.38x the baseline 3087.47.
4968,2013-11-03 06:00:00,ACTIVITY_DROP,1345.6141,3087.4694000000004,ACTIVITY_DROP: current activity 1345.61 is 0.44x the baseline 3087.47.
4968,2013-11-03 07:00:00,ACTIVITY_DROP,1396.6025000000002,3087.4694000000004,ACTIVITY_DROP: current activity 1396.60 is 0.45x the baseline 3087.47.
4968,2013-11-03 16:00:00,HIGH_ACTIVITY,4292.0016000000005,2680.7027,HIGH_ACTIVITY: current activity 4292.00 is 1.60x the baseline 2680.70.
4968,2013-11-03 18:00:00,HIGH_ACTIVITY,4277.0,2680.7027,HIGH_ACTIVITY: current activity 4277.00 is 1.60x the baseline 2680.70.
4968,2013-11-03 19:00:00,HIGH_ACTIVITY,4191.814,2680.7027,HIGH_ACTIVITY: current activity 4191.81 is 1.56x the baseline 2680.70.
4968,2013-11-03 20:00:00,HIGH_ACTIVITY,4507.5463,2680.7027,HIGH_ACTIVITY: current activity 4507.55 is 1.68x the baseline 2680.70.
4968,2013-11-03 21:00:00,HIGH_ACTIVITY,4538.510700000001,2680.7027,HIGH_ACTIVITY: current activity 4538.51 is 1.69x the baseline 2680.70.
4969,2013-11-03 05:00:00,ACTIVITY_DROP,1045.5788,2392.9073,ACTIVITY_DROP: current activity 1045.58 is 0.44x the baseline 2392.91.
4969,2013-11-03 21:00:00,HIGH_ACTIVITY,3486.9991,2290.3328,HIGH_ACTIVITY: current activity 3487.00 is 1.52x the baseline 2290.33.
4970,2013-11-03 08:00:00,ACTIVITY_SPIKE,1442.3656,1472.5849,ACTIVITY_SPIKE: current activity 1442.37 increased sharply from the previous hour 903.82.
4971,2013-11-03 04:00:00,ACTIVITY_DROP,1019.6568,2132.8482,ACTIVITY_DROP: current activity 1019.66 is 0.48x the baseline 2132.85.
4971,2013-11-03 05:00:00,ACTIVITY_DROP,1048.5415,2132.8482,ACTIVITY_DROP: current activity 1048.54 is 0.49x the baseline 2132.85.
4972,2013-11-03 02:00:00,ACTIVITY_DROP,1416.847,2994.7469000000006,ACTIVITY_DROP: current activity 1416.85 is 0.47x the baseline 2994.75.
4972,2013-11-03 03:00:00,ACTIVITY_DROP,1443.8991999999998,2994.7469000000006,ACTIVITY_DROP: current activity 1443.90 is 0.48x the baseline 2994.75.
4972,2013-11-03 04:00:00,ACTIVITY_DROP,1230.0121,2994.7469000000006,ACTIVITY_DROP: current activity 1230.01 is 0.41x the baseline 2994.75.
4972,2013-11-03 05:00:00,ACTIVITY_DROP,1147.1209999999999,2994.7469000000006,ACTIVITY_DROP: current activity 1147.12 is 0.38x the baseline 2994.75.
4972,2013-11-03 06:00:00,ACTIVITY_DROP,1075.8532000000002,2994.7469000000006,ACTIVITY_DROP: current activity 1075.85 is 0.36x the baseline 2994.75.
4972,2013-11-03 07:00:00,ACTIVITY_DROP,1097.4225,2994.7469000000006,ACTIVITY_DROP: current activity 1097.42 is 0.37x the baseline 2994.75.
4972,2013-11-03 08:00:00,ACTIVITY_DROP,1472.6953,2994.7469000000006,ACTIVITY_DROP: current activity 1472.70 is 0.49x the baseline 2994.75.
4973,2013-11-03 02:00:00,ACTIVITY_DROP,1048.7943,2377.3482999999997,ACTIVITY_DROP: current activity 1048.79 is 0.44x the baseline 2377.35.
4973,2013-11-03 03:00:00,ACTIVITY_DROP,1054.6662000000001,2377.3482999999997,ACTIVITY_DROP: current activity 1054.67 is 0.44x the baseline 2377.35.
4973,2013-11-03 04:00:00,ACTIVITY_DROP,844.9107,2377.3482999999997,ACTIVITY_DROP: current activity 844.91 is 0.36x the baseline 2377.35.
4973,2013-11-03 05:00:00,ACTIVITY_DROP,846.8759000000001,2377.3482999999997,ACTIVITY_DROP: current activity 846.88 is 0.36x the baseline 2377.35.
4973,2013-11-03 06:00:00,ACTIVITY_DROP,863.6631,2377.3482999999997,ACTIVITY_DROP: current activity 863.66 is 0.36x the baseline 2377.35.
4973,2013-11-03 07:00:00,ACTIVITY_DROP,872.5125999999999,2377.3482999999997,ACTIVITY_DROP: current activity 872.51 is 0.37x the baseline 2377.35.
4973,2013-11-03 08:00:00,ACTIVITY_SPIKE,1417.1365999999998,2377.3482999999997,ACTIVITY_SPIKE: current activity 1417.14 increased sharply from the previous hour 872.51.
4991,2013-11-03 00:00:00,ACTIVITY_DROP,328.2793,1678.8553,ACTIVITY_DROP: current activity 328.28 is 0.20x the baseline 1678.86.
4991,2013-11-03 01:00:00,ACTIVITY_DROP,195.7601,1678.8553,ACTIVITY_DROP: current activity 195.76 is 0.12x the baseline 1678.86.
4991,2013-11-03 02:00:00,ACTIVITY_DROP,208.328,1678.8553,ACTIVITY_DROP: current activity 208.33 is 0.12x the baseline 1678.86.
4991,2013-11-03 03:00:00,ACTIVITY_DROP,192.8404,1678.8553,ACTIVITY_DROP: current activity 192.84 is 0.11x the baseline 1678.86.
4991,2013-11-03 04:00:00,ACTIVITY_DROP,205.8134,1678.8553,ACTIVITY_DROP: current activity 205.81 is 0.12x the baseline 1678.86.
4991,2013-11-03 05:00:00,ACTIVITY_SPIKE,427.3046,1678.8553,ACTIVITY_SPIKE: current activity 427.30 increased sharply from the previous hour 205.81.
4991,2013-11-03 05:00:00,ACTIVITY_DROP,427.3046,1678.8553,ACTIVITY_DROP: current activity 427.30 is 0.25x the baseline 1678.86.
4991,2013-11-03 06:00:00,ACTIVITY_DROP,574.3425,1678.8553,ACTIVITY_DROP: current activity 574.34 is 0.34x the baseline 1678.86.
4991,2013-11-03 07:00:00,ACTIVITY_DROP,554.5828,1678.8553,ACTIVITY_DROP: current activity 554.58 is 0.33x the baseline 1678.86.
4991,2013-11-03 08:00:00,ACTIVITY_SPIKE,1081.9173,1678.8553,ACTIVITY_SPIKE: current activity 1081.92 increased sharply from the previous hour 554.58.
4991,2013-11-03 10:00:00,HIGH_ACTIVITY,2053.1745,1361.9953,HIGH_ACTIVITY: current activity 2053.17 is 1.51x the baseline 1362.00.
4991,2013-11-03 10:00:00,ACTIVITY_SPIKE,2053.1745,1361.9953,ACTIVITY_SPIKE: current activity 2053.17 increased sharply from the previous hour 1362.00.
4991,2013-11-03 11:00:00,HIGH_ACTIVITY,2489.5236000000004,1361.9953,HIGH_ACTIVITY: current activity 2489.52 is 1.83x the baseline 1362.00.
4991,2013-11-03 12:00:00,HIGH_ACTIVITY,2219.9312,1361.9953,HIGH_ACTIVITY: current activity 2219.93 is 1.63x the baseline 1362.00.
4991,2013-11-03 15:00:00,HIGH_ACTIVITY,2226.3986,1361.9953,HIGH_ACTIVITY: current activity 2226.40 is 1.63x the baseline 1362.00.
4991,2013-11-03 16:00:00,HIGH_ACTIVITY,2586.8657,1361.9953,HIGH_ACTIVITY: current activity 2586.87 is 1.90x the baseline 1362.00.
4991,2013-11-03 17:00:00,HIGH_ACTIVITY,2579.5859,1361.9953,HIGH_ACTIVITY: current activity 2579.59 is 1.89x the baseline 1362.00.
4991,2013-11-03 18:00:00,HIGH_ACTIVITY,2359.105,1361.9953,HIGH_ACTIVITY: current activity 2359.11 is 1.73x the baseline 1362.00.
4991,2013-11-03 19:00:00,HIGH_ACTIVITY,2060.1722,1361.9953,HIGH_ACTIVITY: current activity 2060.17 is 1.51x the baseline 1362.00.
4991,2013-11-03 22:00:00,ACTIVITY_DROP,803.3247,1678.8553,ACTIVITY_DROP: current activity 803.32 is 0.48x the baseline 1678.86.
4991,2013-11-03 23:00:00,ACTIVITY_DROP,769.1472,1678.8553,ACTIVITY_DROP: current activity 769.15 is 0.46x the baseline 1678.86.
5026,2013-11-03 04:00:00,ACTIVITY_DROP,664.6152999999999,1466.2258000000002,ACTIVITY_DROP: current activity 664.62 is 0.45x the baseline 1466.23.
5026,2013-11-03 05:00:00,ACTIVITY_DROP,550.4619,1466.2258000000002,ACTIVITY_DROP: current activity 550.46 is 0.38x the baseline 1466.23.
5026,2013-11-03 06:00:00,ACTIVITY_DROP,532.8125,1466.2258000000002,ACTIVITY_DROP: current activity 532.81 is 0.36x the baseline 1466.23.
5026,2013-11-03 07:00:00,ACTIVITY_DROP,713.7446,1466.2258000000002,ACTIVITY_DROP: current activity 713.74 is 0.49x the baseline 1466.23.
5027,2013-11-03 04:00:00,ACTIVITY_DROP,752.501,1700.6646999999998,ACTIVITY_DROP: current activity 752.50 is 0.44x the baseline 1700.66.
5027,2013-11-03 05:00:00,ACTIVITY_DROP,639.2716,1700.6646999999998,ACTIVITY_DROP: current activity 639.27 is 0.38x the baseline 1700.66.
5027,2013-11-03 06:00:00,ACTIVITY_DROP,618.4687,1700.6646999999998,ACTIVITY_DROP: current activity 618.47 is 0.36x the baseline 1700.66.
5027,2013-11-03 07:00:00,ACTIVITY_DROP,845.8455,1700.6646999999998,ACTIVITY_DROP: current activity 845.85 is 0.50x the baseline 1700.66.
5038,2013-11-03 07:00:00,ACTIVITY_DROP,423.4069,964.8416,ACTIVITY_DROP: current activity 423.41 is 0.44x the baseline 964.84.
5038,2013-11-03 08:00:00,ACTIVITY_SPIKE,705.2702,964.8416,ACTIVITY_SPIKE: current activity 705.27 increased sharply from the previous hour 423.41.
5039,2013-11-03 07:00:00,ACTIVITY_DROP,855.0529,2011.4131,ACTIVITY_DROP: current activity 855.05 is 0.43x the baseline 2011.41.
5039,2013-11-03 08:00:00,ACTIVITY_SPIKE,1483.4411,2011.4131,ACTIVITY_SPIKE: current activity 1483.44 increased sharply from the previous hour 855.05.
5039,2013-11-03 17:00:00,HIGH_ACTIVITY,3262.4954000000002,1862.6817,HIGH_ACTIVITY: current activity 3262.50 is 1.75x the baseline 1862.68.
5039,2013-11-03 17:00:00,ACTIVITY_SPIKE,3262.4954000000002,1862.6817,ACTIVITY_SPIKE: current activity 3262.50 increased sharply from the previous hour 2086.60.
5040,2013-11-03 06:00:00,ACTIVITY_DROP,928.3145000000001,2127.1674,ACTIVITY_DROP: current activity 928.31 is 0.44x the baseline 2127.17.
5040,2013-11-03 07:00:00,ACTIVITY_DROP,875.8968000000001,2127.1674,ACTIVITY_DROP: current activity 875.90 is 0.41x the baseline 2127.17.
5041,2013-11-03 02:00:00,ACTIVITY_DROP,855.1034999999999,1717.7775000000001,ACTIVITY_DROP: current activity 855.10 is 0.50x the baseline 1717.78.
5041,2013-11-03 03:00:00,ACTIVITY_DROP,795.8555,1717.7775000000001,ACTIVITY_DROP: current activity 795.86 is 0.46x the baseline 1717.78.
5041,2013-11-03 04:00:00,ACTIVITY_DROP,704.6263000000001,1717.7775000000001,ACTIVITY_DROP: current activity 704.63 is 0.41x the baseline 1717.78.
5041,2013-11-03 05:00:00,ACTIVITY_DROP,711.1406000000001,1717.7775000000001,ACTIVITY_DROP: current activity 711.14 is 0.41x the baseline 1717.78.
5041,2013-11-03 06:00:00,ACTIVITY_DROP,707.3380999999999,1717.7775000000001,ACTIVITY_DROP: current activity 707.34 is 0.41x the baseline 1717.78.
5041,2013-11-03 07:00:00,ACTIVITY_DROP,713.4046999999999,1717.7775000000001,ACTIVITY_DROP: current activity 713.40 is 0.42x the baseline 1717.78.
5042,2013-11-03 03:00:00,ACTIVITY_DROP,610.5600000000001,1387.4986,ACTIVITY_DROP: current activity 610.56 is 0.44x the baseline 1387.50.
5042,2013-11-03 04:00:00,ACTIVITY_DROP,561.5652,1387.4986,ACTIVITY_DROP: current activity 561.57 is 0.40x the baseline 1387.50.
5042,2013-11-03 05:00:00,ACTIVITY_DROP,500.9337,1387.4986,ACTIVITY_DROP: current activity 500.93 is 0.36x the baseline 1387.50.
5042,2013-11-03 06:00:00,ACTIVITY_DROP,582.9786,1387.4986,ACTIVITY_DROP: current activity 582.98 is 0.42x the baseline 1387.50.
5042,2013-11-03 07:00:00,ACTIVITY_DROP,534.9619,1387.4986,ACTIVITY_DROP: current activity 534.96 is 0.39x the baseline 1387.50.
5042,2013-11-03 08:00:00,ACTIVITY_DROP,661.0853,1387.4986,ACTIVITY_DROP: current activity 661.09 is 0.48x the baseline 1387.50.
5043,2013-11-03 03:00:00,ACTIVITY_DROP,580.1943,1273.9699,ACTIVITY_DROP: current activity 580.19 is 0.46x the baseline 1273.97.
5043,2013-11-03 04:00:00,ACTIVITY_DROP,549.947,1273.9699,ACTIVITY_DROP: current activity 549.95 is 0.43x the baseline 1273.97.
5043,2013-11-03 05:00:00,ACTIVITY_DROP,497.0535,1273.9699,ACTIVITY_DROP: current activity 497.05 is 0.39x the baseline 1273.97.
5043,2013-11-03 06:00:00,ACTIVITY_DROP,540.8783,1273.9699,ACTIVITY_DROP: current activity 540.88 is 0.42x the baseline 1273.97.
5043,2013-11-03 07:00:00,ACTIVITY_DROP,523.4443,1273.9699,ACTIVITY_DROP: current activity 523.44 is 0.41x the baseline 1273.97.
5045,2013-11-03 03:00:00,ACTIVITY_DROP,525.3249999999999,1071.1158,ACTIVITY_DROP: current activity 525.32 is 0.49x the baseline 1071.12.
5045,2013-11-03 04:00:00,ACTIVITY_DROP,534.8474,1071.1158,ACTIVITY_DROP: current activity 534.85 is 0.50x the baseline 1071.12.
5045,2013-11-03 05:00:00,ACTIVITY_DROP,486.112,1071.1158,ACTIVITY_DROP: current activity 486.11 is 0.45x the baseline 1071.12.
5045,2013-11-03 06:00:00,ACTIVITY_DROP,477.32410000000004,1071.1158,ACTIVITY_DROP: current activity 477.32 is 0.45x the baseline 1071.12.
5045,2013-11-03 16:00:00,HIGH_ACTIVITY,1513.5697999999998,1000.9106999999999,HIGH_ACTIVITY: current activity 1513.57 is 1.51x the baseline 1000.91.
5045,2013-11-03 19:00:00,HIGH_ACTIVITY,1591.6785999999997,1000.9106999999999,HIGH_ACTIVITY: current activity 1591.68 is 1.59x the baseline 1000.91.
5046,2013-11-03 02:00:00,ACTIVITY_DROP,935.5639,2027.045,ACTIVITY_DROP: current activity 935.56 is 0.46x the baseline 2027.05.
5046,2013-11-03 03:00:00,ACTIVITY_DROP,896.3849,2027.045,ACTIVITY_DROP: current activity 896.38 is 0.44x the baseline 2027.05.
5046,2013-11-03 04:00:00,ACTIVITY_DROP,840.7398999999999,2027.045,ACTIVITY_DROP: current activity 840.74 is 0.41x the baseline 2027.05.
5046,2013-11-03 05:00:00,ACTIVITY_DROP,744.0722,2027.045,ACTIVITY_DROP: current activity 744.07 is 0.37x the baseline 2027.05.
5046,2013-11-03 06:00:00,ACTIVITY_DROP,819.7125000000001,2027.045,ACTIVITY_DROP: current activity 819.71 is 0.40x the baseline 2027.05.
5046,2013-11-03 17:00:00,HIGH_ACTIVITY,2698.9301,1798.4936,HIGH_ACTIVITY: current activity 2698.93 is 1.50x the baseline 1798.49.
5046,2013-11-03 19:00:00,HIGH_ACTIVITY,2808.7811,1798.4936,HIGH_ACTIVITY: current activity 2808.78 is 1.56x the baseline 1798.49.
5047,2013-11-03 03:00:00,ACTIVITY_DROP,1549.1188,3425.8660999999997,ACTIVITY_DROP: current activity 1549.12 is 0.45x the baseline 3425.87.
5047,2013-11-03 04:00:00,ACTIVITY_DROP,1412.5229000000002,3425.8660999999997,ACTIVITY_DROP: current activity 1412.52 is 0.41x the baseline 3425.87.
5047,2013-11-03 05:00:00,ACTIVITY_DROP,1711.9832,3425.8660999999997,ACTIVITY_DROP: current activity 1711.98 is 0.50x the baseline 3425.87.
5047,2013-11-03 06:00:00,ACTIVITY_DROP,1640.444,3425.8660999999997,ACTIVITY_DROP: current activity 1640.44 is 0.48x the baseline 3425.87.
5048,2013-11-03 02:00:00,ACTIVITY_DROP,1296.3507,2686.5522,ACTIVITY_DROP: current activity 1296.35 is 0.48x the baseline 2686.55.
5048,2013-11-03 03:00:00,ACTIVITY_DROP,1236.2613000000001,2686.5522,ACTIVITY_DROP: current activity 1236.26 is 0.46x the baseline 2686.55.
5048,2013-11-03 04:00:00,ACTIVITY_DROP,1075.9659000000001,2686.5522,ACTIVITY_DROP: current activity 1075.97 is 0.40x the baseline 2686.55.
5048,2013-11-03 05:00:00,ACTIVITY_DROP,1179.8553000000002,2686.5522,ACTIVITY_DROP: current activity 1179.86 is 0.44x the baseline 2686.55.
5048,2013-11-03 06:00:00,ACTIVITY_DROP,1335.7943,2686.5522,ACTIVITY_DROP: current activity 1335.79 is 0.50x the baseline 2686.55.
5049,2013-11-03 03:00:00,ACTIVITY_DROP,936.2796999999999,1975.7798,ACTIVITY_DROP: current activity 936.28 is 0.47x the baseline 1975.78.
5049,2013-11-03 04:00:00,ACTIVITY_DROP,833.3050000000001,1975.7798,ACTIVITY_DROP: current activity 833.31 is 0.42x the baseline 1975.78.
5049,2013-11-03 05:00:00,ACTIVITY_DROP,855.2374,1975.7798,ACTIVITY_DROP: current activity 855.24 is 0.43x the baseline 1975.78.
5049,2013-11-03 06:00:00,ACTIVITY_DROP,847.8598000000001,1975.7798,ACTIVITY_DROP: current activity 847.86 is 0.43x the baseline 1975.78.
5050,2013-11-03 06:00:00,ACTIVITY_DROP,574.731,1215.7233,ACTIVITY_DROP: current activity 574.73 is 0.47x the baseline 1215.72.
5050,2013-11-03 07:00:00,ACTIVITY_DROP,599.8999,1215.7233,ACTIVITY_DROP: current activity 599.90 is 0.49x the baseline 1215.72.
5050,2013-11-03 09:00:00,ACTIVITY_SPIKE,1133.8863000000001,1215.7233,ACTIVITY_SPIKE: current activity 1133.89 increased sharply from the previous hour 698.62.
5050,2013-11-03 20:00:00,HIGH_ACTIVITY,1747.5649,1133.8863000000001,HIGH_ACTIVITY: current activity 1747.56 is 1.54x the baseline 1133.89.
5051,2013-11-03 04:00:00,ACTIVITY_DROP,601.8087,1251.9637,ACTIVITY_DROP: current activity 601.81 is 0.48x the baseline 1251.96.
5051,2013-11-03 05:00:00,ACTIVITY_DROP,564.3720999999999,1251.9637,ACTIVITY_DROP: current activity 564.37 is 0.45x the baseline 1251.96.
5051,2013-11-03 06:00:00,ACTIVITY_DROP,537.084,1251.9637,ACTIVITY_DROP: current activity 537.08 is 0.43x the baseline 1251.96.
5051,2013-11-03 07:00:00,ACTIVITY_DROP,569.3206000000001,1251.9637,ACTIVITY_DROP: current activity 569.32 is 0.45x the baseline 1251.96.
5051,2013-11-03 09:00:00,ACTIVITY_SPIKE,1028.1272,1251.9637,ACTIVITY_SPIKE: current activity 1028.13 increased sharply from the previous hour 672.78.
5052,2013-11-03 03:00:00,ACTIVITY_DROP,688.3856000000001,1508.2214000000001,ACTIVITY_DROP: current activity 688.39 is 0.46x the baseline 1508.22.
5052,2013-11-03 04:00:00,ACTIVITY_DROP,683.8584999999999,1508.2214000000001,ACTIVITY_DROP: current activity 683.86 is 0.45x the baseline 1508.22.
5052,2013-11-03 05:00:00,ACTIVITY_DROP,629.8809,1508.2214000000001,ACTIVITY_DROP: current activity 629.88 is 0.42x the baseline 1508.22.
5052,2013-11-03 06:00:00,ACTIVITY_DROP,707.6942,1508.2214000000001,ACTIVITY_DROP: current activity 707.69 is 0.47x the baseline 1508.22.
5052,2013-11-03 07:00:00,ACTIVITY_DROP,703.7283,1508.2214000000001,ACTIVITY_DROP: current activity 703.73 is 0.47x the baseline 1508.22.
5052,2013-11-03 08:00:00,ACTIVITY_DROP,732.5213,1508.2214000000001,ACTIVITY_DROP: current activity 732.52 is 0.49x the baseline 1508.22.
5052,2013-11-03 09:00:00,ACTIVITY_SPIKE,1169.9963,1508.2214000000001,ACTIVITY_SPIKE: current activity 1170.00 increased sharply from the previous hour 732.52.
5052,2013-11-03 17:00:00,HIGH_ACTIVITY,2157.3891,1419.6899999999998,HIGH_ACTIVITY: current activity 2157.39 is 1.52x the baseline 1419.69.
5052,2013-11-03 20:00:00,HIGH_ACTIVITY,2217.3078,1419.6899999999998,HIGH_ACTIVITY: current activity 2217.31 is 1.56x the baseline 1419.69.
5052,2013-11-03 22:00:00,HIGH_ACTIVITY,2327.9773,1419.6899999999998,HIGH_ACTIVITY: current activity 2327.98 is 1.64x the baseline 1419.69.
5053,2013-11-03 02:00:00,ACTIVITY_DROP,994.9093,2009.4484,ACTIVITY_DROP: current activity 994.91 is 0.50x the baseline 2009.45.
5053,2013-11-03 03:00:00,ACTIVITY_DROP,745.4957999999999,2009.4484,ACTIVITY_DROP: current activity 745.50 is 0.37x the baseline 2009.45.
5053,2013-11-03 04:00:00,ACTIVITY_DROP,741.9118999999998,2009.4484,ACTIVITY_DROP: current activity 741.91 is 0.37x the baseline 2009.45.
5053,2013-11-03 05:00:00,ACTIVITY_DROP,656.698,2009.4484,ACTIVITY_DROP: current activity 656.70 is 0.33x the baseline 2009.45.
5053,2013-11-03 06:00:00,ACTIVITY_DROP,754.3642,2009.4484,ACTIVITY_DROP: current activity 754.36 is 0.38x the baseline 2009.45.
5053,2013-11-03 07:00:00,ACTIVITY_DROP,953.6617,2009.4484,ACTIVITY_DROP: current activity 953.66 is 0.47x the baseline 2009.45.
5053,2013-11-03 08:00:00,ACTIVITY_DROP,905.4759999999999,2009.4484,ACTIVITY_DROP: current activity 905.48 is 0.45x the baseline 2009.45.
5053,2013-11-03 09:00:00,ACTIVITY_SPIKE,1774.6537,2009.4484,ACTIVITY_SPIKE: current activity 1774.65 increased sharply from the previous hour 905.48.
5053,2013-11-03 13:00:00,HIGH_ACTIVITY,3947.6125,1955.6404,HIGH_ACTIVITY: current activity 3947.61 is 2.02x the baseline 1955.64.
5053,2013-11-03 16:00:00,HIGH_ACTIVITY,3454.0981999999995,1955.6404,HIGH_ACTIVITY: current activity 3454.10 is 1.77x the baseline 1955.64.
5053,2013-11-03 17:00:00,HIGH_ACTIVITY,3383.0402000000004,1955.6404,HIGH_ACTIVITY: current activity 3383.04 is 1.73x the baseline 1955.64.
5053,2013-11-03 18:00:00,HIGH_ACTIVITY,3510.8106000000002,1955.6404,HIGH_ACTIVITY: current activity 3510.81 is 1.80x the baseline 1955.64.
5054,2013-11-03 02:00:00,ACTIVITY_DROP,597.323,1550.1685000000002,ACTIVITY_DROP: current activity 597.32 is 0.39x the baseline 1550.17.
5054,2013-11-03 03:00:00,ACTIVITY_DROP,569.9353,1550.1685000000002,ACTIVITY_DROP: current activity 569.94 is 0.37x the baseline 1550.17.
5054,2013-11-03 04:00:00,ACTIVITY_DROP,564.7091999999999,1550.1685000000002,ACTIVITY_DROP: current activity 564.71 is 0.36x the baseline 1550.17.
5054,2013-11-03 05:00:00,ACTIVITY_DROP,507.8584,1550.1685000000002,ACTIVITY_DROP: current activity 507.86 is 0.33x the baseline 1550.17.
5054,2013-11-03 06:00:00,ACTIVITY_DROP,593.0658000000001,1550.1685000000002,ACTIVITY_DROP: current activity 593.07 is 0.38x the baseline 1550.17.
5054,2013-11-03 07:00:00,ACTIVITY_DROP,613.8286,1550.1685000000002,ACTIVITY_DROP: current activity 613.83 is 0.40x the baseline 1550.17.
5054,2013-11-03 08:00:00,ACTIVITY_DROP,763.6468,1550.1685000000002,ACTIVITY_DROP: current activity 763.65 is 0.49x the baseline 1550.17.
5054,2013-11-03 09:00:00,ACTIVITY_SPIKE,1251.2881,1550.1685000000002,ACTIVITY_SPIKE: current activity 1251.29 increased sharply from the previous hour 763.65.
5054,2013-11-03 13:00:00,HIGH_ACTIVITY,1905.0876,1251.2881,HIGH_ACTIVITY: current activity 1905.09 is 1.52x the baseline 1251.29.
5054,2013-11-03 16:00:00,HIGH_ACTIVITY,2026.3068999999998,1251.2881,HIGH_ACTIVITY: current activity 2026.31 is 1.62x the baseline 1251.29.
5055,2013-11-03 03:00:00,ACTIVITY_DROP,727.4856,1664.8683999999998,ACTIVITY_DROP: current activity 727.49 is 0.44x the baseline 1664.87.
5055,2013-11-03 04:00:00,ACTIVITY_DROP,694.9218,1664.8683999999998,ACTIVITY_DROP: current activity 694.92 is 0.42x the baseline 1664.87.
5055,2013-11-03 05:00:00,ACTIVITY_DROP,637.6546000000001,1664.8683999999998,ACTIVITY_DROP: current activity 637.65 is 0.38x the baseline 1664.87.
5055,2013-11-03 06:00:00,ACTIVITY_DROP,707.678,1664.8683999999998,ACTIVITY_DROP: current activity 707.68 is 0.43x the baseline 1664.87.
5055,2013-11-03 07:00:00,ACTIVITY_DROP,816.2521999999999,1664.8683999999998,ACTIVITY_DROP: current activity 816.25 is 0.49x the baseline 1664.87.
5056,2013-11-03 04:00:00,ACTIVITY_DROP,795.4245999999999,1670.6970000000001,ACTIVITY_DROP: current activity 795.42 is 0.48x the baseline 1670.70.
5056,2013-11-03 05:00:00,ACTIVITY_DROP,722.518,1670.6970000000001,ACTIVITY_DROP: current activity 722.52 is 0.43x the baseline 1670.70.
5056,2013-11-03 06:00:00,ACTIVITY_DROP,775.3732,1670.6970000000001,ACTIVITY_DROP: current activity 775.37 is 0.46x the baseline 1670.70.
5058,2013-11-03 03:00:00,ACTIVITY_DROP,923.3915,1963.5055000000002,ACTIVITY_DROP: current activity 923.39 is 0.47x the baseline 1963.51.
5058,2013-11-03 04:00:00,ACTIVITY_DROP,791.1270999999999,1963.5055000000002,ACTIVITY_DROP: current activity 791.13 is 0.40x the baseline 1963.51.
5058,2013-11-03 05:00:00,ACTIVITY_DROP,800.663,1963.5055000000002,ACTIVITY_DROP: current activity 800.66 is 0.41x the baseline 1963.51.
5058,2013-11-03 06:00:00,ACTIVITY_DROP,777.8395,1963.5055000000002,ACTIVITY_DROP: current activity 777.84 is 0.40x the baseline 1963.51.
5058,2013-11-03 07:00:00,ACTIVITY_DROP,854.1079000000001,1963.5055000000002,ACTIVITY_DROP: current activity 854.11 is 0.43x the baseline 1963.51.
5058,2013-11-03 10:00:00,ACTIVITY_SPIKE,1963.5055000000002,1923.8722000000002,ACTIVITY_SPIKE: current activity 1963.51 increased sharply from the previous hour 1256.90.
5059,2013-11-03 02:00:00,ACTIVITY_DROP,2062.4993,5101.9229,ACTIVITY_DROP: current activity 2062.50 is 0.40x the baseline 5101.92.
5059,2013-11-03 03:00:00,ACTIVITY_DROP,1730.9180000000001,5101.9229,ACTIVITY_DROP: current activity 1730.92 is 0.34x the baseline 5101.92.
5059,2013-11-03 04:00:00,ACTIVITY_DROP,1551.5441,5101.9229,ACTIVITY_DROP: current activity 1551.54 is 0.30x the baseline 5101.92.
5059,2013-11-03 05:00:00,ACTIVITY_DROP,1682.5042,5101.9229,ACTIVITY_DROP: current activity 1682.50 is 0.33x the baseline 5101.92.
5059,2013-11-03 06:00:00,ACTIVITY_DROP,1517.1203,5101.9229,ACTIVITY_DROP: current activity 1517.12 is 0.30x the baseline 5101.92.
5059,2013-11-03 07:00:00,ACTIVITY_DROP,1726.6924999999999,5101.9229,ACTIVITY_DROP: current activity 1726.69 is 0.34x the baseline 5101.92.
5059,2013-11-03 08:00:00,ACTIVITY_DROP,2267.1096,5101.9229,ACTIVITY_DROP: current activity 2267.11 is 0.44x the baseline 5101.92.
5059,2013-11-03 09:00:00,ACTIVITY_SPIKE,3919.5385,5101.9229,ACTIVITY_SPIKE: current activity 3919.54 increased sharply from the previous hour 2267.11.
5059,2013-11-03 10:00:00,HIGH_ACTIVITY,8761.423,4585.9211,HIGH_ACTIVITY: current activity 8761.42 is 1.91x the baseline 4585.92.
5059,2013-11-03 10:00:00,ACTIVITY_SPIKE,8761.423,4585.9211,ACTIVITY_SPIKE: current activity 8761.42 increased sharply from the previous hour 3919.54.
5059,2013-11-03 11:00:00,HIGH_ACTIVITY,8673.992900000001,4585.9211,HIGH_ACTIVITY: current activity 8673.99 is 1.89x the baseline 4585.92.
5059,2013-11-03 12:00:00,HIGH_ACTIVITY,10817.4617,4585.9211,HIGH_ACTIVITY: current activity 10817.46 is 2.36x the baseline 4585.92.
5059,2013-11-03 13:00:00,HIGH_ACTIVITY,11554.005699999998,4585.9211,HIGH_ACTIVITY: current activity 11554.01 is 2.52x the baseline 4585.92.
5059,2013-11-03 14:00:00,HIGH_ACTIVITY,12798.5553,4585.9211,HIGH_ACTIVITY: current activity 12798.56 is 2.79x the baseline 4585.92.
5059,2013-11-03 15:00:00,HIGH_ACTIVITY,14442.5304,4585.9211,HIGH_ACTIVITY: current activity 14442.53 is 3.15x the baseline 4585.92.
5059,2013-11-03 16:00:00,HIGH_ACTIVITY,14221.0248,4585.9211,HIGH_ACTIVITY: current activity 14221.02 is 3.10x the baseline 4585.92.
5059,2013-11-03 17:00:00,HIGH_ACTIVITY,14760.6154,4585.9211,HIGH_ACTIVITY: current activity 14760.62 is 3.22x the baseline 4585.92.
5059,2013-11-03 18:00:00,HIGH_ACTIVITY,13829.8537,4585.9211,HIGH_ACTIVITY: current activity 13829.85 is 3.02x the baseline 4585.92.
5059,2013-11-03 19:00:00,HIGH_ACTIVITY,9754.1937,4585.9211,HIGH_ACTIVITY: current activity 9754.19 is 2.13x the baseline 4585.92.
5060,2013-11-03 05:00:00,ACTIVITY_DROP,972.3707,2116.0827,ACTIVITY_DROP: current activity 972.37 is 0.46x the baseline 2116.08.
5060,2013-11-03 06:00:00,ACTIVITY_DROP,967.2647000000001,2116.0827,ACTIVITY_DROP: current activity 967.26 is 0.46x the baseline 2116.08.
5060,2013-11-03 07:00:00,ACTIVITY_DROP,951.9131,2116.0827,ACTIVITY_DROP: current activity 951.91 is 0.45x the baseline 2116.08.
5060,2013-11-03 09:00:00,ACTIVITY_SPIKE,1728.7419,2116.0827,ACTIVITY_SPIKE: current activity 1728.74 increased sharply from the previous hour 1117.65.
5060,2013-11-03 10:00:00,HIGH_ACTIVITY,3092.5841,1848.4495000000002,HIGH_ACTIVITY: current activity 3092.58 is 1.67x the baseline 1848.45.
5060,2013-11-03 10:00:00,ACTIVITY_SPIKE,3092.5841,1848.4495000000002,ACTIVITY_SPIKE: current activity 3092.58 increased sharply from the previous hour 1728.74.
5060,2013-11-03 11:00:00,HIGH_ACTIVITY,4169.334199999999,1848.4495000000002,HIGH_ACTIVITY: current activity 4169.33 is 2.26x the baseline 1848.45.
5060,2013-11-03 12:00:00,HIGH_ACTIVITY,5147.5765,1848.4495000000002,HIGH_ACTIVITY: current activity 5147.58 is 2.78x the baseline 1848.45.
5060,2013-11-03 13:00:00,HIGH_ACTIVITY,5303.6505,1848.4495000000002,HIGH_ACTIVITY: current activity 5303.65 is 2.87x the baseline 1848.45.
5060,2013-11-03 14:00:00,HIGH_ACTIVITY,5673.415100000001,1848.4495000000002,HIGH_ACTIVITY: current activity 5673.42 is 3.07x the baseline 1848.45.
5060,2013-11-03 15:00:00,HIGH_ACTIVITY,6327.6859,1848.4495000000002,HIGH_ACTIVITY: current activity 6327.69 is 3.42x the baseline 1848.45.
5060,2013-11-03 16:00:00,HIGH_ACTIVITY,6761.1273,1848.4495000000002,HIGH_ACTIVITY: current activity 6761.13 is 3.66x the baseline 1848.45.
5060,2013-11-03 17:00:00,HIGH_ACTIVITY,7795.8943,1848.4495000000002,HIGH_ACTIVITY: current activity 7795.89 is 4.22x the baseline 1848.45.
5060,2013-11-03 18:00:00,HIGH_ACTIVITY,6822.0603,1848.4495000000002,HIGH_ACTIVITY: current activity 6822.06 is 3.69x the baseline 1848.45.
5060,2013-11-03 19:00:00,HIGH_ACTIVITY,4400.7391,1848.4495000000002,HIGH_ACTIVITY: current activity 4400.74 is 2.38x the baseline 1848.45.
5061,2013-11-03 01:00:00,ACTIVITY_DROP,2291.3603000000003,5108.4119,ACTIVITY_DROP: current activity 2291.36 is 0.45x the baseline 5108.41.
5061,2013-11-03 02:00:00,ACTIVITY_DROP,2141.904,5108.4119,ACTIVITY_DROP: current activity 2141.90 is 0.42x the baseline 5108.41.
5061,2013-11-03 03:00:00,ACTIVITY_DROP,1601.8964999999998,5108.4119,ACTIVITY_DROP: current activity 1601.90 is 0.31x the baseline 5108.41.
5061,2013-11-03 04:00:00,ACTIVITY_DROP,1427.3183999999999,5108.4119,ACTIVITY_DROP: current activity 1427.32 is 0.28x the baseline 5108.41.
5061,2013-11-03 05:00:00,ACTIVITY_DROP,1857.3074,5108.4119,ACTIVITY_DROP: current activity 1857.31 is 0.36x the baseline 5108.41.
5061,2013-11-03 06:00:00,ACTIVITY_DROP,2098.4743,5108.4119,ACTIVITY_DROP: current activity 2098.47 is 0.41x the baseline 5108.41.
5061,2013-11-03 09:00:00,ACTIVITY_SPIKE,5108.4119,4462.3085,ACTIVITY_SPIKE: current activity 5108.41 increased sharply from the previous hour 3319.90.
5061,2013-11-03 11:00:00,HIGH_ACTIVITY,9445.6137,4462.3085,HIGH_ACTIVITY: current activity 9445.61 is 2.12x the baseline 4462.31.
5061,2013-11-03 12:00:00,HIGH_ACTIVITY,9545.3344,4462.3085,HIGH_ACTIVITY: current activity 9545.33 is 2.14x the baseline 4462.31.
5061,2013-11-03 13:00:00,HIGH_ACTIVITY,9027.716,4462.3085,HIGH_ACTIVITY: current activity 9027.72 is 2.02x the baseline 4462.31.
5061,2013-11-03 14:00:00,HIGH_ACTIVITY,9200.5394,4462.3085,HIGH_ACTIVITY: current activity 9200.54 is 2.06x the baseline 4462.31.
5061,2013-11-03 15:00:00,HIGH_ACTIVITY,10433.3366,4462.3085,HIGH_ACTIVITY: current activity 10433.34 is 2.34x the baseline 4462.31.
5061,2013-11-03 16:00:00,HIGH_ACTIVITY,10186.598600000001,4462.3085,HIGH_ACTIVITY: current activity 10186.60 is 2.28x the baseline 4462.31.
5061,2013-11-03 17:00:00,HIGH_ACTIVITY,11325.651800000001,4462.3085,HIGH_ACTIVITY: current activity 11325.65 is 2.54x the baseline 4462.31.
5061,2013-11-03 18:00:00,HIGH_ACTIVITY,9248.8896,4462.3085,HIGH_ACTIVITY: current activity 9248.89 is 2.07x the baseline 4462.31.
5061,2013-11-03 19:00:00,HIGH_ACTIVITY,7506.2346,4462.3085,HIGH_ACTIVITY: current activity 7506.23 is 1.68x the baseline 4462.31.
5062,2013-11-03 02:00:00,ACTIVITY_SPIKE,1974.1752999999999,1734.574,ACTIVITY_SPIKE: current activity 1974.18 increased sharply from the previous hour 1290.35.
5062,2013-11-03 03:00:00,ACTIVITY_DROP,860.0572999999999,1929.7621,ACTIVITY_DROP: current activity 860.06 is 0.45x the baseline 1929.76.
5062,2013-11-03 04:00:00,ACTIVITY_DROP,920.3735,1929.7621,ACTIVITY_DROP: current activity 920.37 is 0.48x the baseline 1929.76.
5062,2013-11-03 05:00:00,ACTIVITY_DROP,818.5355999999999,1929.7621,ACTIVITY_DROP: current activity 818.54 is 0.42x the baseline 1929.76.
5062,2013-11-03 06:00:00,ACTIVITY_DROP,737.8977,1929.7621,ACTIVITY_DROP: current activity 737.90 is 0.38x the baseline 1929.76.
5062,2013-11-03 07:00:00,ACTIVITY_DROP,821.1629,1929.7621,ACTIVITY_DROP: current activity 821.16 is 0.43x the baseline 1929.76.
5062,2013-11-03 08:00:00,ACTIVITY_SPIKE,1358.2397,1929.7621,ACTIVITY_SPIKE: current activity 1358.24 increased sharply from the previous hour 821.16.
5062,2013-11-03 11:00:00,HIGH_ACTIVITY,2726.9025,1734.574,HIGH_ACTIVITY: current activity 2726.90 is 1.57x the baseline 1734.57.
5062,2013-11-03 12:00:00,HIGH_ACTIVITY,2749.3355,1734.574,HIGH_ACTIVITY: current activity 2749.34 is 1.59x the baseline 1734.57.
5062,2013-11-03 14:00:00,HIGH_ACTIVITY,2657.5258,1734.574,HIGH_ACTIVITY: current activity 2657.53 is 1.53x the baseline 1734.57.
5062,2013-11-03 15:00:00,HIGH_ACTIVITY,2719.9486,1734.574,HIGH_ACTIVITY: current activity 2719.95 is 1.57x the baseline 1734.57.
5062,2013-11-03 16:00:00,HIGH_ACTIVITY,3033.5101000000004,1734.574,HIGH_ACTIVITY: current activity 3033.51 is 1.75x the baseline 1734.57.
5062,2013-11-03 17:00:00,HIGH_ACTIVITY,3314.4516,1734.574,HIGH_ACTIVITY: current activity 3314.45 is 1.91x the baseline 1734.57.
5062,2013-11-03 18:00:00,HIGH_ACTIVITY,2629.6043999999997,1734.574,HIGH_ACTIVITY: current activity 2629.60 is 1.52x the baseline 1734.57.
5063,2013-11-03 02:00:00,ACTIVITY_DROP,1070.6994,2239.7076,ACTIVITY_DROP: current activity 1070.70 is 0.48x the baseline 2239.71.
5063,2013-11-03 03:00:00,ACTIVITY_DROP,1074.185,2239.7076,ACTIVITY_DROP: current activity 1074.18 is 0.48x the baseline 2239.71.
5063,2013-11-03 04:00:00,ACTIVITY_DROP,1041.4844,2239.7076,ACTIVITY_DROP: current activity 1041.48 is 0.47x the baseline 2239.71.
5063,2013-11-03 05:00:00,ACTIVITY_DROP,806.3587000000001,2239.7076,ACTIVITY_DROP: current activity 806.36 is 0.36x the baseline 2239.71.
5063,2013-11-03 06:00:00,ACTIVITY_DROP,826.2803,2239.7076,ACTIVITY_DROP: current activity 826.28 is 0.37x the baseline 2239.71.
5063,2013-11-03 07:00:00,ACTIVITY_DROP,980.4014000000001,2239.7076,ACTIVITY_DROP: current activity 980.40 is 0.44x the baseline 2239.71.
5064,2013-11-03 03:00:00,ACTIVITY_DROP,710.996,1588.1849000000002,ACTIVITY_DROP: current activity 711.00 is 0.45x the baseline 1588.18.
5064,2013-11-03 04:00:00,ACTIVITY_DROP,717.9372999999999,1588.1849000000002,ACTIVITY_DROP: current activity 717.94 is 0.45x the baseline 1588.18.
5064,2013-11-03 05:00:00,ACTIVITY_DROP,687.0492999999999,1588.1849000000002,ACTIVITY_DROP: current activity 687.05 is 0.43x the baseline 1588.18.
5064,2013-11-03 06:00:00,ACTIVITY_DROP,679.4345000000001,1588.1849000000002,ACTIVITY_DROP: current activity 679.43 is 0.43x the baseline 1588.18.
5064,2013-11-03 07:00:00,ACTIVITY_DROP,646.2396999999999,1588.1849000000002,ACTIVITY_DROP: current activity 646.24 is 0.41x the baseline 1588.18.
5064,2013-11-03 17:00:00,HIGH_ACTIVITY,2433.9933,1480.5301999999997,HIGH_ACTIVITY: current activity 2433.99 is 1.64x the baseline 1480.53.
5064,2013-11-03 19:00:00,HIGH_ACTIVITY,2329.9282999999996,1480.5301999999997,HIGH_ACTIVITY: current activity 2329.93 is 1.57x the baseline 1480.53.
5064,2013-11-03 20:00:00,HIGH_ACTIVITY,2766.2572999999998,1480.5301999999997,HIGH_ACTIVITY: current activity 2766.26 is 1.87x the baseline 1480.53.
5064,2013-11-03 21:00:00,HIGH_ACTIVITY,2586.5323999999996,1480.5301999999997,HIGH_ACTIVITY: current activity 2586.53 is 1.75x the baseline 1480.53.
5065,2013-11-03 02:00:00,ACTIVITY_DROP,426.774,956.71,ACTIVITY_DROP: current activity 426.77 is 0.45x the baseline 956.71.
5065,2013-11-03 03:00:00,ACTIVITY_DROP,403.5741,956.71,ACTIVITY_DROP: current activity 403.57 is 0.42x the baseline 956.71.
5065,2013-11-03 04:00:00,ACTIVITY_DROP,444.3864,956.71,ACTIVITY_DROP: current activity 444.39 is 0.46x the baseline 956.71.
5065,2013-11-03 05:00:00,ACTIVITY_DROP,377.8175,956.71,ACTIVITY_DROP: current activity 377.82 is 0.39x the baseline 956.71.
5065,2013-11-03 06:00:00,ACTIVITY_DROP,353.342,956.71,ACTIVITY_DROP: current activity 353.34 is 0.37x the baseline 956.71.
5065,2013-11-03 07:00:00,ACTIVITY_DROP,382.5488,956.71,ACTIVITY_DROP: current activity 382.55 is 0.40x the baseline 956.71.
5065,2013-11-03 08:00:00,ACTIVITY_DROP,448.6007,956.71,ACTIVITY_DROP: current activity 448.60 is 0.47x the baseline 956.71.
5065,2013-11-03 20:00:00,HIGH_ACTIVITY,1458.551,950.1413,HIGH_ACTIVITY: current activity 1458.55 is 1.54x the baseline 950.14.
5067,2013-11-03 03:00:00,ACTIVITY_DROP,634.3480999999999,1309.6774,ACTIVITY_DROP: current activity 634.35 is 0.48x the baseline 1309.68.
5067,2013-11-03 04:00:00,ACTIVITY_DROP,501.07280000000003,1309.6774,ACTIVITY_DROP: current activity 501.07 is 0.38x the baseline 1309.68.
5067,2013-11-03 05:00:00,ACTIVITY_DROP,484.84389999999996,1309.6774,ACTIVITY_DROP: current activity 484.84 is 0.37x the baseline 1309.68.
5067,2013-11-03 06:00:00,ACTIVITY_DROP,531.9288,1309.6774,ACTIVITY_DROP: current activity 531.93 is 0.41x the baseline 1309.68.
5067,2013-11-03 07:00:00,ACTIVITY_DROP,549.0992,1309.6774,ACTIVITY_DROP: current activity 549.10 is 0.42x the baseline 1309.68.
5067,2013-11-03 08:00:00,ACTIVITY_SPIKE,871.8376999999999,1309.6774,ACTIVITY_SPIKE: current activity 871.84 increased sharply from the previous hour 549.10.
5067,2013-11-03 16:00:00,HIGH_ACTIVITY,1954.6713,1223.0289,HIGH_ACTIVITY: current activity 1954.67 is 1.60x the baseline 1223.03.
5067,2013-11-03 18:00:00,HIGH_ACTIVITY,1972.3398,1223.0289,HIGH_ACTIVITY: current activity 1972.34 is 1.61x the baseline 1223.03.
5067,2013-11-03 19:00:00,HIGH_ACTIVITY,1902.4287999999997,1223.0289,HIGH_ACTIVITY: current activity 1902.43 is 1.56x the baseline 1223.03.
5067,2013-11-03 20:00:00,HIGH_ACTIVITY,2048.044,1223.0289,HIGH_ACTIVITY: current activity 2048.04 is 1.67x the baseline 1223.03.
5067,2013-11-03 21:00:00,HIGH_ACTIVITY,2025.6834,1223.0289,HIGH_ACTIVITY: current activity 2025.68 is 1.66x the baseline 1223.03.
5068,2013-11-03 03:00:00,ACTIVITY_DROP,1547.4385,3346.9230999999995,ACTIVITY_DROP: current activity 1547.44 is 0.46x the baseline 3346.92.
5068,2013-11-03 04:00:00,ACTIVITY_DROP,1371.786,3346.9230999999995,ACTIVITY_DROP: current activity 1371.79 is 0.41x the baseline 3346.92.
5068,2013-11-03 05:00:00,ACTIVITY_DROP,1243.2255999999998,3346.9230999999995,ACTIVITY_DROP: current activity 1243.23 is 0.37x the baseline 3346.92.
5068,2013-11-03 06:00:00,ACTIVITY_DROP,1218.3110000000001,3346.9230999999995,ACTIVITY_DROP: current activity 1218.31 is 0.36x the baseline 3346.92.
5068,2013-11-03 07:00:00,ACTIVITY_DROP,1462.794,3346.9230999999995,ACTIVITY_DROP: current activity 1462.79 is 0.44x the baseline 3346.92.
5068,2013-11-03 18:00:00,HIGH_ACTIVITY,4487.7243,2705.5618,HIGH_ACTIVITY: current activity 4487.72 is 1.66x the baseline 2705.56.
5068,2013-11-03 19:00:00,HIGH_ACTIVITY,4231.4881,2705.5618,HIGH_ACTIVITY: current activity 4231.49 is 1.56x the baseline 2705.56.
5068,2013-11-03 20:00:00,HIGH_ACTIVITY,4387.0291,2705.5618,HIGH_ACTIVITY: current activity 4387.03 is 1.62x the baseline 2705.56.
5068,2013-11-03 21:00:00,HIGH_ACTIVITY,4956.3416,2705.5618,HIGH_ACTIVITY: current activity 4956.34 is 1.83x the baseline 2705.56.
5068,2013-11-03 22:00:00,HIGH_ACTIVITY,5387.700200000001,2705.5618,HIGH_ACTIVITY: current activity 5387.70 is 1.99x the baseline 2705.56.
5068,2013-11-03 23:00:00,HIGH_ACTIVITY,4157.2989,2705.5618,HIGH_ACTIVITY: current activity 4157.30 is 1.54x the baseline 2705.56.
5069,2013-11-03 04:00:00,ACTIVITY_DROP,1232.2817000000002,2516.4275,ACTIVITY_DROP: current activity 1232.28 is 0.49x the baseline 2516.43.
5069,2013-11-03 05:00:00,ACTIVITY_DROP,1034.9048,2516.4275,ACTIVITY_DROP: current activity 1034.90 is 0.41x the baseline 2516.43.
5069,2013-11-03 07:00:00,ACTIVITY_DROP,1113.055,2516.4275,ACTIVITY_DROP: current activity 1113.06 is 0.44x the baseline 2516.43.
5070,2013-11-03 04:00:00,ACTIVITY_DROP,1156.8269999999998,2379.5062000000003,ACTIVITY_DROP: current activity 1156.83 is 0.49x the baseline 2379.51.
5070,2013-11-03 05:00:00,ACTIVITY_DROP,1021.6517,2379.5062000000003,ACTIVITY_DROP: current activity 1021.65 is 0.43x the baseline 2379.51.
5070,2013-11-03 06:00:00,ACTIVITY_DROP,1100.6789,2379.5062000000003,ACTIVITY_DROP: current activity 1100.68 is 0.46x the baseline 2379.51.
5070,2013-11-03 07:00:00,ACTIVITY_DROP,1041.4733,2379.5062000000003,ACTIVITY_DROP: current activity 1041.47 is 0.44x the baseline 2379.51.
5071,2013-11-03 04:00:00,ACTIVITY_DROP,1000.2538,2125.0682,ACTIVITY_DROP: current activity 1000.25 is 0.47x the baseline 2125.07.
5071,2013-11-03 05:00:00,ACTIVITY_DROP,969.2992,2125.0682,ACTIVITY_DROP: current activity 969.30 is 0.46x the baseline 2125.07.
5071,2013-11-03 06:00:00,ACTIVITY_DROP,941.0873000000001,2125.0682,ACTIVITY_DROP: current activity 941.09 is 0.44x the baseline 2125.07.
5071,2013-11-03 07:00:00,ACTIVITY_DROP,965.5146,2125.0682,ACTIVITY_DROP: current activity 965.51 is 0.45x the baseline 2125.07.
5071,2013-11-03 15:00:00,HIGH_ACTIVITY,3438.4383,1970.4983000000002,HIGH_ACTIVITY: current activity 3438.44 is 1.74x the baseline 1970.50.
5071,2013-11-03 15:00:00,ACTIVITY_SPIKE,3438.4383,1970.4983000000002,ACTIVITY_SPIKE: current activity 3438.44 increased sharply from the previous hour 2243.51.
5072,2013-11-03 05:00:00,ACTIVITY_DROP,1634.964,3470.0780999999997,ACTIVITY_DROP: current activity 1634.96 is 0.47x the baseline 3470.08.
5072,2013-11-03 06:00:00,ACTIVITY_DROP,1610.2319,3470.0780999999997,ACTIVITY_DROP: current activity 1610.23 is 0.46x the baseline 3470.08.
5073,2013-11-03 05:00:00,ACTIVITY_DROP,1582.0698,3242.8124000000003,ACTIVITY_DROP: current activity 1582.07 is 0.49x the baseline 3242.81.
5073,2013-11-03 06:00:00,ACTIVITY_DROP,1566.2127999999998,3242.8124000000003,ACTIVITY_DROP: current activity 1566.21 is 0.48x the baseline 3242.81.
5089,2013-11-03 00:00:00,ACTIVITY_DROP,371.4235,1347.329,ACTIVITY_DROP: current activity 371.42 is 0.28x the baseline 1347.33.
5089,2013-11-03 01:00:00,ACTIVITY_DROP,256.22249999999997,1347.329,ACTIVITY_DROP: current activity 256.22 is 0.19x the baseline 1347.33.
5089,2013-11-03 02:00:00,ACTIVITY_DROP,230.7348,1347.329,ACTIVITY_DROP: current activity 230.73 is 0.17x the baseline 1347.33.
5089,2013-11-03 03:00:00,ACTIVITY_DROP,218.39440000000002,1347.329,ACTIVITY_DROP: current activity 218.39 is 0.16x the baseline 1347.33.
5089,2013-11-03 04:00:00,ACTIVITY_DROP,244.6676,1347.329,ACTIVITY_DROP: current activity 244.67 is 0.18x the baseline 1347.33.
5089,2013-11-03 05:00:00,ACTIVITY_SPIKE,382.64570000000003,1347.329,ACTIVITY_SPIKE: current activity 382.65 increased sharply from the previous hour 244.67.
5089,2013-11-03 05:00:00,ACTIVITY_DROP,382.64570000000003,1347.329,ACTIVITY_DROP: current activity 382.65 is 0.28x the baseline 1347.33.
5089,2013-11-03 06:00:00,ACTIVITY_DROP,397.97119999999995,1347.329,ACTIVITY_DROP: current activity 397.97 is 0.30x the baseline 1347.33.
5089,2013-11-03 07:00:00,ACTIVITY_DROP,475.8782,1347.329,ACTIVITY_DROP: current activity 475.88 is 0.35x the baseline 1347.33.
5089,2013-11-03 08:00:00,ACTIVITY_SPIKE,883.5694,1347.329,ACTIVITY_SPIKE: current activity 883.57 increased sharply from the previous hour 475.88.
5089,2013-11-03 10:00:00,HIGH_ACTIVITY,2053.2976,1233.0073,HIGH_ACTIVITY: current activity 2053.30 is 1.67x the baseline 1233.01.
5089,2013-11-03 10:00:00,ACTIVITY_SPIKE,2053.2976,1233.0073,ACTIVITY_SPIKE: current activity 2053.30 increased sharply from the previous hour 1233.01.
5089,2013-11-03 11:00:00,HIGH_ACTIVITY,1889.8915000000002,1233.0073,HIGH_ACTIVITY: current activity 1889.89 is 1.53x the baseline 1233.01.
5089,2013-11-03 12:00:00,HIGH_ACTIVITY,1882.9288999999999,1233.0073,HIGH_ACTIVITY: current activity 1882.93 is 1.53x the baseline 1233.01.
5089,2013-11-03 16:00:00,HIGH_ACTIVITY,2193.0576,1233.0073,HIGH_ACTIVITY: current activity 2193.06 is 1.78x the baseline 1233.01.
5089,2013-11-03 17:00:00,HIGH_ACTIVITY,2077.4831000000004,1233.0073,HIGH_ACTIVITY: current activity 2077.48 is 1.68x the baseline 1233.01.
5089,2013-11-03 18:00:00,HIGH_ACTIVITY,1867.2311,1233.0073,HIGH_ACTIVITY: current activity 1867.23 is 1.51x the baseline 1233.01.
5090,2013-11-03 00:00:00,ACTIVITY_DROP,200.67100000000002,1030.7261,ACTIVITY_DROP: current activity 200.67 is 0.19x the baseline 1030.73.
5090,2013-11-03 01:00:00,ACTIVITY_DROP,169.468,1030.7261,ACTIVITY_DROP: current activity 169.47 is 0.16x the baseline 1030.73.
5090,2013-11-03 02:00:00,ACTIVITY_DROP,154.61780000000002,1030.7261,ACTIVITY_DROP: current activity 154.62 is 0.15x the baseline 1030.73.
5090,2013-11-03 03:00:00,ACTIVITY_DROP,143.89700000000002,1030.7261,ACTIVITY_DROP: current activity 143.90 is 0.14x the baseline 1030.73.
5090,2013-11-03 04:00:00,ACTIVITY_DROP,164.7797,1030.7261,ACTIVITY_DROP: current activity 164.78 is 0.16x the baseline 1030.73.
5090,2013-11-03 05:00:00,ACTIVITY_SPIKE,251.1768,1030.7261,ACTIVITY_SPIKE: current activity 251.18 increased sharply from the previous hour 164.78.
5090,2013-11-03 05:00:00,ACTIVITY_DROP,251.1768,1030.7261,ACTIVITY_DROP: current activity 251.18 is 0.24x the baseline 1030.73.
5090,2013-11-03 06:00:00,ACTIVITY_DROP,298.3216,1030.7261,ACTIVITY_DROP: current activity 298.32 is 0.29x the baseline 1030.73.
5090,2013-11-03 07:00:00,ACTIVITY_DROP,354.34720000000004,1030.7261,ACTIVITY_DROP: current activity 354.35 is 0.34x the baseline 1030.73.
5090,2013-11-03 08:00:00,ACTIVITY_SPIKE,631.226,1030.7261,ACTIVITY_SPIKE: current activity 631.23 increased sharply from the previous hour 354.35.
5140,2013-11-03 04:00:00,ACTIVITY_DROP,641.5201000000001,1323.3584,ACTIVITY_DROP: current activity 641.52 is 0.48x the baseline 1323.36.
5140,2013-11-03 05:00:00,ACTIVITY_DROP,642.047,1323.3584,ACTIVITY_DROP: current activity 642.05 is 0.49x the baseline 1323.36.
5140,2013-11-03 06:00:00,ACTIVITY_DROP,600.4743,1323.3584,ACTIVITY_DROP: current activity 600.47 is 0.45x the baseline 1323.36.
5140,2013-11-03 07:00:00,ACTIVITY_DROP,591.0024,1323.3584,ACTIVITY_DROP: current activity 591.00 is 0.45x the baseline 1323.36.
5141,2013-11-03 01:00:00,ACTIVITY_DROP,688.7348,1394.2409,ACTIVITY_DROP: current activity 688.73 is 0.49x the baseline 1394.24.
5141,2013-11-03 02:00:00,ACTIVITY_DROP,623.7836000000001,1394.2409,ACTIVITY_DROP: current activity 623.78 is 0.45x the baseline 1394.24.
5141,2013-11-03 03:00:00,ACTIVITY_DROP,582.213,1394.2409,ACTIVITY_DROP: current activity 582.21 is 0.42x the baseline 1394.24.
5141,2013-11-03 04:00:00,ACTIVITY_DROP,516.224,1394.2409,ACTIVITY_DROP: current activity 516.22 is 0.37x the baseline 1394.24.
5141,2013-11-03 05:00:00,ACTIVITY_DROP,507.614,1394.2409,ACTIVITY_DROP: current activity 507.61 is 0.36x the baseline 1394.24.
5141,2013-11-03 06:00:00,ACTIVITY_DROP,571.9687,1394.2409,ACTIVITY_DROP: current activity 571.97 is 0.41x the baseline 1394.24.
5141,2013-11-03 07:00:00,ACTIVITY_DROP,615.1434,1394.2409,ACTIVITY_DROP: current activity 615.14 is 0.44x the baseline 1394.24.
5142,2013-11-03 03:00:00,ACTIVITY_DROP,688.0382000000001,1445.8282000000002,ACTIVITY_DROP: current activity 688.04 is 0.48x the baseline 1445.83.
5142,2013-11-03 04:00:00,ACTIVITY_DROP,577.1795000000001,1445.8282000000002,ACTIVITY_DROP: current activity 577.18 is 0.40x the baseline 1445.83.
5142,2013-11-03 05:00:00,ACTIVITY_DROP,549.9155000000001,1445.8282000000002,ACTIVITY_DROP: current activity 549.92 is 0.38x the baseline 1445.83.
5142,2013-11-03 06:00:00,ACTIVITY_DROP,626.8543999999999,1445.8282000000002,ACTIVITY_DROP: current activity 626.85 is 0.43x the baseline 1445.83.
5142,2013-11-03 07:00:00,ACTIVITY_DROP,645.6489,1445.8282000000002,ACTIVITY_DROP: current activity 645.65 is 0.45x the baseline 1445.83.
5143,2013-11-03 04:00:00,ACTIVITY_DROP,1257.1148,3097.1988,ACTIVITY_DROP: current activity 1257.11 is 0.41x the baseline 3097.20.
5143,2013-11-03 05:00:00,ACTIVITY_DROP,1193.6008,3097.1988,ACTIVITY_DROP: current activity 1193.60 is 0.39x the baseline 3097.20.
5143,2013-11-03 06:00:00,ACTIVITY_DROP,1228.6778,3097.1988,ACTIVITY_DROP: current activity 1228.68 is 0.40x the baseline 3097.20.
5143,2013-11-03 07:00:00,ACTIVITY_DROP,1530.8289,3097.1988,ACTIVITY_DROP: current activity 1530.83 is 0.49x the baseline 3097.20.
5143,2013-11-03 16:00:00,HIGH_ACTIVITY,4960.8969,3010.5636,HIGH_ACTIVITY: current activity 4960.90 is 1.65x the baseline 3010.56.
5143,2013-11-03 16:00:00,ACTIVITY_SPIKE,4960.8969,3010.5636,ACTIVITY_SPIKE: current activity 4960.90 increased sharply from the previous hour 3097.20.
5144,2013-11-03 02:00:00,ACTIVITY_DROP,857.297,1790.6996,ACTIVITY_DROP: current activity 857.30 is 0.48x the baseline 1790.70.
5144,2013-11-03 03:00:00,ACTIVITY_DROP,798.9508999999999,1790.6996,ACTIVITY_DROP: current activity 798.95 is 0.45x the baseline 1790.70.
5144,2013-11-03 04:00:00,ACTIVITY_DROP,689.4919,1790.6996,ACTIVITY_DROP: current activity 689.49 is 0.39x the baseline 1790.70.
5144,2013-11-03 05:00:00,ACTIVITY_DROP,640.9765,1790.6996,ACTIVITY_DROP: current activity 640.98 is 0.36x the baseline 1790.70.
5144,2013-11-03 06:00:00,ACTIVITY_DROP,665.5137,1790.6996,ACTIVITY_DROP: current activity 665.51 is 0.37x the baseline 1790.70.
5144,2013-11-03 07:00:00,ACTIVITY_DROP,798.6318,1790.6996,ACTIVITY_DROP: current activity 798.63 is 0.45x the baseline 1790.70.
5145,2013-11-03 01:00:00,ACTIVITY_DROP,962.4407000000001,1963.059,ACTIVITY_DROP: current activity 962.44 is 0.49x the baseline 1963.06.
5145,2013-11-03 02:00:00,ACTIVITY_DROP,794.0445,1963.059,ACTIVITY_DROP: current activity 794.04 is 0.40x the baseline 1963.06.
5145,2013-11-03 03:00:00,ACTIVITY_DROP,772.4658000000001,1963.059,ACTIVITY_DROP: current activity 772.47 is 0.39x the baseline 1963.06.
5145,2013-11-03 04:00:00,ACTIVITY_DROP,684.3818,1963.059,ACTIVITY_DROP: current activity 684.38 is 0.35x the baseline 1963.06.
5145,2013-11-03 05:00:00,ACTIVITY_DROP,629.0887,1963.059,ACTIVITY_DROP: current activity 629.09 is 0.32x the baseline 1963.06.
5145,2013-11-03 06:00:00,ACTIVITY_DROP,664.2441,1963.059,ACTIVITY_DROP: current activity 664.24 is 0.34x the baseline 1963.06.
5145,2013-11-03 07:00:00,ACTIVITY_DROP,855.6526,1963.059,ACTIVITY_DROP: current activity 855.65 is 0.44x the baseline 1963.06.
5145,2013-11-03 18:00:00,HIGH_ACTIVITY,2677.8518,1689.4268999999997,HIGH_ACTIVITY: current activity 2677.85 is 1.59x the baseline 1689.43.
5145,2013-11-03 21:00:00,HIGH_ACTIVITY,2571.9808000000003,1689.4268999999997,HIGH_ACTIVITY: current activity 2571.98 is 1.52x the baseline 1689.43.
5146,2013-11-03 02:00:00,ACTIVITY_DROP,928.8903,2096.4312,ACTIVITY_DROP: current activity 928.89 is 0.44x the baseline 2096.43.
5146,2013-11-03 03:00:00,ACTIVITY_DROP,847.6701,2096.4312,ACTIVITY_DROP: current activity 847.67 is 0.40x the baseline 2096.43.
5146,2013-11-03 04:00:00,ACTIVITY_DROP,837.3595,2096.4312,ACTIVITY_DROP: current activity 837.36 is 0.40x the baseline 2096.43.
5146,2013-11-03 05:00:00,ACTIVITY_DROP,749.2684,2096.4312,ACTIVITY_DROP: current activity 749.27 is 0.36x the baseline 2096.43.
5146,2013-11-03 06:00:00,ACTIVITY_DROP,745.8574000000001,2096.4312,ACTIVITY_DROP: current activity 745.86 is 0.36x the baseline 2096.43.
5146,2013-11-03 07:00:00,ACTIVITY_DROP,928.398,2096.4312,ACTIVITY_DROP: current activity 928.40 is 0.44x the baseline 2096.43.
5146,2013-11-03 17:00:00,HIGH_ACTIVITY,3365.0706999999998,2018.4586,HIGH_ACTIVITY: current activity 3365.07 is 1.67x the baseline 2018.46.
5146,2013-11-03 18:00:00,HIGH_ACTIVITY,3159.2762999999995,2018.4586,HIGH_ACTIVITY: current activity 3159.28 is 1.57x the baseline 2018.46.
5147,2013-11-03 02:00:00,ACTIVITY_DROP,1627.4386,3419.2483,ACTIVITY_DROP: current activity 1627.44 is 0.48x the baseline 3419.25.
5147,2013-11-03 03:00:00,ACTIVITY_DROP,1401.6643000000001,3419.2483,ACTIVITY_DROP: current activity 1401.66 is 0.41x the baseline 3419.25.
5147,2013-11-03 04:00:00,ACTIVITY_DROP,1312.9324,3419.2483,ACTIVITY_DROP: current activity 1312.93 is 0.38x the baseline 3419.25.
5147,2013-11-03 05:00:00,ACTIVITY_DROP,1489.3532,3419.2483,ACTIVITY_DROP: current activity 1489.35 is 0.44x the baseline 3419.25.
5147,2013-11-03 06:00:00,ACTIVITY_DROP,1424.6407,3419.2483,ACTIVITY_DROP: current activity 1424.64 is 0.42x the baseline 3419.25.
5147,2013-11-03 07:00:00,ACTIVITY_DROP,1604.285,3419.2483,ACTIVITY_DROP: current activity 1604.29 is 0.47x the baseline 3419.25.
5148,2013-11-03 02:00:00,ACTIVITY_DROP,1418.9606,3261.1146,ACTIVITY_DROP: current activity 1418.96 is 0.44x the baseline 3261.11.
5148,2013-11-03 03:00:00,ACTIVITY_DROP,1226.5167,3261.1146,ACTIVITY_DROP: current activity 1226.52 is 0.38x the baseline 3261.11.
5148,2013-11-03 04:00:00,ACTIVITY_DROP,1208.6582,3261.1146,ACTIVITY_DROP: current activity 1208.66 is 0.37x the baseline 3261.11.
5148,2013-11-03 05:00:00,ACTIVITY_DROP,1199.636,3261.1146,ACTIVITY_DROP: current activity 1199.64 is 0.37x the baseline 3261.11.
5148,2013-11-03 06:00:00,ACTIVITY_DROP,1220.2034,3261.1146,ACTIVITY_DROP: current activity 1220.20 is 0.37x the baseline 3261.11.
5148,2013-11-03 07:00:00,ACTIVITY_DROP,1423.4314000000002,3261.1146,ACTIVITY_DROP: current activity 1423.43 is 0.44x the baseline 3261.11.
5148,2013-11-03 08:00:00,ACTIVITY_DROP,1552.0068,3261.1146,ACTIVITY_DROP: current activity 1552.01 is 0.48x the baseline 3261.11.
5148,2013-11-03 09:00:00,ACTIVITY_SPIKE,2822.5123999999996,3261.1146,ACTIVITY_SPIKE: current activity 2822.51 increased sharply from the previous hour 1552.01.
5149,2013-11-03 02:00:00,ACTIVITY_DROP,1057.9054,2233.1773999999996,ACTIVITY_DROP: current activity 1057.91 is 0.47x the baseline 2233.18.
5149,2013-11-03 03:00:00,ACTIVITY_DROP,881.8746000000001,2233.1773999999996,ACTIVITY_DROP: current activity 881.87 is 0.39x the baseline 2233.18.
5149,2013-11-03 04:00:00,ACTIVITY_DROP,914.0273,2233.1773999999996,ACTIVITY_DROP: current activity 914.03 is 0.41x the baseline 2233.18.
5149,2013-11-03 05:00:00,ACTIVITY_DROP,850.7406,2233.1773999999996,ACTIVITY_DROP: current activity 850.74 is 0.38x the baseline 2233.18.
5149,2013-11-03 06:00:00,ACTIVITY_DROP,846.8624,2233.1773999999996,ACTIVITY_DROP: current activity 846.86 is 0.38x the baseline 2233.18.
5149,2013-11-03 07:00:00,ACTIVITY_DROP,1038.3047,2233.1773999999996,ACTIVITY_DROP: current activity 1038.30 is 0.46x the baseline 2233.18.
5150,2013-11-03 02:00:00,ACTIVITY_DROP,918.6686000000001,1891.2431,ACTIVITY_DROP: current activity 918.67 is 0.49x the baseline 1891.24.
5150,2013-11-03 03:00:00,ACTIVITY_DROP,735.1833,1891.2431,ACTIVITY_DROP: current activity 735.18 is 0.39x the baseline 1891.24.
5150,2013-11-03 04:00:00,ACTIVITY_DROP,818.4020999999999,1891.2431,ACTIVITY_DROP: current activity 818.40 is 0.43x the baseline 1891.24.
5150,2013-11-03 05:00:00,ACTIVITY_DROP,723.2667,1891.2431,ACTIVITY_DROP: current activity 723.27 is 0.38x the baseline 1891.24.
5150,2013-11-03 06:00:00,ACTIVITY_DROP,701.5522,1891.2431,ACTIVITY_DROP: current activity 701.55 is 0.37x the baseline 1891.24.
5150,2013-11-03 07:00:00,ACTIVITY_DROP,753.2693,1891.2431,ACTIVITY_DROP: current activity 753.27 is 0.40x the baseline 1891.24.
5150,2013-11-03 10:00:00,ACTIVITY_SPIKE,1925.8123999999998,1861.3425000000002,ACTIVITY_SPIKE: current activity 1925.81 increased sharply from the previous hour 1259.32.
5151,2013-11-03 02:00:00,ACTIVITY_DROP,1148.9598,3027.0037999999995,ACTIVITY_DROP: current activity 1148.96 is 0.38x the baseline 3027.00.
5151,2013-11-03 03:00:00,ACTIVITY_DROP,1038.0873000000001,3027.0037999999995,ACTIVITY_DROP: current activity 1038.09 is 0.34x the baseline 3027.00.
5151,2013-11-03 04:00:00,ACTIVITY_DROP,1079.1526000000001,3027.0037999999995,ACTIVITY_DROP: current activity 1079.15 is 0.36x the baseline 3027.00.
5151,2013-11-03 05:00:00,ACTIVITY_DROP,984.1747,3027.0037999999995,ACTIVITY_DROP: current activity 984.17 is 0.33x the baseline 3027.00.
5151,2013-11-03 06:00:00,ACTIVITY_DROP,967.5715,3027.0037999999995,ACTIVITY_DROP: current activity 967.57 is 0.32x the baseline 3027.00.
5151,2013-11-03 07:00:00,ACTIVITY_DROP,1037.3181,3027.0037999999995,ACTIVITY_DROP: current activity 1037.32 is 0.34x the baseline 3027.00.
5151,2013-11-03 08:00:00,ACTIVITY_DROP,1466.7294000000002,3027.0037999999995,ACTIVITY_DROP: current activity 1466.73 is 0.48x the baseline 3027.00.
5151,2013-11-03 10:00:00,ACTIVITY_SPIKE,3114.7862999999998,2886.9618,ACTIVITY_SPIKE: current activity 3114.79 increased sharply from the previous hour 1871.14.
5151,2013-11-03 18:00:00,HIGH_ACTIVITY,4360.118,2886.9618,HIGH_ACTIVITY: current activity 4360.12 is 1.51x the baseline 2886.96.
5152,2013-11-03 03:00:00,ACTIVITY_DROP,801.7364,1967.9117,ACTIVITY_DROP: current activity 801.74 is 0.41x the baseline 1967.91.
5152,2013-11-03 04:00:00,ACTIVITY_DROP,873.8325,1967.9117,ACTIVITY_DROP: current activity 873.83 is 0.44x the baseline 1967.91.
5152,2013-11-03 05:00:00,ACTIVITY_DROP,810.2659,1967.9117,ACTIVITY_DROP: current activity 810.27 is 0.41x the baseline 1967.91.
5152,2013-11-03 07:00:00,ACTIVITY_DROP,862.7557999999999,1967.9117,ACTIVITY_DROP: current activity 862.76 is 0.44x the baseline 1967.91.
5152,2013-11-03 08:00:00,ACTIVITY_DROP,980.4024999999999,1967.9117,ACTIVITY_DROP: current activity 980.40 is 0.50x the baseline 1967.91.
5152,2013-11-03 17:00:00,HIGH_ACTIVITY,3363.2974,1904.4271,HIGH_ACTIVITY: current activity 3363.30 is 1.77x the baseline 1904.43.
5152,2013-11-03 20:00:00,HIGH_ACTIVITY,3016.1437,1904.4271,HIGH_ACTIVITY: current activity 3016.14 is 1.58x the baseline 1904.43.
5152,2013-11-03 22:00:00,HIGH_ACTIVITY,3351.4294999999997,1904.4271,HIGH_ACTIVITY: current activity 3351.43 is 1.76x the baseline 1904.43.
5153,2013-11-03 03:00:00,ACTIVITY_DROP,641.6539,1422.6086,ACTIVITY_DROP: current activity 641.65 is 0.45x the baseline 1422.61.
5153,2013-11-03 04:00:00,ACTIVITY_DROP,670.2403,1422.6086,ACTIVITY_DROP: current activity 670.24 is 0.47x the baseline 1422.61.
5153,2013-11-03 05:00:00,ACTIVITY_DROP,633.6320999999999,1422.6086,ACTIVITY_DROP: current activity 633.63 is 0.45x the baseline 1422.61.
5153,2013-11-03 06:00:00,ACTIVITY_DROP,671.8426,1422.6086,ACTIVITY_DROP: current activity 671.84 is 0.47x the baseline 1422.61.
5153,2013-11-03 18:00:00,HIGH_ACTIVITY,2057.3095,1341.4308,HIGH_ACTIVITY: current activity 2057.31 is 1.53x the baseline 1341.43.
5154,2013-11-03 02:00:00,ACTIVITY_DROP,1095.6504,2386.6445999999996,ACTIVITY_DROP: current activity 1095.65 is 0.46x the baseline 2386.64.
5154,2013-11-03 03:00:00,ACTIVITY_DROP,1075.5123,2386.6445999999996,ACTIVITY_DROP: current activity 1075.51 is 0.45x the baseline 2386.64.
5154,2013-11-03 04:00:00,ACTIVITY_DROP,1105.1059,2386.6445999999996,ACTIVITY_DROP: current activity 1105.11 is 0.46x the baseline 2386.64.
5154,2013-11-03 05:00:00,ACTIVITY_DROP,946.9033,2386.6445999999996,ACTIVITY_DROP: current activity 946.90 is 0.40x the baseline 2386.64.
5154,2013-11-03 06:00:00,ACTIVITY_DROP,985.1941,2386.6445999999996,ACTIVITY_DROP: current activity 985.19 is 0.41x the baseline 2386.64.
5154,2013-11-03 09:00:00,ACTIVITY_SPIKE,2460.1487,2216.6281,ACTIVITY_SPIKE: current activity 2460.15 increased sharply from the previous hour 1615.45.
5154,2013-11-03 10:00:00,HIGH_ACTIVITY,3584.9605,2216.6281,HIGH_ACTIVITY: current activity 3584.96 is 1.62x the baseline 2216.63.
5155,2013-11-03 04:00:00,ACTIVITY_DROP,1081.0807,2225.6555,ACTIVITY_DROP: current activity 1081.08 is 0.49x the baseline 2225.66.
5155,2013-11-03 05:00:00,ACTIVITY_DROP,1048.2255,2225.6555,ACTIVITY_DROP: current activity 1048.23 is 0.47x the baseline 2225.66.
5156,2013-11-03 03:00:00,ACTIVITY_DROP,1131.6675,2263.9046999999996,ACTIVITY_DROP: current activity 1131.67 is 0.50x the baseline 2263.90.
5156,2013-11-03 04:00:00,ACTIVITY_DROP,1024.9946,2263.9046999999996,ACTIVITY_DROP: current activity 1024.99 is 0.45x the baseline 2263.90.
5156,2013-11-03 05:00:00,ACTIVITY_DROP,931.3009,2263.9046999999996,ACTIVITY_DROP: current activity 931.30 is 0.41x the baseline 2263.90.
5156,2013-11-03 06:00:00,ACTIVITY_DROP,1007.5053999999999,2263.9046999999996,ACTIVITY_DROP: current activity 1007.51 is 0.45x the baseline 2263.90.
5157,2013-11-03 04:00:00,ACTIVITY_DROP,782.5112,1597.4018,ACTIVITY_DROP: current activity 782.51 is 0.49x the baseline 1597.40.
5157,2013-11-03 05:00:00,ACTIVITY_DROP,797.8582,1597.4018,ACTIVITY_DROP: current activity 797.86 is 0.50x the baseline 1597.40.
5158,2013-11-03 05:00:00,ACTIVITY_DROP,660.8983000000001,1358.3018,ACTIVITY_DROP: current activity 660.90 is 0.49x the baseline 1358.30.
5158,2013-11-03 06:00:00,ACTIVITY_SPIKE,1044.9162000000001,1358.3018,ACTIVITY_SPIKE: current activity 1044.92 increased sharply from the previous hour 660.90.
5158,2013-11-03 13:00:00,HIGH_ACTIVITY,2599.0119000000004,1353.3097999999998,HIGH_ACTIVITY: current activity 2599.01 is 1.92x the baseline 1353.31.
5158,2013-11-03 13:00:00,ACTIVITY_SPIKE,2599.0119000000004,1353.3097999999998,ACTIVITY_SPIKE: current activity 2599.01 increased sharply from the previous hour 1557.93.
5158,2013-11-03 14:00:00,HIGH_ACTIVITY,2234.2613,1353.3097999999998,HIGH_ACTIVITY: current activity 2234.26 is 1.65x the baseline 1353.31.
5158,2013-11-03 15:00:00,HIGH_ACTIVITY,2366.7757,1353.3097999999998,HIGH_ACTIVITY: current activity 2366.78 is 1.75x the baseline 1353.31.
5158,2013-11-03 16:00:00,HIGH_ACTIVITY,2754.4289000000003,1353.3097999999998,HIGH_ACTIVITY: current activity 2754.43 is 2.04x the baseline 1353.31.
5158,2013-11-03 17:00:00,HIGH_ACTIVITY,3033.2311000000004,1353.3097999999998,HIGH_ACTIVITY: current activity 3033.23 is 2.24x the baseline 1353.31.
5158,2013-11-03 18:00:00,HIGH_ACTIVITY,2494.4743,1353.3097999999998,HIGH_ACTIVITY: current activity 2494.47 is 1.84x the baseline 1353.31.
5158,2013-11-03 19:00:00,HIGH_ACTIVITY,2245.5008,1353.3097999999998,HIGH_ACTIVITY: current activity 2245.50 is 1.66x the baseline 1353.31.
5159,2013-11-03 05:00:00,ACTIVITY_DROP,1262.1094,2839.4634999999994,ACTIVITY_DROP: current activity 1262.11 is 0.44x the baseline 2839.46.
5159,2013-11-03 06:00:00,ACTIVITY_DROP,912.6751,2839.4634999999994,ACTIVITY_DROP: current activity 912.68 is 0.32x the baseline 2839.46.
5159,2013-11-03 07:00:00,ACTIVITY_DROP,1002.4694999999999,2839.4634999999994,ACTIVITY_DROP: current activity 1002.47 is 0.35x the baseline 2839.46.
5159,2013-11-03 08:00:00,ACTIVITY_DROP,1319.4807,2839.4634999999994,ACTIVITY_DROP: current activity 1319.48 is 0.46x the baseline 2839.46.
5159,2013-11-03 10:00:00,ACTIVITY_SPIKE,2839.4634999999994,2449.4017000000003,ACTIVITY_SPIKE: current activity 2839.46 increased sharply from the previous hour 1839.89.
5159,2013-11-03 12:00:00,HIGH_ACTIVITY,4248.2726,2449.4017000000003,HIGH_ACTIVITY: current activity 4248.27 is 1.73x the baseline 2449.40.
5159,2013-11-03 13:00:00,HIGH_ACTIVITY,5355.7471,2449.4017000000003,HIGH_ACTIVITY: current activity 5355.75 is 2.19x the baseline 2449.40.
5159,2013-11-03 14:00:00,HIGH_ACTIVITY,5581.9179,2449.4017000000003,HIGH_ACTIVITY: current activity 5581.92 is 2.28x the baseline 2449.40.
5159,2013-11-03 15:00:00,HIGH_ACTIVITY,5991.2982,2449.4017000000003,HIGH_ACTIVITY: current activity 5991.30 is 2.45x the baseline 2449.40.
5159,2013-11-03 16:00:00,HIGH_ACTIVITY,6210.3749,2449.4017000000003,HIGH_ACTIVITY: current activity 6210.37 is 2.54x the baseline 2449.40.
5159,2013-11-03 17:00:00,HIGH_ACTIVITY,6827.8848,2449.4017000000003,HIGH_ACTIVITY: current activity 6827.88 is 2.79x the baseline 2449.40.
5159,2013-11-03 18:00:00,HIGH_ACTIVITY,5452.955800000001,2449.4017000000003,HIGH_ACTIVITY: current activity 5452.96 is 2.23x the baseline 2449.40.
5159,2013-11-03 19:00:00,HIGH_ACTIVITY,4525.2444000000005,2449.4017000000003,HIGH_ACTIVITY: current activity 4525.24 is 1.85x the baseline 2449.40.
5159,2013-11-03 23:00:00,ACTIVITY_DROP,1309.8152,2839.4634999999994,ACTIVITY_DROP: current activity 1309.82 is 0.46x the baseline 2839.46.
5160,2013-11-03 01:00:00,ACTIVITY_DROP,821.3862000000001,2413.7201,ACTIVITY_DROP: current activity 821.39 is 0.34x the baseline 2413.72.
5160,2013-11-03 02:00:00,ACTIVITY_DROP,572.1684,2413.7201,ACTIVITY_DROP: current activity 572.17 is 0.24x the baseline 2413.72.
5160,2013-11-03 03:00:00,ACTIVITY_DROP,640.777,2413.7201,ACTIVITY_DROP: current activity 640.78 is 0.27x the baseline 2413.72.
5160,2013-11-03 04:00:00,ACTIVITY_DROP,566.5806,2413.7201,ACTIVITY_DROP: current activity 566.58 is 0.23x the baseline 2413.72.
5160,2013-11-03 05:00:00,ACTIVITY_DROP,440.4094,2413.7201,ACTIVITY_DROP: current activity 440.41 is 0.18x the baseline 2413.72.
5160,2013-11-03 06:00:00,ACTIVITY_DROP,484.8209,2413.7201,ACTIVITY_DROP: current activity 484.82 is 0.20x the baseline 2413.72.
5160,2013-11-03 07:00:00,ACTIVITY_DROP,564.2214,2413.7201,ACTIVITY_DROP: current activity 564.22 is 0.23x the baseline 2413.72.
5160,2013-11-03 08:00:00,ACTIVITY_DROP,683.0406999999999,2413.7201,ACTIVITY_DROP: current activity 683.04 is 0.28x the baseline 2413.72.
5160,2013-11-03 09:00:00,ACTIVITY_SPIKE,1309.7961999999998,2413.7201,ACTIVITY_SPIKE: current activity 1309.80 increased sharply from the previous hour 683.04.
5160,2013-11-03 10:00:00,ACTIVITY_SPIKE,2370.6956,2413.7201,ACTIVITY_SPIKE: current activity 2370.70 increased sharply from the previous hour 1309.80.
5160,2013-11-03 11:00:00,HIGH_ACTIVITY,3804.9880000000003,2370.6956,HIGH_ACTIVITY: current activity 3804.99 is 1.61x the baseline 2370.70.
5160,2013-11-03 11:00:00,ACTIVITY_SPIKE,3804.9880000000003,2370.6956,ACTIVITY_SPIKE: current activity 3804.99 increased sharply from the previous hour 2370.70.
5160,2013-11-03 12:00:00,HIGH_ACTIVITY,5037.4591,2370.6956,HIGH_ACTIVITY: current activity 5037.46 is 2.12x the baseline 2370.70.
5160,2013-11-03 13:00:00,HIGH_ACTIVITY,5565.6885999999995,2370.6956,HIGH_ACTIVITY: current activity 5565.69 is 2.35x the baseline 2370.70.
5160,2013-11-03 14:00:00,HIGH_ACTIVITY,6853.4130000000005,2370.6956,HIGH_ACTIVITY: current activity 6853.41 is 2.89x the baseline 2370.70.
5160,2013-11-03 15:00:00,HIGH_ACTIVITY,7246.9218,2370.6956,HIGH_ACTIVITY: current activity 7246.92 is 3.06x the baseline 2370.70.
5160,2013-11-03 16:00:00,HIGH_ACTIVITY,7977.6864000000005,2370.6956,HIGH_ACTIVITY: current activity 7977.69 is 3.37x the baseline 2370.70.
5160,2013-11-03 17:00:00,HIGH_ACTIVITY,8956.896,2370.6956,HIGH_ACTIVITY: current activity 8956.90 is 3.78x the baseline 2370.70.
5160,2013-11-03 18:00:00,HIGH_ACTIVITY,7126.7509,2370.6956,HIGH_ACTIVITY: current activity 7126.75 is 3.01x the baseline 2370.70.
5160,2013-11-03 19:00:00,HIGH_ACTIVITY,4973.4929,2370.6956,HIGH_ACTIVITY: current activity 4973.49 is 2.10x the baseline 2370.70.
5160,2013-11-03 23:00:00,ACTIVITY_DROP,1139.7737,2413.7201,ACTIVITY_DROP: current activity 1139.77 is 0.47x the baseline 2413.72.
5161,2013-11-03 00:00:00,ACTIVITY_DROP,3197.1074999999996,6867.484600000001,ACTIVITY_DROP: current activity 3197.11 is 0.47x the baseline 6867.48.
5161,2013-11-03 01:00:00,ACTIVITY_DROP,2258.5302,6867.484600000001,ACTIVITY_DROP: current activity 2258.53 is 0.33x the baseline 6867.48.
5161,2013-11-03 02:00:00,ACTIVITY_DROP,1661.0765000000001,6867.484600000001,ACTIVITY_DROP: current activity 1661.08 is 0.24x the baseline 6867.48.
5161,2013-11-03 03:00:00,ACTIVITY_DROP,1158.9841,6867.484600000001,ACTIVITY_DROP: current activity 1158.98 is 0.17x the baseline 6867.48.
5161,2013-11-03 04:00:00,ACTIVITY_DROP,995.7075,6867.484600000001,ACTIVITY_DROP: current activity 995.71 is 0.14x the baseline 6867.48.
5161,2013-11-03 05:00:00,ACTIVITY_DROP,909.9544000000001,6867.484600000001,ACTIVITY_DROP: current activity 909.95 is 0.13x the baseline 6867.48.
5161,2013-11-03 06:00:00,ACTIVITY_DROP,1050.3615000000002,6867.484600000001,ACTIVITY_DROP: current activity 1050.36 is 0.15x the baseline 6867.48.
5161,2013-11-03 07:00:00,ACTIVITY_DROP,1303.6308,6867.484600000001,ACTIVITY_DROP: current activity 1303.63 is 0.19x the baseline 6867.48.
5161,2013-11-03 08:00:00,ACTIVITY_DROP,1673.3768,6867.484600000001,ACTIVITY_DROP: current activity 1673.38 is 0.24x the baseline 6867.48.
5161,2013-11-03 09:00:00,ACTIVITY_SPIKE,2746.5643999999998,6867.484600000001,ACTIVITY_SPIKE: current activity 2746.56 increased sharply from the previous hour 1673.38.
5161,2013-11-03 09:00:00,ACTIVITY_DROP,2746.5643999999998,6867.484600000001,ACTIVITY_DROP: current activity 2746.56 is 0.40x the baseline 6867.48.
5161,2013-11-03 10:00:00,ACTIVITY_SPIKE,5482.1813,6867.484600000001,ACTIVITY_SPIKE: current activity 5482.18 increased sharply from the previous hour 2746.56.
5161,2013-11-03 11:00:00,HIGH_ACTIVITY,12151.727,5482.1813,HIGH_ACTIVITY: current activity 12151.73 is 2.22x the baseline 5482.18.
5161,2013-11-03 11:00:00,ACTIVITY_SPIKE,12151.727,5482.1813,ACTIVITY_SPIKE: current activity 12151.73 increased sharply from the previous hour 5482.18.
5161,2013-11-03 12:00:00,HIGH_ACTIVITY,16465.37,5482.1813,HIGH_ACTIVITY: current activity 16465.37 is 3.00x the baseline 5482.18.
5161,2013-11-03 13:00:00,HIGH_ACTIVITY,19289.974599999998,5482.1813,HIGH_ACTIVITY: current activity 19289.97 is 3.52x the baseline 5482.18.
5161,2013-11-03 14:00:00,HIGH_ACTIVITY,23644.3553,5482.1813,HIGH_ACTIVITY: current activity 23644.36 is 4.31x the baseline 5482.18.
5161,2013-11-03 15:00:00,HIGH_ACTIVITY,24779.1361,5482.1813,HIGH_ACTIVITY: current activity 24779.14 is 4.52x the baseline 5482.18.
5161,2013-11-03 16:00:00,HIGH_ACTIVITY,27289.6121,5482.1813,HIGH_ACTIVITY: current activity 27289.61 is 4.98x the baseline 5482.18.
5161,2013-11-03 17:00:00,HIGH_ACTIVITY,27181.593699999998,5482.1813,HIGH_ACTIVITY: current activity 27181.59 is 4.96x the baseline 5482.18.
5161,2013-11-03 18:00:00,HIGH_ACTIVITY,24737.6381,5482.1813,HIGH_ACTIVITY: current activity 24737.64 is 4.51x the baseline 5482.18.
5161,2013-11-03 19:00:00,HIGH_ACTIVITY,17503.456400000003,5482.1813,HIGH_ACTIVITY: current activity 17503.46 is 3.19x the baseline 5482.18.
5161,2013-11-03 20:00:00,HIGH_ACTIVITY,10458.699499999999,5482.1813,HIGH_ACTIVITY: current activity 10458.70 is 1.91x the baseline 5482.18.
5161,2013-11-03 23:00:00,ACTIVITY_DROP,3206.4938,6867.484600000001,ACTIVITY_DROP: current activity 3206.49 is 0.47x the baseline 6867.48.
5162,2013-11-03 02:00:00,ACTIVITY_DROP,1307.2817,2757.9518000000003,ACTIVITY_DROP: current activity 1307.28 is 0.47x the baseline 2757.95.
5162,2013-11-03 03:00:00,ACTIVITY_DROP,1116.3997,2757.9518000000003,ACTIVITY_DROP: current activity 1116.40 is 0.40x the baseline 2757.95.
5162,2013-11-03 04:00:00,ACTIVITY_DROP,1150.7248,2757.9518000000003,ACTIVITY_DROP: current activity 1150.72 is 0.42x the baseline 2757.95.
5162,2013-11-03 05:00:00,ACTIVITY_DROP,988.7357,2757.9518000000003,ACTIVITY_DROP: current activity 988.74 is 0.36x the baseline 2757.95.
5162,2013-11-03 06:00:00,ACTIVITY_DROP,955.4686,2757.9518000000003,ACTIVITY_DROP: current activity 955.47 is 0.35x the baseline 2757.95.
5162,2013-11-03 07:00:00,ACTIVITY_DROP,1111.0304,2757.9518000000003,ACTIVITY_DROP: current activity 1111.03 is 0.40x the baseline 2757.95.
5162,2013-11-03 10:00:00,ACTIVITY_SPIKE,3504.7109,2667.7823999999996,ACTIVITY_SPIKE: current activity 3504.71 increased sharply from the previous hour 1886.25.
5162,2013-11-03 11:00:00,HIGH_ACTIVITY,5920.5298,2667.7823999999996,HIGH_ACTIVITY: current activity 5920.53 is 2.22x the baseline 2667.78.
5162,2013-11-03 11:00:00,ACTIVITY_SPIKE,5920.5298,2667.7823999999996,ACTIVITY_SPIKE: current activity 5920.53 increased sharply from the previous hour 3504.71.
5162,2013-11-03 12:00:00,HIGH_ACTIVITY,7494.426300000001,2667.7823999999996,HIGH_ACTIVITY: current activity 7494.43 is 2.81x the baseline 2667.78.
5162,2013-11-03 13:00:00,HIGH_ACTIVITY,6425.4023,2667.7823999999996,HIGH_ACTIVITY: current activity 6425.40 is 2.41x the baseline 2667.78.
5162,2013-11-03 14:00:00,HIGH_ACTIVITY,6977.264499999999,2667.7823999999996,HIGH_ACTIVITY: current activity 6977.26 is 2.62x the baseline 2667.78.
5162,2013-11-03 15:00:00,HIGH_ACTIVITY,7260.950199999999,2667.7823999999996,HIGH_ACTIVITY: current activity 7260.95 is 2.72x the baseline 2667.78.
5162,2013-11-03 16:00:00,HIGH_ACTIVITY,9002.215100000001,2667.7823999999996,HIGH_ACTIVITY: current activity 9002.22 is 3.37x the baseline 2667.78.
5162,2013-11-03 17:00:00,HIGH_ACTIVITY,9969.2871,2667.7823999999996,HIGH_ACTIVITY: current activity 9969.29 is 3.74x the baseline 2667.78.
5162,2013-11-03 18:00:00,HIGH_ACTIVITY,9018.3562,2667.7823999999996,HIGH_ACTIVITY: current activity 9018.36 is 3.38x the baseline 2667.78.
5162,2013-11-03 19:00:00,HIGH_ACTIVITY,5633.3166,2667.7823999999996,HIGH_ACTIVITY: current activity 5633.32 is 2.11x the baseline 2667.78.
5163,2013-11-03 03:00:00,ACTIVITY_DROP,1155.6972,2458.2131,ACTIVITY_DROP: current activity 1155.70 is 0.47x the baseline 2458.21.
5163,2013-11-03 04:00:00,ACTIVITY_DROP,1082.9065,2458.2131,ACTIVITY_DROP: current activity 1082.91 is 0.44x the baseline 2458.21.
5163,2013-11-03 05:00:00,ACTIVITY_DROP,1009.8366,2458.2131,ACTIVITY_DROP: current activity 1009.84 is 0.41x the baseline 2458.21.
5163,2013-11-03 06:00:00,ACTIVITY_DROP,1082.6506,2458.2131,ACTIVITY_DROP: current activity 1082.65 is 0.44x the baseline 2458.21.
5163,2013-11-03 07:00:00,ACTIVITY_DROP,1197.9452999999999,2458.2131,ACTIVITY_DROP: current activity 1197.95 is 0.49x the baseline 2458.21.
5163,2013-11-03 10:00:00,ACTIVITY_SPIKE,2824.2463000000002,2330.3003,ACTIVITY_SPIKE: current activity 2824.25 increased sharply from the previous hour 1848.16.
5163,2013-11-03 11:00:00,HIGH_ACTIVITY,3882.3864,2330.3003,HIGH_ACTIVITY: current activity 3882.39 is 1.67x the baseline 2330.30.
5163,2013-11-03 12:00:00,HIGH_ACTIVITY,3788.3631,2330.3003,HIGH_ACTIVITY: current activity 3788.36 is 1.63x the baseline 2330.30.
5163,2013-11-03 13:00:00,HIGH_ACTIVITY,4256.090099999999,2330.3003,HIGH_ACTIVITY: current activity 4256.09 is 1.83x the baseline 2330.30.
5163,2013-11-03 14:00:00,HIGH_ACTIVITY,3906.4361,2330.3003,HIGH_ACTIVITY: current activity 3906.44 is 1.68x the baseline 2330.30.
5163,2013-11-03 15:00:00,HIGH_ACTIVITY,4441.9638,2330.3003,HIGH_ACTIVITY: current activity 4441.96 is 1.91x the baseline 2330.30.
5163,2013-11-03 16:00:00,HIGH_ACTIVITY,5120.4464,2330.3003,HIGH_ACTIVITY: current activity 5120.45 is 2.20x the baseline 2330.30.
5163,2013-11-03 17:00:00,HIGH_ACTIVITY,5019.0662,2330.3003,HIGH_ACTIVITY: current activity 5019.07 is 2.15x the baseline 2330.30.
5163,2013-11-03 18:00:00,HIGH_ACTIVITY,4694.4598,2330.3003,HIGH_ACTIVITY: current activity 4694.46 is 2.01x the baseline 2330.30.
5163,2013-11-03 19:00:00,HIGH_ACTIVITY,4666.3464,2330.3003,HIGH_ACTIVITY: current activity 4666.35 is 2.00x the baseline 2330.30.
5164,2013-11-03 02:00:00,ACTIVITY_DROP,529.8887,1196.0075,ACTIVITY_DROP: current activity 529.89 is 0.44x the baseline 1196.01.
5164,2013-11-03 03:00:00,ACTIVITY_DROP,542.574,1196.0075,ACTIVITY_DROP: current activity 542.57 is 0.45x the baseline 1196.01.
5164,2013-11-03 04:00:00,ACTIVITY_DROP,508.7816,1196.0075,ACTIVITY_DROP: current activity 508.78 is 0.43x the baseline 1196.01.
5164,2013-11-03 05:00:00,ACTIVITY_DROP,512.6468,1196.0075,ACTIVITY_DROP: current activity 512.65 is 0.43x the baseline 1196.01.
5164,2013-11-03 06:00:00,ACTIVITY_DROP,572.7748,1196.0075,ACTIVITY_DROP: current activity 572.77 is 0.48x the baseline 1196.01.
5164,2013-11-03 08:00:00,ACTIVITY_DROP,583.6422,1196.0075,ACTIVITY_DROP: current activity 583.64 is 0.49x the baseline 1196.01.
5164,2013-11-03 09:00:00,ACTIVITY_SPIKE,877.4167,1196.0075,ACTIVITY_SPIKE: current activity 877.42 increased sharply from the previous hour 583.64.
5164,2013-11-03 17:00:00,HIGH_ACTIVITY,1797.4285,1181.6004,HIGH_ACTIVITY: current activity 1797.43 is 1.52x the baseline 1181.60.
5164,2013-11-03 21:00:00,HIGH_ACTIVITY,1833.7422000000001,1181.6004,HIGH_ACTIVITY: current activity 1833.74 is 1.55x the baseline 1181.60.
5164,2013-11-03 22:00:00,HIGH_ACTIVITY,1964.9303,1181.6004,HIGH_ACTIVITY: current activity 1964.93 is 1.66x the baseline 1181.60.
5168,2013-11-03 04:00:00,ACTIVITY_DROP,1039.5936,2345.0240000000003,ACTIVITY_DROP: current activity 1039.59 is 0.44x the baseline 2345.02.
5168,2013-11-03 05:00:00,ACTIVITY_DROP,997.9452,2345.0240000000003,ACTIVITY_DROP: current activity 997.95 is 0.43x the baseline 2345.02.
5168,2013-11-03 06:00:00,ACTIVITY_DROP,1002.9466,2345.0240000000003,ACTIVITY_DROP: current activity 1002.95 is 0.43x the baseline 2345.02.
5168,2013-11-03 19:00:00,HIGH_ACTIVITY,3094.0319,2009.0291999999997,HIGH_ACTIVITY: current activity 3094.03 is 1.54x the baseline 2009.03.
5168,2013-11-03 20:00:00,HIGH_ACTIVITY,3714.2739,2009.0291999999997,HIGH_ACTIVITY: current activity 3714.27 is 1.85x the baseline 2009.03.
5168,2013-11-03 21:00:00,HIGH_ACTIVITY,3533.8508,2009.0291999999997,HIGH_ACTIVITY: current activity 3533.85 is 1.76x the baseline 2009.03.
5168,2013-11-03 22:00:00,HIGH_ACTIVITY,3806.514,2009.0291999999997,HIGH_ACTIVITY: current activity 3806.51 is 1.89x the baseline 2009.03.
5168,2013-11-03 23:00:00,HIGH_ACTIVITY,3013.9018,2009.0291999999997,HIGH_ACTIVITY: current activity 3013.90 is 1.50x the baseline 2009.03.
5169,2013-11-03 04:00:00,ACTIVITY_DROP,1038.3170999999998,2129.7653,ACTIVITY_DROP: current activity 1038.32 is 0.49x the baseline 2129.77.
5169,2013-11-03 05:00:00,ACTIVITY_DROP,991.9578,2129.7653,ACTIVITY_DROP: current activity 991.96 is 0.47x the baseline 2129.77.
5169,2013-11-03 06:00:00,ACTIVITY_DROP,1011.9647,2129.7653,ACTIVITY_DROP: current activity 1011.96 is 0.48x the baseline 2129.77.
5169,2013-11-03 20:00:00,HIGH_ACTIVITY,3632.4694,2115.1283,HIGH_ACTIVITY: current activity 3632.47 is 1.72x the baseline 2115.13.
5169,2013-11-03 21:00:00,HIGH_ACTIVITY,3243.7826000000005,2115.1283,HIGH_ACTIVITY: current activity 3243.78 is 1.53x the baseline 2115.13.
5169,2013-11-03 22:00:00,HIGH_ACTIVITY,3228.5242999999996,2115.1283,HIGH_ACTIVITY: current activity 3228.52 is 1.53x the baseline 2115.13.
5170,2013-11-03 04:00:00,ACTIVITY_DROP,1124.3241,2281.3149,ACTIVITY_DROP: current activity 1124.32 is 0.49x the baseline 2281.31.
5170,2013-11-03 05:00:00,ACTIVITY_DROP,969.3225,2281.3149,ACTIVITY_DROP: current activity 969.32 is 0.42x the baseline 2281.31.
5170,2013-11-03 06:00:00,ACTIVITY_DROP,975.6843,2281.3149,ACTIVITY_DROP: current activity 975.68 is 0.43x the baseline 2281.31.
5170,2013-11-03 07:00:00,ACTIVITY_DROP,1010.4965,2281.3149,ACTIVITY_DROP: current activity 1010.50 is 0.44x the baseline 2281.31.
5170,2013-11-03 23:00:00,HIGH_ACTIVITY,3684.7025,2254.8224,HIGH_ACTIVITY: current activity 3684.70 is 1.63x the baseline 2254.82.
5171,2013-11-03 05:00:00,ACTIVITY_DROP,947.31,1978.6978000000001,ACTIVITY_DROP: current activity 947.31 is 0.48x the baseline 1978.70.
5171,2013-11-03 06:00:00,ACTIVITY_DROP,950.1733,1978.6978000000001,ACTIVITY_DROP: current activity 950.17 is 0.48x the baseline 1978.70.
5171,2013-11-03 07:00:00,ACTIVITY_DROP,963.1096000000001,1978.6978000000001,ACTIVITY_DROP: current activity 963.11 is 0.49x the baseline 1978.70.
5171,2013-11-03 20:00:00,HIGH_ACTIVITY,2899.3058,1893.9148,HIGH_ACTIVITY: current activity 2899.31 is 1.53x the baseline 1893.91.
5240,2013-11-03 02:00:00,ACTIVITY_DROP,619.546,1268.7151,ACTIVITY_DROP: current activity 619.55 is 0.49x the baseline 1268.72.
5240,2013-11-03 03:00:00,ACTIVITY_DROP,534.8003,1268.7151,ACTIVITY_DROP: current activity 534.80 is 0.42x the baseline 1268.72.
5240,2013-11-03 04:00:00,ACTIVITY_DROP,482.4015,1268.7151,ACTIVITY_DROP: current activity 482.40 is 0.38x the baseline 1268.72.
5240,2013-11-03 05:00:00,ACTIVITY_DROP,470.5808,1268.7151,ACTIVITY_DROP: current activity 470.58 is 0.37x the baseline 1268.72.
5240,2013-11-03 06:00:00,ACTIVITY_DROP,498.8344,1268.7151,ACTIVITY_DROP: current activity 498.83 is 0.39x the baseline 1268.72.
5240,2013-11-03 07:00:00,ACTIVITY_DROP,563.8441,1268.7151,ACTIVITY_DROP: current activity 563.84 is 0.44x the baseline 1268.72.
5241,2013-11-03 03:00:00,ACTIVITY_DROP,812.795,1740.2385,ACTIVITY_DROP: current activity 812.79 is 0.47x the baseline 1740.24.
5241,2013-11-03 04:00:00,ACTIVITY_DROP,701.7201,1740.2385,ACTIVITY_DROP: current activity 701.72 is 0.40x the baseline 1740.24.
5241,2013-11-03 05:00:00,ACTIVITY_DROP,681.5707,1740.2385,ACTIVITY_DROP: current activity 681.57 is 0.39x the baseline 1740.24.
5241,2013-11-03 06:00:00,ACTIVITY_DROP,701.3682,1740.2385,ACTIVITY_DROP: current activity 701.37 is 0.40x the baseline 1740.24.
5241,2013-11-03 07:00:00,ACTIVITY_DROP,813.3503999999999,1740.2385,ACTIVITY_DROP: current activity 813.35 is 0.47x the baseline 1740.24.
5242,2013-11-03 05:00:00,ACTIVITY_DROP,663.1541,1360.2272,ACTIVITY_DROP: current activity 663.15 is 0.49x the baseline 1360.23.
5242,2013-11-03 06:00:00,ACTIVITY_DROP,568.2607,1360.2272,ACTIVITY_DROP: current activity 568.26 is 0.42x the baseline 1360.23.
5242,2013-11-03 07:00:00,ACTIVITY_DROP,640.1974,1360.2272,ACTIVITY_DROP: current activity 640.20 is 0.47x the baseline 1360.23.
5243,2013-11-03 04:00:00,ACTIVITY_DROP,801.2526,1793.6376,ACTIVITY_DROP: current activity 801.25 is 0.45x the baseline 1793.64.
5243,2013-11-03 05:00:00,ACTIVITY_DROP,744.0955,1793.6376,ACTIVITY_DROP: current activity 744.10 is 0.41x the baseline 1793.64.
5243,2013-11-03 06:00:00,ACTIVITY_DROP,711.6325,1793.6376,ACTIVITY_DROP: current activity 711.63 is 0.40x the baseline 1793.64.
5243,2013-11-03 07:00:00,ACTIVITY_DROP,778.9635999999999,1793.6376,ACTIVITY_DROP: current activity 778.96 is 0.43x the baseline 1793.64.
5244,2013-11-03 02:00:00,ACTIVITY_DROP,929.1696000000001,2148.6337,ACTIVITY_DROP: current activity 929.17 is 0.43x the baseline 2148.63.
5244,2013-11-03 03:00:00,ACTIVITY_DROP,866.0598,2148.6337,ACTIVITY_DROP: current activity 866.06 is 0.40x the baseline 2148.63.
5244,2013-11-03 04:00:00,ACTIVITY_DROP,722.3103,2148.6337,ACTIVITY_DROP: current activity 722.31 is 0.34x the baseline 2148.63.
5244,2013-11-03 05:00:00,ACTIVITY_DROP,655.2211,2148.6337,ACTIVITY_DROP: current activity 655.22 is 0.30x the baseline 2148.63.
5244,2013-11-03 06:00:00,ACTIVITY_DROP,709.7778999999999,2148.6337,ACTIVITY_DROP: current activity 709.78 is 0.33x the baseline 2148.63.
5244,2013-11-03 07:00:00,ACTIVITY_DROP,900.5703,2148.6337,ACTIVITY_DROP: current activity 900.57 is 0.42x the baseline 2148.63.
5244,2013-11-03 21:00:00,HIGH_ACTIVITY,3012.9402000000005,1894.7336,HIGH_ACTIVITY: current activity 3012.94 is 1.59x the baseline 1894.73.
5245,2013-11-03 04:00:00,ACTIVITY_DROP,859.5359000000001,2130.1917,ACTIVITY_DROP: current activity 859.54 is 0.40x the baseline 2130.19.
5245,2013-11-03 05:00:00,ACTIVITY_DROP,751.2608,2130.1917,ACTIVITY_DROP: current activity 751.26 is 0.35x the baseline 2130.19.
5245,2013-11-03 06:00:00,ACTIVITY_DROP,755.2289000000001,2130.1917,ACTIVITY_DROP: current activity 755.23 is 0.35x the baseline 2130.19.
5245,2013-11-03 07:00:00,ACTIVITY_SPIKE,1148.9995,2130.1917,ACTIVITY_SPIKE: current activity 1149.00 increased sharply from the previous hour 755.23.
5246,2013-11-03 04:00:00,ACTIVITY_DROP,961.8722,2063.2789000000002,ACTIVITY_DROP: current activity 961.87 is 0.47x the baseline 2063.28.
5246,2013-11-03 05:00:00,ACTIVITY_DROP,857.4758999999999,2063.2789000000002,ACTIVITY_DROP: current activity 857.48 is 0.42x the baseline 2063.28.
5246,2013-11-03 06:00:00,ACTIVITY_DROP,824.3893,2063.2789000000002,ACTIVITY_DROP: current activity 824.39 is 0.40x the baseline 2063.28.
5247,2013-11-03 03:00:00,ACTIVITY_DROP,993.9318000000001,2173.8182,ACTIVITY_DROP: current activity 993.93 is 0.46x the baseline 2173.82.
5247,2013-11-03 04:00:00,ACTIVITY_DROP,990.0165,2173.8182,ACTIVITY_DROP: current activity 990.02 is 0.46x the baseline 2173.82.
5247,2013-11-03 05:00:00,ACTIVITY_DROP,953.1822999999999,2173.8182,ACTIVITY_DROP: current activity 953.18 is 0.44x the baseline 2173.82.
5247,2013-11-03 06:00:00,ACTIVITY_DROP,935.1776,2173.8182,ACTIVITY_DROP: current activity 935.18 is 0.43x the baseline 2173.82.
5247,2013-11-03 07:00:00,ACTIVITY_DROP,1030.6343,2173.8182,ACTIVITY_DROP: current activity 1030.63 is 0.47x the baseline 2173.82.
5248,2013-11-03 02:00:00,ACTIVITY_DROP,1386.3395999999998,3264.4948,ACTIVITY_DROP: current activity 1386.34 is 0.42x the baseline 3264.49.
5248,2013-11-03 03:00:00,ACTIVITY_DROP,1167.8348,3264.4948,ACTIVITY_DROP: current activity 1167.83 is 0.36x the baseline 3264.49.
5248,2013-11-03 04:00:00,ACTIVITY_DROP,1180.3181,3264.4948,ACTIVITY_DROP: current activity 1180.32 is 0.36x the baseline 3264.49.
5248,2013-11-03 05:00:00,ACTIVITY_DROP,1128.9288,3264.4948,ACTIVITY_DROP: current activity 1128.93 is 0.35x the baseline 3264.49.
5248,2013-11-03 06:00:00,ACTIVITY_DROP,1138.1119,3264.4948,ACTIVITY_DROP: current activity 1138.11 is 0.35x the baseline 3264.49.
5248,2013-11-03 07:00:00,ACTIVITY_DROP,1340.6654,3264.4948,ACTIVITY_DROP: current activity 1340.67 is 0.41x the baseline 3264.49.
5248,2013-11-03 08:00:00,ACTIVITY_DROP,1446.5582,3264.4948,ACTIVITY_DROP: current activity 1446.56 is 0.44x the baseline 3264.49.
5248,2013-11-03 09:00:00,ACTIVITY_SPIKE,2757.7805,3264.4948,ACTIVITY_SPIKE: current activity 2757.78 increased sharply from the previous hour 1446.56.
5249,2013-11-03 02:00:00,ACTIVITY_DROP,1106.6653,2457.4186,ACTIVITY_DROP: current activity 1106.67 is 0.45x the baseline 2457.42.
5249,2013-11-03 03:00:00,ACTIVITY_DROP,913.5522,2457.4186,ACTIVITY_DROP: current activity 913.55 is 0.37x the baseline 2457.42.
5249,2013-11-03 04:00:00,ACTIVITY_DROP,949.6367,2457.4186,ACTIVITY_DROP: current activity 949.64 is 0.39x the baseline 2457.42.
5249,2013-11-03 05:00:00,ACTIVITY_DROP,889.0782,2457.4186,ACTIVITY_DROP: current activity 889.08 is 0.36x the baseline 2457.42.
5249,2013-11-03 06:00:00,ACTIVITY_DROP,876.0382000000001,2457.4186,ACTIVITY_DROP: current activity 876.04 is 0.36x the baseline 2457.42.
5249,2013-11-03 07:00:00,ACTIVITY_DROP,953.8083,2457.4186,ACTIVITY_DROP: current activity 953.81 is 0.39x the baseline 2457.42.
5249,2013-11-03 08:00:00,ACTIVITY_DROP,1224.624,2457.4186,ACTIVITY_DROP: current activity 1224.62 is 0.50x the baseline 2457.42.
5249,2013-11-03 09:00:00,ACTIVITY_SPIKE,1858.5374,2457.4186,ACTIVITY_SPIKE: current activity 1858.54 increased sharply from the previous hour 1224.62.
5250,2013-11-03 03:00:00,ACTIVITY_DROP,676.0635,1563.6805,ACTIVITY_DROP: current activity 676.06 is 0.43x the baseline 1563.68.
5250,2013-11-03 05:00:00,ACTIVITY_DROP,683.0131,1563.6805,ACTIVITY_DROP: current activity 683.01 is 0.44x the baseline 1563.68.
5250,2013-11-03 06:00:00,ACTIVITY_DROP,658.6544,1563.6805,ACTIVITY_DROP: current activity 658.65 is 0.42x the baseline 1563.68.
5250,2013-11-03 07:00:00,ACTIVITY_DROP,696.4769,1563.6805,ACTIVITY_DROP: current activity 696.48 is 0.45x the baseline 1563.68.
5251,2013-11-03 02:00:00,ACTIVITY_DROP,1040.663,2709.8715,ACTIVITY_DROP: current activity 1040.66 is 0.38x the baseline 2709.87.
5251,2013-11-03 03:00:00,ACTIVITY_DROP,984.2358,2709.8715,ACTIVITY_DROP: current activity 984.24 is 0.36x the baseline 2709.87.
5251,2013-11-03 04:00:00,ACTIVITY_DROP,968.3134,2709.8715,ACTIVITY_DROP: current activity 968.31 is 0.36x the baseline 2709.87.
5251,2013-11-03 05:00:00,ACTIVITY_DROP,930.97,2709.8715,ACTIVITY_DROP: current activity 930.97 is 0.34x the baseline 2709.87.
5251,2013-11-03 06:00:00,ACTIVITY_DROP,899.6818000000001,2709.8715,ACTIVITY_DROP: current activity 899.68 is 0.33x the baseline 2709.87.
5251,2013-11-03 07:00:00,ACTIVITY_DROP,899.2183,2709.8715,ACTIVITY_DROP: current activity 899.22 is 0.33x the baseline 2709.87.
5251,2013-11-03 08:00:00,ACTIVITY_DROP,1224.0213,2709.8715,ACTIVITY_DROP: current activity 1224.02 is 0.45x the baseline 2709.87.
5252,2013-11-03 02:00:00,ACTIVITY_DROP,1348.1822,2891.9944,ACTIVITY_DROP: current activity 1348.18 is 0.47x the baseline 2891.99.
5252,2013-11-03 03:00:00,ACTIVITY_DROP,1242.9687,2891.9944,ACTIVITY_DROP: current activity 1242.97 is 0.43x the baseline 2891.99.
5252,2013-11-03 04:00:00,ACTIVITY_DROP,1233.7459,2891.9944,ACTIVITY_DROP: current activity 1233.75 is 0.43x the baseline 2891.99.
5252,2013-11-03 05:00:00,ACTIVITY_DROP,1099.3715,2891.9944,ACTIVITY_DROP: current activity 1099.37 is 0.38x the baseline 2891.99.
5252,2013-11-03 06:00:00,ACTIVITY_DROP,1137.0065,2891.9944,ACTIVITY_DROP: current activity 1137.01 is 0.39x the baseline 2891.99.
5252,2013-11-03 07:00:00,ACTIVITY_DROP,1161.6326,2891.9944,ACTIVITY_DROP: current activity 1161.63 is 0.40x the baseline 2891.99.
5252,2013-11-03 20:00:00,HIGH_ACTIVITY,4171.7518,2685.6032000000005,HIGH_ACTIVITY: current activity 4171.75 is 1.55x the baseline 2685.60.
5253,2013-11-03 03:00:00,ACTIVITY_DROP,688.3939,1449.1421999999998,ACTIVITY_DROP: current activity 688.39 is 0.48x the baseline 1449.14.
5253,2013-11-03 04:00:00,ACTIVITY_DROP,688.7368,1449.1421999999998,ACTIVITY_DROP: current activity 688.74 is 0.48x the baseline 1449.14.
5253,2013-11-03 05:00:00,ACTIVITY_DROP,599.2143,1449.1421999999998,ACTIVITY_DROP: current activity 599.21 is 0.41x the baseline 1449.14.
5253,2013-11-03 06:00:00,ACTIVITY_DROP,657.1342,1449.1421999999998,ACTIVITY_DROP: current activity 657.13 is 0.45x the baseline 1449.14.
5253,2013-11-03 07:00:00,ACTIVITY_DROP,697.6503,1449.1421999999998,ACTIVITY_DROP: current activity 697.65 is 0.48x the baseline 1449.14.
5254,2013-11-03 02:00:00,ACTIVITY_DROP,1182.8897000000002,2451.9829,ACTIVITY_DROP: current activity 1182.89 is 0.48x the baseline 2451.98.
5254,2013-11-03 03:00:00,ACTIVITY_DROP,1093.8533,2451.9829,ACTIVITY_DROP: current activity 1093.85 is 0.45x the baseline 2451.98.
5254,2013-11-03 04:00:00,ACTIVITY_DROP,1155.3265,2451.9829,ACTIVITY_DROP: current activity 1155.33 is 0.47x the baseline 2451.98.
5254,2013-11-03 05:00:00,ACTIVITY_DROP,1030.7298,2451.9829,ACTIVITY_DROP: current activity 1030.73 is 0.42x the baseline 2451.98.
5254,2013-11-03 06:00:00,ACTIVITY_DROP,1038.8497,2451.9829,ACTIVITY_DROP: current activity 1038.85 is 0.42x the baseline 2451.98.
5254,2013-11-03 07:00:00,ACTIVITY_DROP,1093.6492,2451.9829,ACTIVITY_DROP: current activity 1093.65 is 0.45x the baseline 2451.98.
5254,2013-11-03 09:00:00,ACTIVITY_SPIKE,2250.1048,2451.9829,ACTIVITY_SPIKE: current activity 2250.10 increased sharply from the previous hour 1322.08.
5254,2013-11-03 17:00:00,HIGH_ACTIVITY,3926.4119,2368.3545999999997,HIGH_ACTIVITY: current activity 3926.41 is 1.66x the baseline 2368.35.
5254,2013-11-03 18:00:00,HIGH_ACTIVITY,3694.2583,2368.3545999999997,HIGH_ACTIVITY: current activity 3694.26 is 1.56x the baseline 2368.35.
5255,2013-11-03 03:00:00,ACTIVITY_DROP,1515.4099,3137.0005,ACTIVITY_DROP: current activity 1515.41 is 0.48x the baseline 3137.00.
5255,2013-11-03 04:00:00,ACTIVITY_DROP,1390.5910000000001,3137.0005,ACTIVITY_DROP: current activity 1390.59 is 0.44x the baseline 3137.00.
5255,2013-11-03 05:00:00,ACTIVITY_DROP,1282.9346,3137.0005,ACTIVITY_DROP: current activity 1282.93 is 0.41x the baseline 3137.00.
5255,2013-11-03 06:00:00,ACTIVITY_DROP,1303.4092,3137.0005,ACTIVITY_DROP: current activity 1303.41 is 0.42x the baseline 3137.00.
5255,2013-11-03 07:00:00,ACTIVITY_DROP,1385.8823,3137.0005,ACTIVITY_DROP: current activity 1385.88 is 0.44x the baseline 3137.00.
5255,2013-11-03 18:00:00,HIGH_ACTIVITY,4683.5172,3098.7481000000002,HIGH_ACTIVITY: current activity 4683.52 is 1.51x the baseline 3098.75.
5256,2013-11-03 04:00:00,ACTIVITY_DROP,1343.7795999999998,3075.3768999999998,ACTIVITY_DROP: current activity 1343.78 is 0.44x the baseline 3075.38.
5256,2013-11-03 05:00:00,ACTIVITY_DROP,1250.6577,3075.3768999999998,ACTIVITY_DROP: current activity 1250.66 is 0.41x the baseline 3075.38.
5256,2013-11-03 06:00:00,ACTIVITY_DROP,1261.7597,3075.3768999999998,ACTIVITY_DROP: current activity 1261.76 is 0.41x the baseline 3075.38.
5256,2013-11-03 07:00:00,ACTIVITY_DROP,1416.9180999999999,3075.3768999999998,ACTIVITY_DROP: current activity 1416.92 is 0.46x the baseline 3075.38.
5256,2013-11-03 18:00:00,HIGH_ACTIVITY,4872.302900000001,3014.6079,HIGH_ACTIVITY: current activity 4872.30 is 1.62x the baseline 3014.61.
5257,2013-11-03 03:00:00,ACTIVITY_DROP,908.3674000000001,2152.314,ACTIVITY_DROP: current activity 908.37 is 0.42x the baseline 2152.31.
5257,2013-11-03 04:00:00,ACTIVITY_DROP,849.4885,2152.314,ACTIVITY_DROP: current activity 849.49 is 0.39x the baseline 2152.31.
5257,2013-11-03 05:00:00,ACTIVITY_DROP,832.5358000000001,2152.314,ACTIVITY_DROP: current activity 832.54 is 0.39x the baseline 2152.31.
5257,2013-11-03 06:00:00,ACTIVITY_DROP,994.8961,2152.314,ACTIVITY_DROP: current activity 994.90 is 0.46x the baseline 2152.31.
5257,2013-11-03 14:00:00,HIGH_ACTIVITY,3282.2886999999996,2058.825,HIGH_ACTIVITY: current activity 3282.29 is 1.59x the baseline 2058.82.
5257,2013-11-03 15:00:00,HIGH_ACTIVITY,3650.4891000000007,2058.825,HIGH_ACTIVITY: current activity 3650.49 is 1.77x the baseline 2058.82.
5257,2013-11-03 16:00:00,HIGH_ACTIVITY,4325.6086000000005,2058.825,HIGH_ACTIVITY: current activity 4325.61 is 2.10x the baseline 2058.82.
5257,2013-11-03 17:00:00,HIGH_ACTIVITY,4715.434200000001,2058.825,HIGH_ACTIVITY: current activity 4715.43 is 2.29x the baseline 2058.82.
5257,2013-11-03 18:00:00,HIGH_ACTIVITY,3965.9525999999996,2058.825,HIGH_ACTIVITY: current activity 3965.95 is 1.93x the baseline 2058.82.
5258,2013-11-03 04:00:00,ACTIVITY_DROP,1398.9485,2951.3264999999997,ACTIVITY_DROP: current activity 1398.95 is 0.47x the baseline 2951.33.
5258,2013-11-03 05:00:00,ACTIVITY_DROP,1304.6141,2951.3264999999997,ACTIVITY_DROP: current activity 1304.61 is 0.44x the baseline 2951.33.
5258,2013-11-03 15:00:00,HIGH_ACTIVITY,4964.9361,2769.7696,HIGH_ACTIVITY: current activity 4964.94 is 1.79x the baseline 2769.77.
5258,2013-11-03 16:00:00,HIGH_ACTIVITY,5918.046200000001,2769.7696,HIGH_ACTIVITY: current activity 5918.05 is 2.14x the baseline 2769.77.
5258,2013-11-03 17:00:00,HIGH_ACTIVITY,6800.188799999999,2769.7696,HIGH_ACTIVITY: current activity 6800.19 is 2.46x the baseline 2769.77.
5258,2013-11-03 18:00:00,HIGH_ACTIVITY,5577.350100000001,2769.7696,HIGH_ACTIVITY: current activity 5577.35 is 2.01x the baseline 2769.77.
5258,2013-11-03 19:00:00,HIGH_ACTIVITY,4156.7438,2769.7696,HIGH_ACTIVITY: current activity 4156.74 is 1.50x the baseline 2769.77.
5259,2013-11-03 00:00:00,HIGH_ACTIVITY,4209.7969,2447.1597,HIGH_ACTIVITY: current activity 4209.80 is 1.72x the baseline 2447.16.
5259,2013-11-03 01:00:00,HIGH_ACTIVITY,7230.308400000001,2447.1597,HIGH_ACTIVITY: current activity 7230.31 is 2.95x the baseline 2447.16.
5259,2013-11-03 01:00:00,ACTIVITY_SPIKE,7230.308400000001,2447.1597,ACTIVITY_SPIKE: current activity 7230.31 increased sharply from the previous hour 4209.80.
5259,2013-11-03 02:00:00,HIGH_ACTIVITY,9188.576000000001,2447.1597,HIGH_ACTIVITY: current activity 9188.58 is 3.75x the baseline 2447.16.
5259,2013-11-03 03:00:00,HIGH_ACTIVITY,7097.663700000001,2447.1597,HIGH_ACTIVITY: current activity 7097.66 is 2.90x the baseline 2447.16.
5259,2013-11-03 04:00:00,HIGH_ACTIVITY,4985.3103,2447.1597,HIGH_ACTIVITY: current activity 4985.31 is 2.04x the baseline 2447.16.
5259,2013-11-03 06:00:00,ACTIVITY_DROP,915.5207,2633.134,ACTIVITY_DROP: current activity 915.52 is 0.35x the baseline 2633.13.
5259,2013-11-03 07:00:00,ACTIVITY_DROP,984.0963,2633.134,ACTIVITY_DROP: current activity 984.10 is 0.37x the baseline 2633.13.
5259,2013-11-03 08:00:00,ACTIVITY_DROP,1077.1139999999998,2633.134,ACTIVITY_DROP: current activity 1077.11 is 0.41x the baseline 2633.13.
5259,2013-11-03 09:00:00,ACTIVITY_SPIKE,2176.667,2633.134,ACTIVITY_SPIKE: current activity 2176.67 increased sharply from the previous hour 1077.11.
5260,2013-11-03 04:00:00,ACTIVITY_DROP,801.844,1835.4863,ACTIVITY_DROP: current activity 801.84 is 0.44x the baseline 1835.49.
5260,2013-11-03 05:00:00,ACTIVITY_DROP,495.72940000000006,1835.4863,ACTIVITY_DROP: current activity 495.73 is 0.27x the baseline 1835.49.
5260,2013-11-03 06:00:00,ACTIVITY_DROP,448.3193,1835.4863,ACTIVITY_DROP: current activity 448.32 is 0.24x the baseline 1835.49.
5260,2013-11-03 07:00:00,ACTIVITY_DROP,461.6174,1835.4863,ACTIVITY_DROP: current activity 461.62 is 0.25x the baseline 1835.49.
5260,2013-11-03 08:00:00,ACTIVITY_DROP,601.941,1835.4863,ACTIVITY_DROP: current activity 601.94 is 0.33x the baseline 1835.49.
5260,2013-11-03 09:00:00,ACTIVITY_SPIKE,989.5181,1835.4863,ACTIVITY_SPIKE: current activity 989.52 increased sharply from the previous hour 601.94.
5260,2013-11-03 12:00:00,HIGH_ACTIVITY,2280.7196,1409.3266,HIGH_ACTIVITY: current activity 2280.72 is 1.62x the baseline 1409.33.
5260,2013-11-03 13:00:00,HIGH_ACTIVITY,2359.3013,1409.3266,HIGH_ACTIVITY: current activity 2359.30 is 1.67x the baseline 1409.33.
5260,2013-11-03 14:00:00,HIGH_ACTIVITY,2722.8650000000002,1409.3266,HIGH_ACTIVITY: current activity 2722.87 is 1.93x the baseline 1409.33.
5260,2013-11-03 15:00:00,HIGH_ACTIVITY,2948.9354000000003,1409.3266,HIGH_ACTIVITY: current activity 2948.94 is 2.09x the baseline 1409.33.
5260,2013-11-03 16:00:00,HIGH_ACTIVITY,3797.8759999999997,1409.3266,HIGH_ACTIVITY: current activity 3797.88 is 2.69x the baseline 1409.33.
5260,2013-11-03 17:00:00,HIGH_ACTIVITY,4560.7961000000005,1409.3266,HIGH_ACTIVITY: current activity 4560.80 is 3.24x the baseline 1409.33.
5260,2013-11-03 18:00:00,HIGH_ACTIVITY,3199.8397999999997,1409.3266,HIGH_ACTIVITY: current activity 3199.84 is 2.27x the baseline 1409.33.
5260,2013-11-03 19:00:00,HIGH_ACTIVITY,2343.996,1409.3266,HIGH_ACTIVITY: current activity 2344.00 is 1.66x the baseline 1409.33.
5260,2013-11-03 20:00:00,HIGH_ACTIVITY,2223.8186,1409.3266,HIGH_ACTIVITY: current activity 2223.82 is 1.58x the baseline 1409.33.
5260,2013-11-03 22:00:00,HIGH_ACTIVITY,2175.5730000000003,1409.3266,HIGH_ACTIVITY: current activity 2175.57 is 1.54x the baseline 1409.33.
5261,2013-11-03 01:00:00,ACTIVITY_DROP,863.3292999999999,2002.1352000000002,ACTIVITY_DROP: current activity 863.33 is 0.43x the baseline 2002.14.
5261,2013-11-03 02:00:00,ACTIVITY_DROP,712.7038,2002.1352000000002,ACTIVITY_DROP: current activity 712.70 is 0.36x the baseline 2002.14.
5261,2013-11-03 03:00:00,ACTIVITY_DROP,629.1777,2002.1352000000002,ACTIVITY_DROP: current activity 629.18 is 0.31x the baseline 2002.14.
5261,2013-11-03 04:00:00,ACTIVITY_DROP,588.2861,2002.1352000000002,ACTIVITY_DROP: current activity 588.29 is 0.29x the baseline 2002.14.
5261,2013-11-03 05:00:00,ACTIVITY_DROP,620.9834999999999,2002.1352000000002,ACTIVITY_DROP: current activity 620.98 is 0.31x the baseline 2002.14.
5261,2013-11-03 06:00:00,ACTIVITY_DROP,549.9218,2002.1352000000002,ACTIVITY_DROP: current activity 549.92 is 0.27x the baseline 2002.14.
5261,2013-11-03 07:00:00,ACTIVITY_DROP,656.3688999999999,2002.1352000000002,ACTIVITY_DROP: current activity 656.37 is 0.33x the baseline 2002.14.
5261,2013-11-03 08:00:00,ACTIVITY_SPIKE,1030.9589,2002.1352000000002,ACTIVITY_SPIKE: current activity 1030.96 increased sharply from the previous hour 656.37.
5261,2013-11-03 11:00:00,HIGH_ACTIVITY,2921.5335000000005,1866.1646,HIGH_ACTIVITY: current activity 2921.53 is 1.57x the baseline 1866.16.
5261,2013-11-03 12:00:00,HIGH_ACTIVITY,4411.1547,1866.1646,HIGH_ACTIVITY: current activity 4411.15 is 2.36x the baseline 1866.16.
5261,2013-11-03 12:00:00,ACTIVITY_SPIKE,4411.1547,1866.1646,ACTIVITY_SPIKE: current activity 4411.15 increased sharply from the previous hour 2921.53.
5261,2013-11-03 13:00:00,HIGH_ACTIVITY,4004.9991,1866.1646,HIGH_ACTIVITY: current activity 4005.00 is 2.15x the baseline 1866.16.
5261,2013-11-03 14:00:00,HIGH_ACTIVITY,4379.7251,1866.1646,HIGH_ACTIVITY: current activity 4379.73 is 2.35x the baseline 1866.16.
5261,2013-11-03 15:00:00,HIGH_ACTIVITY,4455.9496,1866.1646,HIGH_ACTIVITY: current activity 4455.95 is 2.39x the baseline 1866.16.
5261,2013-11-03 16:00:00,HIGH_ACTIVITY,5030.117899999999,1866.1646,HIGH_ACTIVITY: current activity 5030.12 is 2.70x the baseline 1866.16.
5261,2013-11-03 17:00:00,HIGH_ACTIVITY,6009.4496,1866.1646,HIGH_ACTIVITY: current activity 6009.45 is 3.22x the baseline 1866.16.
5261,2013-11-03 18:00:00,HIGH_ACTIVITY,4421.8063,1866.1646,HIGH_ACTIVITY: current activity 4421.81 is 2.37x the baseline 1866.16.
5261,2013-11-03 19:00:00,HIGH_ACTIVITY,3491.0638,1866.1646,HIGH_ACTIVITY: current activity 3491.06 is 1.87x the baseline 1866.16.
5262,2013-11-03 01:00:00,ACTIVITY_DROP,1102.1653999999999,2303.8561,ACTIVITY_DROP: current activity 1102.17 is 0.48x the baseline 2303.86.
5262,2013-11-03 02:00:00,ACTIVITY_DROP,1081.4315000000001,2303.8561,ACTIVITY_DROP: current activity 1081.43 is 0.47x the baseline 2303.86.
5262,2013-11-03 03:00:00,ACTIVITY_DROP,1063.3959,2303.8561,ACTIVITY_DROP: current activity 1063.40 is 0.46x the baseline 2303.86.
5262,2013-11-03 04:00:00,ACTIVITY_DROP,914.0988,2303.8561,ACTIVITY_DROP: current activity 914.10 is 0.40x the baseline 2303.86.
5262,2013-11-03 05:00:00,ACTIVITY_DROP,874.528,2303.8561,ACTIVITY_DROP: current activity 874.53 is 0.38x the baseline 2303.86.
5262,2013-11-03 06:00:00,ACTIVITY_DROP,986.386,2303.8561,ACTIVITY_DROP: current activity 986.39 is 0.43x the baseline 2303.86.
5262,2013-11-03 10:00:00,HIGH_ACTIVITY,3827.8389,2227.4714999999997,HIGH_ACTIVITY: current activity 3827.84 is 1.72x the baseline 2227.47.
5262,2013-11-03 10:00:00,ACTIVITY_SPIKE,3827.8389,2227.4714999999997,ACTIVITY_SPIKE: current activity 3827.84 increased sharply from the previous hour 2303.86.
5262,2013-11-03 11:00:00,HIGH_ACTIVITY,5767.0697,2227.4714999999997,HIGH_ACTIVITY: current activity 5767.07 is 2.59x the baseline 2227.47.
5262,2013-11-03 11:00:00,ACTIVITY_SPIKE,5767.0697,2227.4714999999997,ACTIVITY_SPIKE: current activity 5767.07 increased sharply from the previous hour 3827.84.
5262,2013-11-03 12:00:00,HIGH_ACTIVITY,7812.7983,2227.4714999999997,HIGH_ACTIVITY: current activity 7812.80 is 3.51x the baseline 2227.47.
5262,2013-11-03 13:00:00,HIGH_ACTIVITY,7767.2168,2227.4714999999997,HIGH_ACTIVITY: current activity 7767.22 is 3.49x the baseline 2227.47.
5262,2013-11-03 14:00:00,HIGH_ACTIVITY,9923.720599999999,2227.4714999999997,HIGH_ACTIVITY: current activity 9923.72 is 4.46x the baseline 2227.47.
5262,2013-11-03 15:00:00,HIGH_ACTIVITY,9118.7405,2227.4714999999997,HIGH_ACTIVITY: current activity 9118.74 is 4.09x the baseline 2227.47.
5262,2013-11-03 16:00:00,HIGH_ACTIVITY,10433.436399999999,2227.4714999999997,HIGH_ACTIVITY: current activity 10433.44 is 4.68x the baseline 2227.47.
5262,2013-11-03 17:00:00,HIGH_ACTIVITY,11130.525099999999,2227.4714999999997,HIGH_ACTIVITY: current activity 11130.53 is 5.00x the baseline 2227.47.
5262,2013-11-03 18:00:00,HIGH_ACTIVITY,8742.178199999998,2227.4714999999997,HIGH_ACTIVITY: current activity 8742.18 is 3.92x the baseline 2227.47.
5262,2013-11-03 19:00:00,HIGH_ACTIVITY,5665.7644,2227.4714999999997,HIGH_ACTIVITY: current activity 5665.76 is 2.54x the baseline 2227.47.
5263,2013-11-03 01:00:00,ACTIVITY_DROP,1218.5695,2680.8482000000004,ACTIVITY_DROP: current activity 1218.57 is 0.45x the baseline 2680.85.
5263,2013-11-03 02:00:00,ACTIVITY_DROP,1059.2491,2680.8482000000004,ACTIVITY_DROP: current activity 1059.25 is 0.40x the baseline 2680.85.
5263,2013-11-03 03:00:00,ACTIVITY_DROP,1111.1558,2680.8482000000004,ACTIVITY_DROP: current activity 1111.16 is 0.41x the baseline 2680.85.
5263,2013-11-03 04:00:00,ACTIVITY_DROP,991.0035999999999,2680.8482000000004,ACTIVITY_DROP: current activity 991.00 is 0.37x the baseline 2680.85.
5263,2013-11-03 05:00:00,ACTIVITY_DROP,881.0732,2680.8482000000004,ACTIVITY_DROP: current activity 881.07 is 0.33x the baseline 2680.85.
5263,2013-11-03 06:00:00,ACTIVITY_DROP,985.9875,2680.8482000000004,ACTIVITY_DROP: current activity 985.99 is 0.37x the baseline 2680.85.
5263,2013-11-03 07:00:00,ACTIVITY_DROP,1176.0000999999997,2680.8482000000004,ACTIVITY_DROP: current activity 1176.00 is 0.44x the baseline 2680.85.
5263,2013-11-03 09:00:00,ACTIVITY_SPIKE,2129.3734,2680.8482000000004,ACTIVITY_SPIKE: current activity 2129.37 increased sharply from the previous hour 1364.97.
5263,2013-11-03 11:00:00,HIGH_ACTIVITY,4087.6851,2135.7626,HIGH_ACTIVITY: current activity 4087.69 is 1.91x the baseline 2135.76.
5263,2013-11-03 12:00:00,HIGH_ACTIVITY,4037.9889,2135.7626,HIGH_ACTIVITY: current activity 4037.99 is 1.89x the baseline 2135.76.
5263,2013-11-03 13:00:00,HIGH_ACTIVITY,4289.8707,2135.7626,HIGH_ACTIVITY: current activity 4289.87 is 2.01x the baseline 2135.76.
5263,2013-11-03 14:00:00,HIGH_ACTIVITY,3986.3655,2135.7626,HIGH_ACTIVITY: current activity 3986.37 is 1.87x the baseline 2135.76.
5263,2013-11-03 15:00:00,HIGH_ACTIVITY,4857.4311,2135.7626,HIGH_ACTIVITY: current activity 4857.43 is 2.27x the baseline 2135.76.
5263,2013-11-03 16:00:00,HIGH_ACTIVITY,5708.7379,2135.7626,HIGH_ACTIVITY: current activity 5708.74 is 2.67x the baseline 2135.76.
5263,2013-11-03 17:00:00,HIGH_ACTIVITY,6119.584699999999,2135.7626,HIGH_ACTIVITY: current activity 6119.58 is 2.87x the baseline 2135.76.
5263,2013-11-03 18:00:00,HIGH_ACTIVITY,5438.4962000000005,2135.7626,HIGH_ACTIVITY: current activity 5438.50 is 2.55x the baseline 2135.76.
5263,2013-11-03 19:00:00,HIGH_ACTIVITY,4531.5157,2135.7626,HIGH_ACTIVITY: current activity 4531.52 is 2.12x the baseline 2135.76.
5264,2013-11-03 01:00:00,ACTIVITY_DROP,554.6807999999999,1150.9973,ACTIVITY_DROP: current activity 554.68 is 0.48x the baseline 1151.00.
5264,2013-11-03 02:00:00,ACTIVITY_DROP,477.8,1150.9973,ACTIVITY_DROP: current activity 477.80 is 0.42x the baseline 1151.00.
5264,2013-11-03 03:00:00,ACTIVITY_DROP,538.1527,1150.9973,ACTIVITY_DROP: current activity 538.15 is 0.47x the baseline 1151.00.
5264,2013-11-03 04:00:00,ACTIVITY_DROP,440.9151,1150.9973,ACTIVITY_DROP: current activity 440.92 is 0.38x the baseline 1151.00.
5264,2013-11-03 05:00:00,ACTIVITY_DROP,413.95430000000005,1150.9973,ACTIVITY_DROP: current activity 413.95 is 0.36x the baseline 1151.00.
5264,2013-11-03 06:00:00,ACTIVITY_DROP,505.9692,1150.9973,ACTIVITY_DROP: current activity 505.97 is 0.44x the baseline 1151.00.
5264,2013-11-03 08:00:00,ACTIVITY_DROP,566.6955,1150.9973,ACTIVITY_DROP: current activity 566.70 is 0.49x the baseline 1151.00.
5264,2013-11-03 16:00:00,HIGH_ACTIVITY,1769.6338999999998,1149.4696000000001,HIGH_ACTIVITY: current activity 1769.63 is 1.54x the baseline 1149.47.
5264,2013-11-03 19:00:00,HIGH_ACTIVITY,1910.1743000000001,1149.4696000000001,HIGH_ACTIVITY: current activity 1910.17 is 1.66x the baseline 1149.47.
5264,2013-11-03 20:00:00,HIGH_ACTIVITY,1729.6244000000002,1149.4696000000001,HIGH_ACTIVITY: current activity 1729.62 is 1.50x the baseline 1149.47.
5266,2013-11-03 02:00:00,ACTIVITY_DROP,469.75790000000006,1132.9798,ACTIVITY_DROP: current activity 469.76 is 0.41x the baseline 1132.98.
5266,2013-11-03 03:00:00,ACTIVITY_DROP,412.67910000000006,1132.9798,ACTIVITY_DROP: current activity 412.68 is 0.36x the baseline 1132.98.
5266,2013-11-03 04:00:00,ACTIVITY_DROP,394.86500000000007,1132.9798,ACTIVITY_DROP: current activity 394.87 is 0.35x the baseline 1132.98.
5266,2013-11-03 05:00:00,ACTIVITY_DROP,396.5969,1132.9798,ACTIVITY_DROP: current activity 396.60 is 0.35x the baseline 1132.98.
5266,2013-11-03 06:00:00,ACTIVITY_DROP,452.73479999999995,1132.9798,ACTIVITY_DROP: current activity 452.73 is 0.40x the baseline 1132.98.
5266,2013-11-03 07:00:00,ACTIVITY_DROP,487.23269999999997,1132.9798,ACTIVITY_DROP: current activity 487.23 is 0.43x the baseline 1132.98.
5267,2013-11-03 02:00:00,ACTIVITY_DROP,1296.3775,2684.5385,ACTIVITY_DROP: current activity 1296.38 is 0.48x the baseline 2684.54.
5267,2013-11-03 03:00:00,ACTIVITY_DROP,1023.7284,2684.5385,ACTIVITY_DROP: current activity 1023.73 is 0.38x the baseline 2684.54.
5267,2013-11-03 04:00:00,ACTIVITY_DROP,999.9596999999999,2684.5385,ACTIVITY_DROP: current activity 999.96 is 0.37x the baseline 2684.54.
5267,2013-11-03 05:00:00,ACTIVITY_DROP,959.6819999999999,2684.5385,ACTIVITY_DROP: current activity 959.68 is 0.36x the baseline 2684.54.
5267,2013-11-03 06:00:00,ACTIVITY_DROP,1008.0004999999999,2684.5385,ACTIVITY_DROP: current activity 1008.00 is 0.38x the baseline 2684.54.
5267,2013-11-03 07:00:00,ACTIVITY_DROP,1195.1807000000001,2684.5385,ACTIVITY_DROP: current activity 1195.18 is 0.45x the baseline 2684.54.
5267,2013-11-03 08:00:00,ACTIVITY_DROP,1174.7923,2684.5385,ACTIVITY_DROP: current activity 1174.79 is 0.44x the baseline 2684.54.
5267,2013-11-03 18:00:00,HIGH_ACTIVITY,4249.9818,2652.5813000000003,HIGH_ACTIVITY: current activity 4249.98 is 1.60x the baseline 2652.58.
5267,2013-11-03 19:00:00,HIGH_ACTIVITY,4298.2638,2652.5813000000003,HIGH_ACTIVITY: current activity 4298.26 is 1.62x the baseline 2652.58.
5267,2013-11-03 20:00:00,HIGH_ACTIVITY,5000.4161,2652.5813000000003,HIGH_ACTIVITY: current activity 5000.42 is 1.89x the baseline 2652.58.
5267,2013-11-03 21:00:00,HIGH_ACTIVITY,4552.7892,2652.5813000000003,HIGH_ACTIVITY: current activity 4552.79 is 1.72x the baseline 2652.58.
5268,2013-11-03 03:00:00,ACTIVITY_DROP,1368.3166999999999,2964.7072,ACTIVITY_DROP: current activity 1368.32 is 0.46x the baseline 2964.71.
5268,2013-11-03 04:00:00,ACTIVITY_DROP,1192.0323999999998,2964.7072,ACTIVITY_DROP: current activity 1192.03 is 0.40x the baseline 2964.71.
5268,2013-11-03 05:00:00,ACTIVITY_DROP,1169.0939,2964.7072,ACTIVITY_DROP: current activity 1169.09 is 0.39x the baseline 2964.71.
5268,2013-11-03 06:00:00,ACTIVITY_DROP,1256.5705,2964.7072,ACTIVITY_DROP: current activity 1256.57 is 0.42x the baseline 2964.71.
5268,2013-11-03 07:00:00,ACTIVITY_DROP,1398.8912,2964.7072,ACTIVITY_DROP: current activity 1398.89 is 0.47x the baseline 2964.71.
5268,2013-11-03 09:00:00,ACTIVITY_SPIKE,2579.7677,2964.7072,ACTIVITY_SPIKE: current activity 2579.77 increased sharply from the previous hour 1617.73.
5268,2013-11-03 20:00:00,HIGH_ACTIVITY,4358.6719,2871.9696999999996,HIGH_ACTIVITY: current activity 4358.67 is 1.52x the baseline 2871.97.
5269,2013-11-03 03:00:00,ACTIVITY_DROP,1328.9096,3014.3604,ACTIVITY_DROP: current activity 1328.91 is 0.44x the baseline 3014.36.
5269,2013-11-03 04:00:00,ACTIVITY_DROP,1150.3634999999997,3014.3604,ACTIVITY_DROP: current activity 1150.36 is 0.38x the baseline 3014.36.
5269,2013-11-03 05:00:00,ACTIVITY_DROP,1126.0250999999998,3014.3604,ACTIVITY_DROP: current activity 1126.03 is 0.37x the baseline 3014.36.
5269,2013-11-03 06:00:00,ACTIVITY_DROP,1203.5763000000002,3014.3604,ACTIVITY_DROP: current activity 1203.58 is 0.40x the baseline 3014.36.
5269,2013-11-03 07:00:00,ACTIVITY_DROP,1314.3635,3014.3604,ACTIVITY_DROP: current activity 1314.36 is 0.44x the baseline 3014.36.
5269,2013-11-03 09:00:00,ACTIVITY_SPIKE,3014.3604,2906.0986,ACTIVITY_SPIKE: current activity 3014.36 increased sharply from the previous hour 1688.75.
5270,2013-11-03 03:00:00,ACTIVITY_DROP,938.9715,2344.1258000000003,ACTIVITY_DROP: current activity 938.97 is 0.40x the baseline 2344.13.
5270,2013-11-03 04:00:00,ACTIVITY_DROP,921.1675,2344.1258000000003,ACTIVITY_DROP: current activity 921.17 is 0.39x the baseline 2344.13.
5270,2013-11-03 05:00:00,ACTIVITY_DROP,866.6876,2344.1258000000003,ACTIVITY_DROP: current activity 866.69 is 0.37x the baseline 2344.13.
5270,2013-11-03 06:00:00,ACTIVITY_DROP,881.0532999999999,2344.1258000000003,ACTIVITY_DROP: current activity 881.05 is 0.38x the baseline 2344.13.
5270,2013-11-03 07:00:00,ACTIVITY_DROP,955.109,2344.1258000000003,ACTIVITY_DROP: current activity 955.11 is 0.41x the baseline 2344.13.
5271,2013-11-03 04:00:00,ACTIVITY_DROP,941.1679,1986.7573999999997,ACTIVITY_DROP: current activity 941.17 is 0.47x the baseline 1986.76.
5271,2013-11-03 05:00:00,ACTIVITY_DROP,919.692,1986.7573999999997,ACTIVITY_DROP: current activity 919.69 is 0.46x the baseline 1986.76.
5271,2013-11-03 06:00:00,ACTIVITY_DROP,920.4047,1986.7573999999997,ACTIVITY_DROP: current activity 920.40 is 0.46x the baseline 1986.76.
5271,2013-11-03 07:00:00,ACTIVITY_DROP,924.8887,1986.7573999999997,ACTIVITY_DROP: current activity 924.89 is 0.47x the baseline 1986.76.
5271,2013-11-03 08:00:00,ACTIVITY_SPIKE,1523.0071,1986.7573999999997,ACTIVITY_SPIKE: current activity 1523.01 increased sharply from the previous hour 924.89.
5271,2013-11-03 20:00:00,HIGH_ACTIVITY,3028.5356000000006,1888.3975999999998,HIGH_ACTIVITY: current activity 3028.54 is 1.60x the baseline 1888.40.
5271,2013-11-03 22:00:00,HIGH_ACTIVITY,2886.5514,1888.3975999999998,HIGH_ACTIVITY: current activity 2886.55 is 1.53x the baseline 1888.40.
5272,2013-11-03 06:00:00,ACTIVITY_DROP,848.3022,1706.1075999999998,ACTIVITY_DROP: current activity 848.30 is 0.50x the baseline 1706.11.
5272,2013-11-03 09:00:00,ACTIVITY_SPIKE,1609.8359,1706.1075999999998,ACTIVITY_SPIKE: current activity 1609.84 increased sharply from the previous hour 1069.54.
5272,2013-11-03 17:00:00,HIGH_ACTIVITY,2449.4306,1619.9661999999998,HIGH_ACTIVITY: current activity 2449.43 is 1.51x the baseline 1619.97.
5273,2013-11-03 03:00:00,ACTIVITY_DROP,1003.5848,2026.8483,ACTIVITY_DROP: current activity 1003.58 is 0.50x the baseline 2026.85.
5273,2013-11-03 04:00:00,ACTIVITY_DROP,1002.1867,2026.8483,ACTIVITY_DROP: current activity 1002.19 is 0.49x the baseline 2026.85.
5273,2013-11-03 05:00:00,ACTIVITY_DROP,959.8616000000001,2026.8483,ACTIVITY_DROP: current activity 959.86 is 0.47x the baseline 2026.85.
5273,2013-11-03 06:00:00,ACTIVITY_DROP,858.6538,2026.8483,ACTIVITY_DROP: current activity 858.65 is 0.42x the baseline 2026.85.
5273,2013-11-03 07:00:00,ACTIVITY_DROP,970.5539,2026.8483,ACTIVITY_DROP: current activity 970.55 is 0.48x the baseline 2026.85.
5273,2013-11-03 09:00:00,ACTIVITY_SPIKE,2225.2243,2003.5428,ACTIVITY_SPIKE: current activity 2225.22 increased sharply from the previous hour 1425.80.
5274,2013-11-03 06:00:00,ACTIVITY_DROP,491.5045,1018.8849,ACTIVITY_DROP: current activity 491.50 is 0.48x the baseline 1018.88.
5341,2013-11-03 03:00:00,ACTIVITY_DROP,821.7511999999999,1692.1282,ACTIVITY_DROP: current activity 821.75 is 0.49x the baseline 1692.13.
5341,2013-11-03 04:00:00,ACTIVITY_DROP,698.6021999999999,1692.1282,ACTIVITY_DROP: current activity 698.60 is 0.41x the baseline 1692.13.
5341,2013-11-03 05:00:00,ACTIVITY_DROP,692.1514,1692.1282,ACTIVITY_DROP: current activity 692.15 is 0.41x the baseline 1692.13.
5341,2013-11-03 06:00:00,ACTIVITY_DROP,672.0877,1692.1282,ACTIVITY_DROP: current activity 672.09 is 0.40x the baseline 1692.13.
5342,2013-11-03 04:00:00,ACTIVITY_DROP,978.4732,2150.8832,ACTIVITY_DROP: current activity 978.47 is 0.45x the baseline 2150.88.
5342,2013-11-03 05:00:00,ACTIVITY_DROP,969.561,2150.8832,ACTIVITY_DROP: current activity 969.56 is 0.45x the baseline 2150.88.
5342,2013-11-03 06:00:00,ACTIVITY_DROP,885.6985999999999,2150.8832,ACTIVITY_DROP: current activity 885.70 is 0.41x the baseline 2150.88.
5343,2013-11-03 05:00:00,ACTIVITY_DROP,778.1084000000001,1714.4971999999998,ACTIVITY_DROP: current activity 778.11 is 0.45x the baseline 1714.50.
5343,2013-11-03 06:00:00,ACTIVITY_DROP,698.7425000000001,1714.4971999999998,ACTIVITY_DROP: current activity 698.74 is 0.41x the baseline 1714.50.
5343,2013-11-03 07:00:00,ACTIVITY_DROP,838.3739,1714.4971999999998,ACTIVITY_DROP: current activity 838.37 is 0.49x the baseline 1714.50.
5344,2013-11-03 05:00:00,ACTIVITY_DROP,906.2671,1996.2622000000001,ACTIVITY_DROP: current activity 906.27 is 0.45x the baseline 1996.26.
5344,2013-11-03 06:00:00,ACTIVITY_DROP,885.4131000000001,1996.2622000000001,ACTIVITY_DROP: current activity 885.41 is 0.44x the baseline 1996.26.
5344,2013-11-03 07:00:00,ACTIVITY_DROP,838.0486999999999,1996.2622000000001,ACTIVITY_DROP: current activity 838.05 is 0.42x the baseline 1996.26.
5345,2013-11-03 05:00:00,ACTIVITY_DROP,795.8901,1681.3704,ACTIVITY_DROP: current activity 795.89 is 0.47x the baseline 1681.37.
5345,2013-11-03 06:00:00,ACTIVITY_DROP,747.9085,1681.3704,ACTIVITY_DROP: current activity 747.91 is 0.44x the baseline 1681.37.
5346,2013-11-03 05:00:00,ACTIVITY_DROP,720.5843,1444.8743,ACTIVITY_DROP: current activity 720.58 is 0.50x the baseline 1444.87.
5346,2013-11-03 06:00:00,ACTIVITY_DROP,673.9768,1444.8743,ACTIVITY_DROP: current activity 673.98 is 0.47x the baseline 1444.87.
5346,2013-11-03 20:00:00,HIGH_ACTIVITY,2223.7203,1421.9584999999997,HIGH_ACTIVITY: current activity 2223.72 is 1.56x the baseline 1421.96.
5346,2013-11-03 22:00:00,HIGH_ACTIVITY,2188.3387,1421.9584999999997,HIGH_ACTIVITY: current activity 2188.34 is 1.54x the baseline 1421.96.
5347,2013-11-03 06:00:00,ACTIVITY_DROP,812.314,1662.2602000000002,ACTIVITY_DROP: current activity 812.31 is 0.49x the baseline 1662.26.
5347,2013-11-03 20:00:00,HIGH_ACTIVITY,2710.9552999999996,1517.3739,HIGH_ACTIVITY: current activity 2710.96 is 1.79x the baseline 1517.37.
5347,2013-11-03 21:00:00,HIGH_ACTIVITY,2752.5878,1517.3739,HIGH_ACTIVITY: current activity 2752.59 is 1.81x the baseline 1517.37.
5347,2013-11-03 22:00:00,HIGH_ACTIVITY,2308.5089,1517.3739,HIGH_ACTIVITY: current activity 2308.51 is 1.52x the baseline 1517.37.
5348,2013-11-03 02:00:00,ACTIVITY_DROP,1249.7851,2591.7559999999994,ACTIVITY_DROP: current activity 1249.79 is 0.48x the baseline 2591.76.
5348,2013-11-03 03:00:00,ACTIVITY_DROP,1040.0633,2591.7559999999994,ACTIVITY_DROP: current activity 1040.06 is 0.40x the baseline 2591.76.
5348,2013-11-03 04:00:00,ACTIVITY_DROP,947.4244,2591.7559999999994,ACTIVITY_DROP: current activity 947.42 is 0.37x the baseline 2591.76.
5348,2013-11-03 05:00:00,ACTIVITY_DROP,974.061,2591.7559999999994,ACTIVITY_DROP: current activity 974.06 is 0.38x the baseline 2591.76.
5348,2013-11-03 06:00:00,ACTIVITY_DROP,966.3098,2591.7559999999994,ACTIVITY_DROP: current activity 966.31 is 0.37x the baseline 2591.76.
5348,2013-11-03 07:00:00,ACTIVITY_DROP,991.9403,2591.7559999999994,ACTIVITY_DROP: current activity 991.94 is 0.38x the baseline 2591.76.
5348,2013-11-03 08:00:00,ACTIVITY_DROP,1275.3264,2591.7559999999994,ACTIVITY_DROP: current activity 1275.33 is 0.49x the baseline 2591.76.
5348,2013-11-03 09:00:00,ACTIVITY_SPIKE,1914.3673000000001,2591.7559999999994,ACTIVITY_SPIKE: current activity 1914.37 increased sharply from the previous hour 1275.33.
5348,2013-11-03 18:00:00,HIGH_ACTIVITY,3898.0829999999996,2553.3046000000004,HIGH_ACTIVITY: current activity 3898.08 is 1.53x the baseline 2553.30.
5348,2013-11-03 19:00:00,HIGH_ACTIVITY,4101.6025,2553.3046000000004,HIGH_ACTIVITY: current activity 4101.60 is 1.61x the baseline 2553.30.
5348,2013-11-03 21:00:00,HIGH_ACTIVITY,3978.4345,2553.3046000000004,HIGH_ACTIVITY: current activity 3978.43 is 1.56x the baseline 2553.30.
5349,2013-11-03 02:00:00,ACTIVITY_DROP,1492.4359,3324.6927,ACTIVITY_DROP: current activity 1492.44 is 0.45x the baseline 3324.69.
5349,2013-11-03 03:00:00,ACTIVITY_DROP,1323.1839,3324.6927,ACTIVITY_DROP: current activity 1323.18 is 0.40x the baseline 3324.69.
5349,2013-11-03 04:00:00,ACTIVITY_DROP,1165.1724,3324.6927,ACTIVITY_DROP: current activity 1165.17 is 0.35x the baseline 3324.69.
5349,2013-11-03 05:00:00,ACTIVITY_DROP,1167.1453999999999,3324.6927,ACTIVITY_DROP: current activity 1167.15 is 0.35x the baseline 3324.69.
5349,2013-11-03 06:00:00,ACTIVITY_DROP,1331.7436,3324.6927,ACTIVITY_DROP: current activity 1331.74 is 0.40x the baseline 3324.69.
5349,2013-11-03 07:00:00,ACTIVITY_DROP,1661.7456,3324.6927,ACTIVITY_DROP: current activity 1661.75 is 0.50x the baseline 3324.69.
5349,2013-11-03 18:00:00,HIGH_ACTIVITY,4769.914199999999,3081.3103,HIGH_ACTIVITY: current activity 4769.91 is 1.55x the baseline 3081.31.
5349,2013-11-03 19:00:00,HIGH_ACTIVITY,5605.963000000001,3081.3103,HIGH_ACTIVITY: current activity 5605.96 is 1.82x the baseline 3081.31.
5349,2013-11-03 20:00:00,HIGH_ACTIVITY,5100.9461,3081.3103,HIGH_ACTIVITY: current activity 5100.95 is 1.66x the baseline 3081.31.
5349,2013-11-03 21:00:00,HIGH_ACTIVITY,4988.175200000001,3081.3103,HIGH_ACTIVITY: current activity 4988.18 is 1.62x the baseline 3081.31.
5350,2013-11-03 02:00:00,ACTIVITY_DROP,779.8985999999999,1679.0841,ACTIVITY_DROP: current activity 779.90 is 0.46x the baseline 1679.08.
5350,2013-11-03 03:00:00,ACTIVITY_DROP,664.2657,1679.0841,ACTIVITY_DROP: current activity 664.27 is 0.40x the baseline 1679.08.
5350,2013-11-03 04:00:00,ACTIVITY_DROP,629.74,1679.0841,ACTIVITY_DROP: current activity 629.74 is 0.38x the baseline 1679.08.
5350,2013-11-03 05:00:00,ACTIVITY_DROP,596.2742,1679.0841,ACTIVITY_DROP: current activity 596.27 is 0.36x the baseline 1679.08.
5350,2013-11-03 06:00:00,ACTIVITY_DROP,660.9182,1679.0841,ACTIVITY_DROP: current activity 660.92 is 0.39x the baseline 1679.08.
5350,2013-11-03 07:00:00,ACTIVITY_DROP,804.9684,1679.0841,ACTIVITY_DROP: current activity 804.97 is 0.48x the baseline 1679.08.
5350,2013-11-03 20:00:00,HIGH_ACTIVITY,2516.1531,1647.5478000000003,HIGH_ACTIVITY: current activity 2516.15 is 1.53x the baseline 1647.55.
5350,2013-11-03 21:00:00,HIGH_ACTIVITY,2474.5995000000003,1647.5478000000003,HIGH_ACTIVITY: current activity 2474.60 is 1.50x the baseline 1647.55.
5351,2013-11-03 03:00:00,ACTIVITY_DROP,839.8094,1773.7227999999998,ACTIVITY_DROP: current activity 839.81 is 0.47x the baseline 1773.72.
5351,2013-11-03 04:00:00,ACTIVITY_DROP,720.1219,1773.7227999999998,ACTIVITY_DROP: current activity 720.12 is 0.41x the baseline 1773.72.
5351,2013-11-03 05:00:00,ACTIVITY_DROP,698.0037,1773.7227999999998,ACTIVITY_DROP: current activity 698.00 is 0.39x the baseline 1773.72.
5351,2013-11-03 06:00:00,ACTIVITY_DROP,735.5043,1773.7227999999998,ACTIVITY_DROP: current activity 735.50 is 0.41x the baseline 1773.72.
5351,2013-11-03 07:00:00,ACTIVITY_DROP,841.9054,1773.7227999999998,ACTIVITY_DROP: current activity 841.91 is 0.47x the baseline 1773.72.
5351,2013-11-03 19:00:00,HIGH_ACTIVITY,2534.9687000000004,1667.6263999999999,HIGH_ACTIVITY: current activity 2534.97 is 1.52x the baseline 1667.63.
5351,2013-11-03 20:00:00,HIGH_ACTIVITY,2681.6536,1667.6263999999999,HIGH_ACTIVITY: current activity 2681.65 is 1.61x the baseline 1667.63.
5351,2013-11-03 22:00:00,HIGH_ACTIVITY,2524.1920999999998,1667.6263999999999,HIGH_ACTIVITY: current activity 2524.19 is 1.51x the baseline 1667.63.
5352,2013-11-03 03:00:00,ACTIVITY_DROP,982.817,2002.6875,ACTIVITY_DROP: current activity 982.82 is 0.49x the baseline 2002.69.
5352,2013-11-03 04:00:00,ACTIVITY_DROP,887.3032999999999,2002.6875,ACTIVITY_DROP: current activity 887.30 is 0.44x the baseline 2002.69.
5352,2013-11-03 05:00:00,ACTIVITY_DROP,862.5880999999999,2002.6875,ACTIVITY_DROP: current activity 862.59 is 0.43x the baseline 2002.69.
5352,2013-11-03 06:00:00,ACTIVITY_DROP,856.7506,2002.6875,ACTIVITY_DROP: current activity 856.75 is 0.43x the baseline 2002.69.
5352,2013-11-03 07:00:00,ACTIVITY_DROP,924.0887,2002.6875,ACTIVITY_DROP: current activity 924.09 is 0.46x the baseline 2002.69.
5352,2013-11-03 20:00:00,HIGH_ACTIVITY,2698.9492,1775.9534,HIGH_ACTIVITY: current activity 2698.95 is 1.52x the baseline 1775.95.
5353,2013-11-03 17:00:00,HIGH_ACTIVITY,2520.2972,1514.9252000000001,HIGH_ACTIVITY: current activity 2520.30 is 1.66x the baseline 1514.93.
5353,2013-11-03 23:00:00,HIGH_ACTIVITY,2342.2435,1514.9252000000001,HIGH_ACTIVITY: current activity 2342.24 is 1.55x the baseline 1514.93.
5354,2013-11-03 02:00:00,ACTIVITY_DROP,751.9908999999999,1590.3498,ACTIVITY_DROP: current activity 751.99 is 0.47x the baseline 1590.35.
5354,2013-11-03 03:00:00,ACTIVITY_DROP,630.2966,1590.3498,ACTIVITY_DROP: current activity 630.30 is 0.40x the baseline 1590.35.
5354,2013-11-03 04:00:00,ACTIVITY_DROP,643.2816,1590.3498,ACTIVITY_DROP: current activity 643.28 is 0.40x the baseline 1590.35.
5354,2013-11-03 05:00:00,ACTIVITY_DROP,580.1945999999999,1590.3498,ACTIVITY_DROP: current activity 580.19 is 0.36x the baseline 1590.35.
5354,2013-11-03 06:00:00,ACTIVITY_DROP,590.6861,1590.3498,ACTIVITY_DROP: current activity 590.69 is 0.37x the baseline 1590.35.
5354,2013-11-03 07:00:00,ACTIVITY_DROP,634.0977,1590.3498,ACTIVITY_DROP: current activity 634.10 is 0.40x the baseline 1590.35.
5354,2013-11-03 08:00:00,ACTIVITY_DROP,782.0395,1590.3498,ACTIVITY_DROP: current activity 782.04 is 0.49x the baseline 1590.35.
5354,2013-11-03 09:00:00,ACTIVITY_SPIKE,1203.0359,1590.3498,ACTIVITY_SPIKE: current activity 1203.04 increased sharply from the previous hour 782.04.
5354,2013-11-03 17:00:00,HIGH_ACTIVITY,2607.2790999999997,1410.8681,HIGH_ACTIVITY: current activity 2607.28 is 1.85x the baseline 1410.87.
5354,2013-11-03 18:00:00,HIGH_ACTIVITY,2166.5738,1410.8681,HIGH_ACTIVITY: current activity 2166.57 is 1.54x the baseline 1410.87.
5355,2013-11-03 03:00:00,ACTIVITY_DROP,390.7747,976.5445,ACTIVITY_DROP: current activity 390.77 is 0.40x the baseline 976.54.
5355,2013-11-03 04:00:00,ACTIVITY_DROP,370.783,976.5445,ACTIVITY_DROP: current activity 370.78 is 0.38x the baseline 976.54.
5355,2013-11-03 05:00:00,ACTIVITY_DROP,344.2776,976.5445,ACTIVITY_DROP: current activity 344.28 is 0.35x the baseline 976.54.
5355,2013-11-03 06:00:00,ACTIVITY_DROP,343.96709999999996,976.5445,ACTIVITY_DROP: current activity 343.97 is 0.35x the baseline 976.54.
5355,2013-11-03 07:00:00,ACTIVITY_DROP,389.089,976.5445,ACTIVITY_DROP: current activity 389.09 is 0.40x the baseline 976.54.
5355,2013-11-03 15:00:00,HIGH_ACTIVITY,1690.1732000000002,963.8726000000001,HIGH_ACTIVITY: current activity 1690.17 is 1.75x the baseline 963.87.
5355,2013-11-03 16:00:00,HIGH_ACTIVITY,1914.1971999999996,963.8726000000001,HIGH_ACTIVITY: current activity 1914.20 is 1.99x the baseline 963.87.
5355,2013-11-03 17:00:00,HIGH_ACTIVITY,2398.4413,963.8726000000001,HIGH_ACTIVITY: current activity 2398.44 is 2.49x the baseline 963.87.
5355,2013-11-03 18:00:00,HIGH_ACTIVITY,1597.3325999999997,963.8726000000001,HIGH_ACTIVITY: current activity 1597.33 is 1.66x the baseline 963.87.
5356,2013-11-03 03:00:00,ACTIVITY_DROP,531.2015,1176.39,ACTIVITY_DROP: current activity 531.20 is 0.45x the baseline 1176.39.
5356,2013-11-03 04:00:00,ACTIVITY_DROP,436.40200000000004,1176.39,ACTIVITY_DROP: current activity 436.40 is 0.37x the baseline 1176.39.
5356,2013-11-03 05:00:00,ACTIVITY_DROP,387.6719,1176.39,ACTIVITY_DROP: current activity 387.67 is 0.33x the baseline 1176.39.
5356,2013-11-03 06:00:00,ACTIVITY_DROP,392.4214,1176.39,ACTIVITY_DROP: current activity 392.42 is 0.33x the baseline 1176.39.
5356,2013-11-03 07:00:00,ACTIVITY_DROP,446.6714,1176.39,ACTIVITY_DROP: current activity 446.67 is 0.38x the baseline 1176.39.
5356,2013-11-03 08:00:00,ACTIVITY_DROP,584.2939,1176.39,ACTIVITY_DROP: current activity 584.29 is 0.50x the baseline 1176.39.
5356,2013-11-03 10:00:00,ACTIVITY_SPIKE,1176.39,1153.2812000000001,ACTIVITY_SPIKE: current activity 1176.39 increased sharply from the previous hour 757.96.
5356,2013-11-03 12:00:00,HIGH_ACTIVITY,1745.4991999999997,1153.2812000000001,HIGH_ACTIVITY: current activity 1745.50 is 1.51x the baseline 1153.28.
5356,2013-11-03 13:00:00,HIGH_ACTIVITY,1746.3224,1153.2812000000001,HIGH_ACTIVITY: current activity 1746.32 is 1.51x the baseline 1153.28.
5356,2013-11-03 15:00:00,HIGH_ACTIVITY,2264.7704000000003,1153.2812000000001,HIGH_ACTIVITY: current activity 2264.77 is 1.96x the baseline 1153.28.
5356,2013-11-03 16:00:00,HIGH_ACTIVITY,2511.6403,1153.2812000000001,HIGH_ACTIVITY: current activity 2511.64 is 2.18x the baseline 1153.28.
5356,2013-11-03 17:00:00,HIGH_ACTIVITY,2686.7547999999997,1153.2812000000001,HIGH_ACTIVITY: current activity 2686.75 is 2.33x the baseline 1153.28.
5356,2013-11-03 18:00:00,HIGH_ACTIVITY,2095.9755999999998,1153.2812000000001,HIGH_ACTIVITY: current activity 2095.98 is 1.82x the baseline 1153.28.
5358,2013-11-03 03:00:00,ACTIVITY_DROP,1074.3345000000002,2799.9207999999994,ACTIVITY_DROP: current activity 1074.33 is 0.38x the baseline 2799.92.
5358,2013-11-03 04:00:00,ACTIVITY_DROP,984.1668999999999,2799.9207999999994,ACTIVITY_DROP: current activity 984.17 is 0.35x the baseline 2799.92.
5358,2013-11-03 05:00:00,ACTIVITY_DROP,885.1903,2799.9207999999994,ACTIVITY_DROP: current activity 885.19 is 0.32x the baseline 2799.92.
5358,2013-11-03 06:00:00,ACTIVITY_DROP,890.6848,2799.9207999999994,ACTIVITY_DROP: current activity 890.68 is 0.32x the baseline 2799.92.
5358,2013-11-03 07:00:00,ACTIVITY_DROP,1004.0347999999999,2799.9207999999994,ACTIVITY_DROP: current activity 1004.03 is 0.36x the baseline 2799.92.
5358,2013-11-03 08:00:00,ACTIVITY_DROP,1371.781,2799.9207999999994,ACTIVITY_DROP: current activity 1371.78 is 0.49x the baseline 2799.92.
5358,2013-11-03 16:00:00,HIGH_ACTIVITY,5004.85,2799.1039999999994,HIGH_ACTIVITY: current activity 5004.85 is 1.79x the baseline 2799.10.
5358,2013-11-03 17:00:00,HIGH_ACTIVITY,4594.1304,2799.1039999999994,HIGH_ACTIVITY: current activity 4594.13 is 1.64x the baseline 2799.10.
5359,2013-11-03 03:00:00,ACTIVITY_DROP,909.9707,2314.3382,ACTIVITY_DROP: current activity 909.97 is 0.39x the baseline 2314.34.
5359,2013-11-03 04:00:00,ACTIVITY_DROP,880.9345,2314.3382,ACTIVITY_DROP: current activity 880.93 is 0.38x the baseline 2314.34.
5359,2013-11-03 05:00:00,ACTIVITY_DROP,839.7101,2314.3382,ACTIVITY_DROP: current activity 839.71 is 0.36x the baseline 2314.34.
5359,2013-11-03 06:00:00,ACTIVITY_DROP,797.3669,2314.3382,ACTIVITY_DROP: current activity 797.37 is 0.34x the baseline 2314.34.
5359,2013-11-03 07:00:00,ACTIVITY_DROP,882.8700999999999,2314.3382,ACTIVITY_DROP: current activity 882.87 is 0.38x the baseline 2314.34.
5359,2013-11-03 08:00:00,ACTIVITY_DROP,1041.0536,2314.3382,ACTIVITY_DROP: current activity 1041.05 is 0.45x the baseline 2314.34.
5359,2013-11-03 09:00:00,ACTIVITY_SPIKE,1569.0172999999998,2314.3382,ACTIVITY_SPIKE: current activity 1569.02 increased sharply from the previous hour 1041.05.
5359,2013-11-03 14:00:00,HIGH_ACTIVITY,3148.585,2037.8623999999998,HIGH_ACTIVITY: current activity 3148.59 is 1.55x the baseline 2037.86.
5359,2013-11-03 16:00:00,HIGH_ACTIVITY,3556.7084999999997,2037.8623999999998,HIGH_ACTIVITY: current activity 3556.71 is 1.75x the baseline 2037.86.
5359,2013-11-03 20:00:00,HIGH_ACTIVITY,3183.2139,2037.8623999999998,HIGH_ACTIVITY: current activity 3183.21 is 1.56x the baseline 2037.86.
5359,2013-11-03 22:00:00,HIGH_ACTIVITY,3200.3226000000004,2037.8623999999998,HIGH_ACTIVITY: current activity 3200.32 is 1.57x the baseline 2037.86.
5360,2013-11-03 01:00:00,ACTIVITY_DROP,718.1506999999999,1860.7902000000001,ACTIVITY_DROP: current activity 718.15 is 0.39x the baseline 1860.79.
5360,2013-11-03 02:00:00,ACTIVITY_DROP,615.0689000000001,1860.7902000000001,ACTIVITY_DROP: current activity 615.07 is 0.33x the baseline 1860.79.
5360,2013-11-03 03:00:00,ACTIVITY_DROP,747.6428,1860.7902000000001,ACTIVITY_DROP: current activity 747.64 is 0.40x the baseline 1860.79.
5360,2013-11-03 04:00:00,ACTIVITY_DROP,772.0064,1860.7902000000001,ACTIVITY_DROP: current activity 772.01 is 0.41x the baseline 1860.79.
5360,2013-11-03 05:00:00,ACTIVITY_DROP,637.7467,1860.7902000000001,ACTIVITY_DROP: current activity 637.75 is 0.34x the baseline 1860.79.
5360,2013-11-03 06:00:00,ACTIVITY_DROP,596.882,1860.7902000000001,ACTIVITY_DROP: current activity 596.88 is 0.32x the baseline 1860.79.
5360,2013-11-03 07:00:00,ACTIVITY_SPIKE,1040.6835999999998,1860.7902000000001,ACTIVITY_SPIKE: current activity 1040.68 increased sharply from the previous hour 596.88.
5360,2013-11-03 11:00:00,HIGH_ACTIVITY,2320.6221,1394.3999999999999,HIGH_ACTIVITY: current activity 2320.62 is 1.66x the baseline 1394.40.
5360,2013-11-03 11:00:00,ACTIVITY_SPIKE,2320.6221,1394.3999999999999,ACTIVITY_SPIKE: current activity 2320.62 increased sharply from the previous hour 1394.40.
5360,2013-11-03 13:00:00,HIGH_ACTIVITY,2109.7524000000003,1394.3999999999999,HIGH_ACTIVITY: current activity 2109.75 is 1.51x the baseline 1394.40.
5360,2013-11-03 14:00:00,HIGH_ACTIVITY,2374.6411,1394.3999999999999,HIGH_ACTIVITY: current activity 2374.64 is 1.70x the baseline 1394.40.
5360,2013-11-03 15:00:00,HIGH_ACTIVITY,2207.3469,1394.3999999999999,HIGH_ACTIVITY: current activity 2207.35 is 1.58x the baseline 1394.40.
5360,2013-11-03 16:00:00,HIGH_ACTIVITY,2806.8249,1394.3999999999999,HIGH_ACTIVITY: current activity 2806.82 is 2.01x the baseline 1394.40.
5360,2013-11-03 17:00:00,HIGH_ACTIVITY,3269.2832,1394.3999999999999,HIGH_ACTIVITY: current activity 3269.28 is 2.34x the baseline 1394.40.
5360,2013-11-03 18:00:00,HIGH_ACTIVITY,2914.9446000000003,1394.3999999999999,HIGH_ACTIVITY: current activity 2914.94 is 2.09x the baseline 1394.40.
5360,2013-11-03 19:00:00,HIGH_ACTIVITY,2285.2690000000002,1394.3999999999999,HIGH_ACTIVITY: current activity 2285.27 is 1.64x the baseline 1394.40.
5360,2013-11-03 20:00:00,HIGH_ACTIVITY,2366.6735,1394.3999999999999,HIGH_ACTIVITY: current activity 2366.67 is 1.70x the baseline 1394.40.
5361,2013-11-03 01:00:00,ACTIVITY_DROP,1040.5909,2162.2426000000005,ACTIVITY_DROP: current activity 1040.59 is 0.48x the baseline 2162.24.
5361,2013-11-03 02:00:00,ACTIVITY_DROP,860.3796,2162.2426000000005,ACTIVITY_DROP: current activity 860.38 is 0.40x the baseline 2162.24.
5361,2013-11-03 03:00:00,ACTIVITY_DROP,873.8462999999999,2162.2426000000005,ACTIVITY_DROP: current activity 873.85 is 0.40x the baseline 2162.24.
5361,2013-11-03 04:00:00,ACTIVITY_DROP,874.0047999999999,2162.2426000000005,ACTIVITY_DROP: current activity 874.00 is 0.40x the baseline 2162.24.
5361,2013-11-03 05:00:00,ACTIVITY_DROP,841.9233,2162.2426000000005,ACTIVITY_DROP: current activity 841.92 is 0.39x the baseline 2162.24.
5361,2013-11-03 06:00:00,ACTIVITY_DROP,728.0861,2162.2426000000005,ACTIVITY_DROP: current activity 728.09 is 0.34x the baseline 2162.24.
5361,2013-11-03 07:00:00,ACTIVITY_DROP,960.6786000000001,2162.2426000000005,ACTIVITY_DROP: current activity 960.68 is 0.44x the baseline 2162.24.
5361,2013-11-03 08:00:00,ACTIVITY_DROP,1040.9470000000001,2162.2426000000005,ACTIVITY_DROP: current activity 1040.95 is 0.48x the baseline 2162.24.
5361,2013-11-03 10:00:00,ACTIVITY_SPIKE,2162.2426000000005,2094.3685,ACTIVITY_SPIKE: current activity 2162.24 increased sharply from the previous hour 1354.98.
5361,2013-11-03 11:00:00,HIGH_ACTIVITY,3377.1302000000005,2094.3685,HIGH_ACTIVITY: current activity 3377.13 is 1.61x the baseline 2094.37.
5361,2013-11-03 11:00:00,ACTIVITY_SPIKE,3377.1302000000005,2094.3685,ACTIVITY_SPIKE: current activity 3377.13 increased sharply from the previous hour 2162.24.
5361,2013-11-03 12:00:00,HIGH_ACTIVITY,3805.9574000000002,2094.3685,HIGH_ACTIVITY: current activity 3805.96 is 1.82x the baseline 2094.37.
5361,2013-11-03 13:00:00,HIGH_ACTIVITY,3611.9122,2094.3685,HIGH_ACTIVITY: current activity 3611.91 is 1.72x the baseline 2094.37.
5361,2013-11-03 14:00:00,HIGH_ACTIVITY,3660.6495000000004,2094.3685,HIGH_ACTIVITY: current activity 3660.65 is 1.75x the baseline 2094.37.
5361,2013-11-03 15:00:00,HIGH_ACTIVITY,3749.8759,2094.3685,HIGH_ACTIVITY: current activity 3749.88 is 1.79x the baseline 2094.37.
5361,2013-11-03 16:00:00,HIGH_ACTIVITY,5101.1122,2094.3685,HIGH_ACTIVITY: current activity 5101.11 is 2.44x the baseline 2094.37.
5361,2013-11-03 17:00:00,HIGH_ACTIVITY,5221.71,2094.3685,HIGH_ACTIVITY: current activity 5221.71 is 2.49x the baseline 2094.37.
5361,2013-11-03 18:00:00,HIGH_ACTIVITY,4832.4447,2094.3685,HIGH_ACTIVITY: current activity 4832.44 is 2.31x the baseline 2094.37.
5361,2013-11-03 19:00:00,HIGH_ACTIVITY,3778.1929,2094.3685,HIGH_ACTIVITY: current activity 3778.19 is 1.80x the baseline 2094.37.
5362,2013-11-03 02:00:00,ACTIVITY_DROP,753.9739,1727.7326000000003,ACTIVITY_DROP: current activity 753.97 is 0.44x the baseline 1727.73.
5362,2013-11-03 03:00:00,ACTIVITY_DROP,740.3665000000001,1727.7326000000003,ACTIVITY_DROP: current activity 740.37 is 0.43x the baseline 1727.73.
5362,2013-11-03 04:00:00,ACTIVITY_DROP,624.4224999999999,1727.7326000000003,ACTIVITY_DROP: current activity 624.42 is 0.36x the baseline 1727.73.
5362,2013-11-03 05:00:00,ACTIVITY_DROP,620.4200999999999,1727.7326000000003,ACTIVITY_DROP: current activity 620.42 is 0.36x the baseline 1727.73.
5362,2013-11-03 06:00:00,ACTIVITY_DROP,579.6392999999999,1727.7326000000003,ACTIVITY_DROP: current activity 579.64 is 0.34x the baseline 1727.73.
5362,2013-11-03 07:00:00,ACTIVITY_DROP,631.9536999999999,1727.7326000000003,ACTIVITY_DROP: current activity 631.95 is 0.37x the baseline 1727.73.
5362,2013-11-03 08:00:00,ACTIVITY_DROP,778.1954000000001,1727.7326000000003,ACTIVITY_DROP: current activity 778.20 is 0.45x the baseline 1727.73.
5362,2013-11-03 09:00:00,ACTIVITY_SPIKE,1227.0734000000002,1727.7326000000003,ACTIVITY_SPIKE: current activity 1227.07 increased sharply from the previous hour 778.20.
5362,2013-11-03 12:00:00,HIGH_ACTIVITY,2414.5358,1482.5293000000001,HIGH_ACTIVITY: current activity 2414.54 is 1.63x the baseline 1482.53.
5362,2013-11-03 13:00:00,HIGH_ACTIVITY,2301.3165,1482.5293000000001,HIGH_ACTIVITY: current activity 2301.32 is 1.55x the baseline 1482.53.
5362,2013-11-03 14:00:00,HIGH_ACTIVITY,2683.3912,1482.5293000000001,HIGH_ACTIVITY: current activity 2683.39 is 1.81x the baseline 1482.53.
5362,2013-11-03 15:00:00,HIGH_ACTIVITY,2842.9204000000004,1482.5293000000001,HIGH_ACTIVITY: current activity 2842.92 is 1.92x the baseline 1482.53.
5362,2013-11-03 16:00:00,HIGH_ACTIVITY,3527.0314000000003,1482.5293000000001,HIGH_ACTIVITY: current activity 3527.03 is 2.38x the baseline 1482.53.
5362,2013-11-03 17:00:00,HIGH_ACTIVITY,3609.7587000000003,1482.5293000000001,HIGH_ACTIVITY: current activity 3609.76 is 2.43x the baseline 1482.53.
5362,2013-11-03 18:00:00,HIGH_ACTIVITY,3293.9633999999996,1482.5293000000001,HIGH_ACTIVITY: current activity 3293.96 is 2.22x the baseline 1482.53.
5362,2013-11-03 19:00:00,HIGH_ACTIVITY,3010.9839,1482.5293000000001,HIGH_ACTIVITY: current activity 3010.98 is 2.03x the baseline 1482.53.
5363,2013-11-03 02:00:00,ACTIVITY_DROP,604.7064,1358.604,ACTIVITY_DROP: current activity 604.71 is 0.45x the baseline 1358.60.
5363,2013-11-03 03:00:00,ACTIVITY_DROP,647.0973,1358.604,ACTIVITY_DROP: current activity 647.10 is 0.48x the baseline 1358.60.
5363,2013-11-03 04:00:00,ACTIVITY_DROP,537.612,1358.604,ACTIVITY_DROP: current activity 537.61 is 0.40x the baseline 1358.60.
5363,2013-11-03 05:00:00,ACTIVITY_DROP,445.96659999999997,1358.604,ACTIVITY_DROP: current activity 445.97 is 0.33x the baseline 1358.60.
5363,2013-11-03 06:00:00,ACTIVITY_DROP,505.5504,1358.604,ACTIVITY_DROP: current activity 505.55 is 0.37x the baseline 1358.60.
5363,2013-11-03 07:00:00,ACTIVITY_DROP,677.9325,1358.604,ACTIVITY_DROP: current activity 677.93 is 0.50x the baseline 1358.60.
5363,2013-11-03 09:00:00,ACTIVITY_SPIKE,1333.0683,1358.604,ACTIVITY_SPIKE: current activity 1333.07 increased sharply from the previous hour 814.43.
5363,2013-11-03 15:00:00,HIGH_ACTIVITY,2613.4561000000003,1333.0683,HIGH_ACTIVITY: current activity 2613.46 is 1.96x the baseline 1333.07.
5363,2013-11-03 16:00:00,HIGH_ACTIVITY,2945.507,1333.0683,HIGH_ACTIVITY: current activity 2945.51 is 2.21x the baseline 1333.07.
5363,2013-11-03 17:00:00,HIGH_ACTIVITY,3676.1391,1333.0683,HIGH_ACTIVITY: current activity 3676.14 is 2.76x the baseline 1333.07.
5363,2013-11-03 18:00:00,HIGH_ACTIVITY,2928.4036,1333.0683,HIGH_ACTIVITY: current activity 2928.40 is 2.20x the baseline 1333.07.
5367,2013-11-03 04:00:00,ACTIVITY_DROP,1302.215,3128.7180999999996,ACTIVITY_DROP: current activity 1302.21 is 0.42x the baseline 3128.72.
5367,2013-11-03 05:00:00,ACTIVITY_DROP,1277.9087,3128.7180999999996,ACTIVITY_DROP: current activity 1277.91 is 0.41x the baseline 3128.72.
5367,2013-11-03 06:00:00,ACTIVITY_DROP,1355.8668999999998,3128.7180999999996,ACTIVITY_DROP: current activity 1355.87 is 0.43x the baseline 3128.72.
5367,2013-11-03 07:00:00,ACTIVITY_DROP,1483.2153,3128.7180999999996,ACTIVITY_DROP: current activity 1483.22 is 0.47x the baseline 3128.72.
5367,2013-11-03 20:00:00,HIGH_ACTIVITY,4627.5681,3074.7509,HIGH_ACTIVITY: current activity 4627.57 is 1.51x the baseline 3074.75.
5367,2013-11-03 22:00:00,HIGH_ACTIVITY,4810.8275,3074.7509,HIGH_ACTIVITY: current activity 4810.83 is 1.56x the baseline 3074.75.
5368,2013-11-03 04:00:00,ACTIVITY_DROP,1347.5727,3053.2653,ACTIVITY_DROP: current activity 1347.57 is 0.44x the baseline 3053.27.
5368,2013-11-03 05:00:00,ACTIVITY_DROP,1275.1818,3053.2653,ACTIVITY_DROP: current activity 1275.18 is 0.42x the baseline 3053.27.
5368,2013-11-03 06:00:00,ACTIVITY_DROP,1380.8689,3053.2653,ACTIVITY_DROP: current activity 1380.87 is 0.45x the baseline 3053.27.
5368,2013-11-03 07:00:00,ACTIVITY_DROP,1517.8757,3053.2653,ACTIVITY_DROP: current activity 1517.88 is 0.50x the baseline 3053.27.
5368,2013-11-03 22:00:00,HIGH_ACTIVITY,4466.2127,2933.2643,HIGH_ACTIVITY: current activity 4466.21 is 1.52x the baseline 2933.26.
5369,2013-11-03 03:00:00,ACTIVITY_DROP,919.4277000000001,1839.7657000000002,ACTIVITY_DROP: current activity 919.43 is 0.50x the baseline 1839.77.
5369,2013-11-03 04:00:00,ACTIVITY_DROP,846.1014,1839.7657000000002,ACTIVITY_DROP: current activity 846.10 is 0.46x the baseline 1839.77.
5369,2013-11-03 05:00:00,ACTIVITY_DROP,859.0592999999999,1839.7657000000002,ACTIVITY_DROP: current activity 859.06 is 0.47x the baseline 1839.77.
5369,2013-11-03 06:00:00,ACTIVITY_DROP,841.6713,1839.7657000000002,ACTIVITY_DROP: current activity 841.67 is 0.46x the baseline 1839.77.
5370,2013-11-03 03:00:00,ACTIVITY_DROP,855.3585,1864.8527,ACTIVITY_DROP: current activity 855.36 is 0.46x the baseline 1864.85.
5370,2013-11-03 04:00:00,ACTIVITY_DROP,828.7504,1864.8527,ACTIVITY_DROP: current activity 828.75 is 0.44x the baseline 1864.85.
5370,2013-11-03 05:00:00,ACTIVITY_DROP,856.601,1864.8527,ACTIVITY_DROP: current activity 856.60 is 0.46x the baseline 1864.85.
5370,2013-11-03 06:00:00,ACTIVITY_DROP,764.7387999999999,1864.8527,ACTIVITY_DROP: current activity 764.74 is 0.41x the baseline 1864.85.
5370,2013-11-03 07:00:00,ACTIVITY_DROP,866.5891,1864.8527,ACTIVITY_DROP: current activity 866.59 is 0.46x the baseline 1864.85.
5370,2013-11-03 19:00:00,HIGH_ACTIVITY,2914.1299,1750.7142,HIGH_ACTIVITY: current activity 2914.13 is 1.66x the baseline 1750.71.
5370,2013-11-03 21:00:00,HIGH_ACTIVITY,2739.6083,1750.7142,HIGH_ACTIVITY: current activity 2739.61 is 1.56x the baseline 1750.71.
5371,2013-11-03 02:00:00,ACTIVITY_DROP,743.845,1611.7226,ACTIVITY_DROP: current activity 743.85 is 0.46x the baseline 1611.72.
5371,2013-11-03 03:00:00,ACTIVITY_DROP,650.5843,1611.7226,ACTIVITY_DROP: current activity 650.58 is 0.40x the baseline 1611.72.
5371,2013-11-03 04:00:00,ACTIVITY_DROP,661.3088,1611.7226,ACTIVITY_DROP: current activity 661.31 is 0.41x the baseline 1611.72.
5371,2013-11-03 05:00:00,ACTIVITY_DROP,663.5675,1611.7226,ACTIVITY_DROP: current activity 663.57 is 0.41x the baseline 1611.72.
5371,2013-11-03 06:00:00,ACTIVITY_DROP,565.9681,1611.7226,ACTIVITY_DROP: current activity 565.97 is 0.35x the baseline 1611.72.
5371,2013-11-03 07:00:00,ACTIVITY_DROP,584.9002,1611.7226,ACTIVITY_DROP: current activity 584.90 is 0.36x the baseline 1611.72.
5371,2013-11-03 08:00:00,ACTIVITY_DROP,784.6068,1611.7226,ACTIVITY_DROP: current activity 784.61 is 0.49x the baseline 1611.72.
5371,2013-11-03 09:00:00,ACTIVITY_SPIKE,1237.5892,1611.7226,ACTIVITY_SPIKE: current activity 1237.59 increased sharply from the previous hour 784.61.
5372,2013-11-03 02:00:00,ACTIVITY_DROP,1093.2528,2452.8927000000003,ACTIVITY_DROP: current activity 1093.25 is 0.45x the baseline 2452.89.
5372,2013-11-03 03:00:00,ACTIVITY_DROP,894.2848999999999,2452.8927000000003,ACTIVITY_DROP: current activity 894.28 is 0.36x the baseline 2452.89.
5372,2013-11-03 04:00:00,ACTIVITY_DROP,878.7196999999999,2452.8927000000003,ACTIVITY_DROP: current activity 878.72 is 0.36x the baseline 2452.89.
5372,2013-11-03 05:00:00,ACTIVITY_DROP,897.307,2452.8927000000003,ACTIVITY_DROP: current activity 897.31 is 0.37x the baseline 2452.89.
5372,2013-11-03 06:00:00,ACTIVITY_DROP,780.5894,2452.8927000000003,ACTIVITY_DROP: current activity 780.59 is 0.32x the baseline 2452.89.
5372,2013-11-03 07:00:00,ACTIVITY_DROP,1043.6675,2452.8927000000003,ACTIVITY_DROP: current activity 1043.67 is 0.43x the baseline 2452.89.
5373,2013-11-03 02:00:00,ACTIVITY_DROP,439.48439999999994,933.2094000000002,ACTIVITY_DROP: current activity 439.48 is 0.47x the baseline 933.21.
5373,2013-11-03 03:00:00,ACTIVITY_DROP,330.6642,933.2094000000002,ACTIVITY_DROP: current activity 330.66 is 0.35x the baseline 933.21.
5373,2013-11-03 04:00:00,ACTIVITY_DROP,339.07620000000003,933.2094000000002,ACTIVITY_DROP: current activity 339.08 is 0.36x the baseline 933.21.
5373,2013-11-03 05:00:00,ACTIVITY_DROP,355.6194,933.2094000000002,ACTIVITY_DROP: current activity 355.62 is 0.38x the baseline 933.21.
5373,2013-11-03 06:00:00,ACTIVITY_DROP,337.6602,933.2094000000002,ACTIVITY_DROP: current activity 337.66 is 0.36x the baseline 933.21.
5373,2013-11-03 07:00:00,ACTIVITY_DROP,381.9891,933.2094000000002,ACTIVITY_DROP: current activity 381.99 is 0.41x the baseline 933.21.
5373,2013-11-03 08:00:00,ACTIVITY_SPIKE,577.2313999999999,933.2094000000002,ACTIVITY_SPIKE: current activity 577.23 increased sharply from the previous hour 381.99.
5375,2013-11-03 03:00:00,ACTIVITY_DROP,542.2562,1118.7572,ACTIVITY_DROP: current activity 542.26 is 0.48x the baseline 1118.76.
5375,2013-11-03 04:00:00,ACTIVITY_DROP,540.9698000000001,1118.7572,ACTIVITY_DROP: current activity 540.97 is 0.48x the baseline 1118.76.
5375,2013-11-03 05:00:00,ACTIVITY_DROP,518.1855,1118.7572,ACTIVITY_DROP: current activity 518.19 is 0.46x the baseline 1118.76.
5375,2013-11-03 06:00:00,ACTIVITY_DROP,541.0727,1118.7572,ACTIVITY_DROP: current activity 541.07 is 0.48x the baseline 1118.76.
5375,2013-11-03 07:00:00,ACTIVITY_DROP,557.2842,1118.7572,ACTIVITY_DROP: current activity 557.28 is 0.50x the baseline 1118.76.
5376,2013-11-03 04:00:00,ACTIVITY_DROP,467.36449999999996,961.9207999999999,ACTIVITY_DROP: current activity 467.36 is 0.49x the baseline 961.92.
5376,2013-11-03 05:00:00,ACTIVITY_DROP,442.1895,961.9207999999999,ACTIVITY_DROP: current activity 442.19 is 0.46x the baseline 961.92.
5376,2013-11-03 06:00:00,ACTIVITY_DROP,463.5477,961.9207999999999,ACTIVITY_DROP: current activity 463.55 is 0.48x the baseline 961.92.
5376,2013-11-03 07:00:00,ACTIVITY_DROP,475.36809999999997,961.9207999999999,ACTIVITY_DROP: current activity 475.37 is 0.49x the baseline 961.92.
5441,2013-11-03 02:00:00,ACTIVITY_DROP,756.2037,1596.8352,ACTIVITY_DROP: current activity 756.20 is 0.47x the baseline 1596.84.
5441,2013-11-03 03:00:00,ACTIVITY_DROP,728.727,1596.8352,ACTIVITY_DROP: current activity 728.73 is 0.46x the baseline 1596.84.
5441,2013-11-03 04:00:00,ACTIVITY_DROP,643.5289,1596.8352,ACTIVITY_DROP: current activity 643.53 is 0.40x the baseline 1596.84.
5441,2013-11-03 05:00:00,ACTIVITY_DROP,622.8171,1596.8352,ACTIVITY_DROP: current activity 622.82 is 0.39x the baseline 1596.84.
5441,2013-11-03 06:00:00,ACTIVITY_DROP,543.815,1596.8352,ACTIVITY_DROP: current activity 543.82 is 0.34x the baseline 1596.84.
5441,2013-11-03 07:00:00,ACTIVITY_DROP,622.9819,1596.8352,ACTIVITY_DROP: current activity 622.98 is 0.39x the baseline 1596.84.
5441,2013-11-03 08:00:00,ACTIVITY_DROP,767.6694,1596.8352,ACTIVITY_DROP: current activity 767.67 is 0.48x the baseline 1596.84.
5441,2013-11-03 10:00:00,ACTIVITY_SPIKE,1596.8352,1360.2559999999999,ACTIVITY_SPIKE: current activity 1596.84 increased sharply from the previous hour 852.13.
5441,2013-11-03 14:00:00,HIGH_ACTIVITY,2066.8758,1360.2559999999999,HIGH_ACTIVITY: current activity 2066.88 is 1.52x the baseline 1360.26.
5441,2013-11-03 15:00:00,HIGH_ACTIVITY,2345.9651,1360.2559999999999,HIGH_ACTIVITY: current activity 2345.97 is 1.72x the baseline 1360.26.
5441,2013-11-03 16:00:00,HIGH_ACTIVITY,2279.6071,1360.2559999999999,HIGH_ACTIVITY: current activity 2279.61 is 1.68x the baseline 1360.26.
5441,2013-11-03 17:00:00,HIGH_ACTIVITY,2322.9502,1360.2559999999999,HIGH_ACTIVITY: current activity 2322.95 is 1.71x the baseline 1360.26.
5441,2013-11-03 19:00:00,HIGH_ACTIVITY,2507.2522000000004,1360.2559999999999,HIGH_ACTIVITY: current activity 2507.25 is 1.84x the baseline 1360.26.
5441,2013-11-03 20:00:00,HIGH_ACTIVITY,2321.0395,1360.2559999999999,HIGH_ACTIVITY: current activity 2321.04 is 1.71x the baseline 1360.26.
5441,2013-11-03 21:00:00,HIGH_ACTIVITY,2305.0255,1360.2559999999999,HIGH_ACTIVITY: current activity 2305.03 is 1.69x the baseline 1360.26.
5442,2013-11-03 04:00:00,ACTIVITY_DROP,864.1258,1957.0789,ACTIVITY_DROP: current activity 864.13 is 0.44x the baseline 1957.08.
5442,2013-11-03 05:00:00,ACTIVITY_DROP,860.6097000000001,1957.0789,ACTIVITY_DROP: current activity 860.61 is 0.44x the baseline 1957.08.
5442,2013-11-03 06:00:00,ACTIVITY_DROP,757.3454,1957.0789,ACTIVITY_DROP: current activity 757.35 is 0.39x the baseline 1957.08.
5442,2013-11-03 07:00:00,ACTIVITY_DROP,881.462,1957.0789,ACTIVITY_DROP: current activity 881.46 is 0.45x the baseline 1957.08.
5442,2013-11-03 14:00:00,HIGH_ACTIVITY,2764.9232,1729.1668,HIGH_ACTIVITY: current activity 2764.92 is 1.60x the baseline 1729.17.
5442,2013-11-03 15:00:00,HIGH_ACTIVITY,2937.3594000000003,1729.1668,HIGH_ACTIVITY: current activity 2937.36 is 1.70x the baseline 1729.17.
5442,2013-11-03 16:00:00,HIGH_ACTIVITY,2879.2497,1729.1668,HIGH_ACTIVITY: current activity 2879.25 is 1.67x the baseline 1729.17.
5442,2013-11-03 17:00:00,HIGH_ACTIVITY,3046.3610000000003,1729.1668,HIGH_ACTIVITY: current activity 3046.36 is 1.76x the baseline 1729.17.
5442,2013-11-03 18:00:00,HIGH_ACTIVITY,2645.3712,1729.1668,HIGH_ACTIVITY: current activity 2645.37 is 1.53x the baseline 1729.17.
5442,2013-11-03 19:00:00,HIGH_ACTIVITY,3283.2448,1729.1668,HIGH_ACTIVITY: current activity 3283.24 is 1.90x the baseline 1729.17.
5442,2013-11-03 20:00:00,HIGH_ACTIVITY,3188.0480000000002,1729.1668,HIGH_ACTIVITY: current activity 3188.05 is 1.84x the baseline 1729.17.
5442,2013-11-03 21:00:00,HIGH_ACTIVITY,3066.7383,1729.1668,HIGH_ACTIVITY: current activity 3066.74 is 1.77x the baseline 1729.17.
5444,2013-11-03 05:00:00,ACTIVITY_DROP,702.4589,1501.2707,ACTIVITY_DROP: current activity 702.46 is 0.47x the baseline 1501.27.
5444,2013-11-03 06:00:00,ACTIVITY_DROP,665.2235000000001,1501.2707,ACTIVITY_DROP: current activity 665.22 is 0.44x the baseline 1501.27.
5444,2013-11-03 07:00:00,ACTIVITY_DROP,675.2437,1501.2707,ACTIVITY_DROP: current activity 675.24 is 0.45x the baseline 1501.27.
5445,2013-11-03 05:00:00,ACTIVITY_DROP,720.2664,1645.5519,ACTIVITY_DROP: current activity 720.27 is 0.44x the baseline 1645.55.
5445,2013-11-03 06:00:00,ACTIVITY_DROP,695.7967,1645.5519,ACTIVITY_DROP: current activity 695.80 is 0.42x the baseline 1645.55.
5445,2013-11-03 07:00:00,ACTIVITY_DROP,689.4701,1645.5519,ACTIVITY_DROP: current activity 689.47 is 0.42x the baseline 1645.55.
5446,2013-11-03 03:00:00,ACTIVITY_DROP,637.8456,1316.5686,ACTIVITY_DROP: current activity 637.85 is 0.48x the baseline 1316.57.
5446,2013-11-03 04:00:00,ACTIVITY_DROP,603.2624,1316.5686,ACTIVITY_DROP: current activity 603.26 is 0.46x the baseline 1316.57.
5446,2013-11-03 05:00:00,ACTIVITY_DROP,605.8696000000001,1316.5686,ACTIVITY_DROP: current activity 605.87 is 0.46x the baseline 1316.57.
5446,2013-11-03 06:00:00,ACTIVITY_DROP,585.3713,1316.5686,ACTIVITY_DROP: current activity 585.37 is 0.44x the baseline 1316.57.
5446,2013-11-03 07:00:00,ACTIVITY_DROP,603.1965,1316.5686,ACTIVITY_DROP: current activity 603.20 is 0.46x the baseline 1316.57.
5446,2013-11-03 20:00:00,HIGH_ACTIVITY,2044.6990999999998,1314.8377000000003,HIGH_ACTIVITY: current activity 2044.70 is 1.56x the baseline 1314.84.
5447,2013-11-03 05:00:00,ACTIVITY_DROP,465.7442,1106.745,ACTIVITY_DROP: current activity 465.74 is 0.42x the baseline 1106.74.
5447,2013-11-03 06:00:00,ACTIVITY_DROP,516.9475,1106.745,ACTIVITY_DROP: current activity 516.95 is 0.47x the baseline 1106.74.
5447,2013-11-03 07:00:00,ACTIVITY_DROP,541.6659,1106.745,ACTIVITY_DROP: current activity 541.67 is 0.49x the baseline 1106.74.
5447,2013-11-03 16:00:00,HIGH_ACTIVITY,1752.7246,1059.3220999999999,HIGH_ACTIVITY: current activity 1752.72 is 1.65x the baseline 1059.32.
5447,2013-11-03 16:00:00,ACTIVITY_SPIKE,1752.7246,1059.3220999999999,ACTIVITY_SPIKE: current activity 1752.72 increased sharply from the previous hour 1106.74.
5447,2013-11-03 20:00:00,HIGH_ACTIVITY,1665.5404,1059.3220999999999,HIGH_ACTIVITY: current activity 1665.54 is 1.57x the baseline 1059.32.
5447,2013-11-03 21:00:00,HIGH_ACTIVITY,1688.8313,1059.3220999999999,HIGH_ACTIVITY: current activity 1688.83 is 1.59x the baseline 1059.32.
5447,2013-11-03 22:00:00,HIGH_ACTIVITY,2040.9044000000001,1059.3220999999999,HIGH_ACTIVITY: current activity 2040.90 is 1.93x the baseline 1059.32.
5448,2013-11-03 04:00:00,ACTIVITY_DROP,521.7105,1264.9702,ACTIVITY_DROP: current activity 521.71 is 0.41x the baseline 1264.97.
5448,2013-11-03 05:00:00,ACTIVITY_DROP,484.9941,1264.9702,ACTIVITY_DROP: current activity 484.99 is 0.38x the baseline 1264.97.
5448,2013-11-03 06:00:00,ACTIVITY_DROP,501.71500000000003,1264.9702,ACTIVITY_DROP: current activity 501.72 is 0.40x the baseline 1264.97.
5448,2013-11-03 07:00:00,ACTIVITY_DROP,513.8747,1264.9702,ACTIVITY_DROP: current activity 513.87 is 0.41x the baseline 1264.97.
5448,2013-11-03 19:00:00,HIGH_ACTIVITY,2009.9610000000002,1248.3336000000002,HIGH_ACTIVITY: current activity 2009.96 is 1.61x the baseline 1248.33.
5448,2013-11-03 21:00:00,HIGH_ACTIVITY,2068.5748,1248.3336000000002,HIGH_ACTIVITY: current activity 2068.57 is 1.66x the baseline 1248.33.
5448,2013-11-03 22:00:00,HIGH_ACTIVITY,1896.9609000000003,1248.3336000000002,HIGH_ACTIVITY: current activity 1896.96 is 1.52x the baseline 1248.33.
5449,2013-11-03 02:00:00,ACTIVITY_DROP,1075.4986000000001,2242.6133,ACTIVITY_DROP: current activity 1075.50 is 0.48x the baseline 2242.61.
5449,2013-11-03 03:00:00,ACTIVITY_DROP,1014.8167,2242.6133,ACTIVITY_DROP: current activity 1014.82 is 0.45x the baseline 2242.61.
5449,2013-11-03 04:00:00,ACTIVITY_DROP,903.4065,2242.6133,ACTIVITY_DROP: current activity 903.41 is 0.40x the baseline 2242.61.
5449,2013-11-03 05:00:00,ACTIVITY_DROP,880.9746,2242.6133,ACTIVITY_DROP: current activity 880.97 is 0.39x the baseline 2242.61.
5449,2013-11-03 06:00:00,ACTIVITY_DROP,911.2233,2242.6133,ACTIVITY_DROP: current activity 911.22 is 0.41x the baseline 2242.61.
5449,2013-11-03 07:00:00,ACTIVITY_DROP,1015.7046999999999,2242.6133,ACTIVITY_DROP: current activity 1015.70 is 0.45x the baseline 2242.61.
5449,2013-11-03 19:00:00,HIGH_ACTIVITY,3439.7247000000007,2175.6755000000003,HIGH_ACTIVITY: current activity 3439.72 is 1.58x the baseline 2175.68.
5449,2013-11-03 21:00:00,HIGH_ACTIVITY,3309.3617000000004,2175.6755000000003,HIGH_ACTIVITY: current activity 3309.36 is 1.52x the baseline 2175.68.
5450,2013-11-03 05:00:00,ACTIVITY_DROP,1133.906,2364.6917,ACTIVITY_DROP: current activity 1133.91 is 0.48x the baseline 2364.69.
5450,2013-11-03 06:00:00,ACTIVITY_DROP,1129.5082,2364.6917,ACTIVITY_DROP: current activity 1129.51 is 0.48x the baseline 2364.69.
5450,2013-11-03 08:00:00,ACTIVITY_SPIKE,1994.5937999999996,2364.6917,ACTIVITY_SPIKE: current activity 1994.59 increased sharply from the previous hour 1253.04.
5451,2013-11-03 04:00:00,ACTIVITY_DROP,698.493,1492.7832,ACTIVITY_DROP: current activity 698.49 is 0.47x the baseline 1492.78.
5451,2013-11-03 05:00:00,ACTIVITY_DROP,661.5091,1492.7832,ACTIVITY_DROP: current activity 661.51 is 0.44x the baseline 1492.78.
5451,2013-11-03 06:00:00,ACTIVITY_DROP,713.3273,1492.7832,ACTIVITY_DROP: current activity 713.33 is 0.48x the baseline 1492.78.
5451,2013-11-03 09:00:00,ACTIVITY_SPIKE,1492.7832,1437.0624,ACTIVITY_SPIKE: current activity 1492.78 increased sharply from the previous hour 954.53.
5451,2013-11-03 20:00:00,HIGH_ACTIVITY,2784.6909000000005,1437.0624,HIGH_ACTIVITY: current activity 2784.69 is 1.94x the baseline 1437.06.
5451,2013-11-03 21:00:00,HIGH_ACTIVITY,2565.4346000000005,1437.0624,HIGH_ACTIVITY: current activity 2565.43 is 1.79x the baseline 1437.06.
5451,2013-11-03 22:00:00,HIGH_ACTIVITY,2324.6593000000003,1437.0624,HIGH_ACTIVITY: current activity 2324.66 is 1.62x the baseline 1437.06.
5452,2013-11-03 05:00:00,ACTIVITY_DROP,661.2728,1546.0689,ACTIVITY_DROP: current activity 661.27 is 0.43x the baseline 1546.07.
5452,2013-11-03 09:00:00,ACTIVITY_SPIKE,1629.7831999999999,1539.2000999999998,ACTIVITY_SPIKE: current activity 1629.78 increased sharply from the previous hour 892.80.
5452,2013-11-03 20:00:00,HIGH_ACTIVITY,2470.3697999999995,1539.2000999999998,HIGH_ACTIVITY: current activity 2470.37 is 1.60x the baseline 1539.20.
5452,2013-11-03 21:00:00,HIGH_ACTIVITY,2413.1898,1539.2000999999998,HIGH_ACTIVITY: current activity 2413.19 is 1.57x the baseline 1539.20.
5452,2013-11-03 22:00:00,HIGH_ACTIVITY,2422.5081999999998,1539.2000999999998,HIGH_ACTIVITY: current activity 2422.51 is 1.57x the baseline 1539.20.
5453,2013-11-03 05:00:00,ACTIVITY_DROP,688.8335000000001,1721.4270000000001,ACTIVITY_DROP: current activity 688.83 is 0.40x the baseline 1721.43.
5453,2013-11-03 06:00:00,ACTIVITY_SPIKE,1214.1728,1721.4270000000001,ACTIVITY_SPIKE: current activity 1214.17 increased sharply from the previous hour 688.83.
5453,2013-11-03 07:00:00,ACTIVITY_DROP,810.1779,1721.4270000000001,ACTIVITY_DROP: current activity 810.18 is 0.47x the baseline 1721.43.
5453,2013-11-03 09:00:00,ACTIVITY_SPIKE,1796.2385999999997,1697.5631,ACTIVITY_SPIKE: current activity 1796.24 increased sharply from the previous hour 932.52.
5454,2013-11-03 03:00:00,ACTIVITY_DROP,479.8819,1048.5512,ACTIVITY_DROP: current activity 479.88 is 0.46x the baseline 1048.55.
5454,2013-11-03 04:00:00,ACTIVITY_DROP,402.0182,1048.5512,ACTIVITY_DROP: current activity 402.02 is 0.38x the baseline 1048.55.
5454,2013-11-03 05:00:00,ACTIVITY_DROP,349.38039999999995,1048.5512,ACTIVITY_DROP: current activity 349.38 is 0.33x the baseline 1048.55.
5454,2013-11-03 06:00:00,ACTIVITY_DROP,435.05230000000006,1048.5512,ACTIVITY_DROP: current activity 435.05 is 0.41x the baseline 1048.55.
5454,2013-11-03 07:00:00,ACTIVITY_DROP,409.52070000000003,1048.5512,ACTIVITY_DROP: current activity 409.52 is 0.39x the baseline 1048.55.
5454,2013-11-03 08:00:00,ACTIVITY_DROP,501.44829999999996,1048.5512,ACTIVITY_DROP: current activity 501.45 is 0.48x the baseline 1048.55.
5454,2013-11-03 09:00:00,ACTIVITY_SPIKE,781.1615,1048.5512,ACTIVITY_SPIKE: current activity 781.16 increased sharply from the previous hour 501.45.
5454,2013-11-03 15:00:00,HIGH_ACTIVITY,1526.8081,979.6449,HIGH_ACTIVITY: current activity 1526.81 is 1.56x the baseline 979.64.
5454,2013-11-03 16:00:00,HIGH_ACTIVITY,1786.3336000000002,979.6449,HIGH_ACTIVITY: current activity 1786.33 is 1.82x the baseline 979.64.
5454,2013-11-03 17:00:00,HIGH_ACTIVITY,2108.2445000000002,979.6449,HIGH_ACTIVITY: current activity 2108.24 is 2.15x the baseline 979.64.
5454,2013-11-03 18:00:00,HIGH_ACTIVITY,1480.8797,979.6449,HIGH_ACTIVITY: current activity 1480.88 is 1.51x the baseline 979.64.
5456,2013-11-03 03:00:00,ACTIVITY_DROP,410.92249999999996,964.8058000000001,ACTIVITY_DROP: current activity 410.92 is 0.43x the baseline 964.81.
5456,2013-11-03 04:00:00,ACTIVITY_DROP,351.6171,964.8058000000001,ACTIVITY_DROP: current activity 351.62 is 0.36x the baseline 964.81.
5456,2013-11-03 05:00:00,ACTIVITY_DROP,277.91970000000003,964.8058000000001,ACTIVITY_DROP: current activity 277.92 is 0.29x the baseline 964.81.
5456,2013-11-03 06:00:00,ACTIVITY_DROP,290.7787,964.8058000000001,ACTIVITY_DROP: current activity 290.78 is 0.30x the baseline 964.81.
5456,2013-11-03 07:00:00,ACTIVITY_DROP,322.9578,964.8058000000001,ACTIVITY_DROP: current activity 322.96 is 0.33x the baseline 964.81.
5456,2013-11-03 08:00:00,ACTIVITY_DROP,416.36449999999996,964.8058000000001,ACTIVITY_DROP: current activity 416.36 is 0.43x the baseline 964.81.
5456,2013-11-03 09:00:00,ACTIVITY_SPIKE,665.5892,964.8058000000001,ACTIVITY_SPIKE: current activity 665.59 increased sharply from the previous hour 416.36.
5457,2013-11-03 03:00:00,ACTIVITY_DROP,684.7827,1558.0677,ACTIVITY_DROP: current activity 684.78 is 0.44x the baseline 1558.07.
5457,2013-11-03 04:00:00,ACTIVITY_DROP,545.7438,1558.0677,ACTIVITY_DROP: current activity 545.74 is 0.35x the baseline 1558.07.
5457,2013-11-03 05:00:00,ACTIVITY_DROP,367.45290000000006,1558.0677,ACTIVITY_DROP: current activity 367.45 is 0.24x the baseline 1558.07.
5457,2013-11-03 06:00:00,ACTIVITY_DROP,406.60790000000003,1558.0677,ACTIVITY_DROP: current activity 406.61 is 0.26x the baseline 1558.07.
5457,2013-11-03 07:00:00,ACTIVITY_DROP,416.00870000000003,1558.0677,ACTIVITY_DROP: current activity 416.01 is 0.27x the baseline 1558.07.
5457,2013-11-03 08:00:00,ACTIVITY_DROP,572.7116,1558.0677,ACTIVITY_DROP: current activity 572.71 is 0.37x the baseline 1558.07.
5457,2013-11-03 09:00:00,ACTIVITY_SPIKE,1081.1886000000002,1558.0677,ACTIVITY_SPIKE: current activity 1081.19 increased sharply from the previous hour 572.71.
5457,2013-11-03 10:00:00,ACTIVITY_SPIKE,1733.2655,1416.3581,ACTIVITY_SPIKE: current activity 1733.27 increased sharply from the previous hour 1081.19.
5457,2013-11-03 15:00:00,HIGH_ACTIVITY,2491.1967000000004,1416.3581,HIGH_ACTIVITY: current activity 2491.20 is 1.76x the baseline 1416.36.
5457,2013-11-03 16:00:00,HIGH_ACTIVITY,2781.9762999999994,1416.3581,HIGH_ACTIVITY: current activity 2781.98 is 1.96x the baseline 1416.36.
5457,2013-11-03 17:00:00,HIGH_ACTIVITY,2582.6105,1416.3581,HIGH_ACTIVITY: current activity 2582.61 is 1.82x the baseline 1416.36.
5458,2013-11-03 04:00:00,ACTIVITY_DROP,1702.9077,4803.2727,ACTIVITY_DROP: current activity 1702.91 is 0.35x the baseline 4803.27.
5458,2013-11-03 05:00:00,ACTIVITY_DROP,1383.462,4803.2727,ACTIVITY_DROP: current activity 1383.46 is 0.29x the baseline 4803.27.
5458,2013-11-03 06:00:00,ACTIVITY_DROP,1339.8134,4803.2727,ACTIVITY_DROP: current activity 1339.81 is 0.28x the baseline 4803.27.
5458,2013-11-03 07:00:00,ACTIVITY_DROP,1496.528,4803.2727,ACTIVITY_DROP: current activity 1496.53 is 0.31x the baseline 4803.27.
5458,2013-11-03 08:00:00,ACTIVITY_DROP,2011.8724000000002,4803.2727,ACTIVITY_DROP: current activity 2011.87 is 0.42x the baseline 4803.27.
5458,2013-11-03 09:00:00,ACTIVITY_DROP,2287.8232,4803.2727,ACTIVITY_DROP: current activity 2287.82 is 0.48x the baseline 4803.27.
5458,2013-11-03 10:00:00,ACTIVITY_SPIKE,3831.3448000000003,4803.2727,ACTIVITY_SPIKE: current activity 3831.34 increased sharply from the previous hour 2287.82.
5459,2013-11-03 03:00:00,ACTIVITY_DROP,952.7842,2217.4926,ACTIVITY_DROP: current activity 952.78 is 0.43x the baseline 2217.49.
5459,2013-11-03 04:00:00,ACTIVITY_DROP,757.0446,2217.4926,ACTIVITY_DROP: current activity 757.04 is 0.34x the baseline 2217.49.
5459,2013-11-03 05:00:00,ACTIVITY_DROP,702.4108000000001,2217.4926,ACTIVITY_DROP: current activity 702.41 is 0.32x the baseline 2217.49.
5459,2013-11-03 06:00:00,ACTIVITY_DROP,698.8847,2217.4926,ACTIVITY_DROP: current activity 698.88 is 0.32x the baseline 2217.49.
5459,2013-11-03 07:00:00,ACTIVITY_DROP,773.8480000000001,2217.4926,ACTIVITY_DROP: current activity 773.85 is 0.35x the baseline 2217.49.
5459,2013-11-03 08:00:00,ACTIVITY_DROP,1005.1771,2217.4926,ACTIVITY_DROP: current activity 1005.18 is 0.45x the baseline 2217.49.
5459,2013-11-03 10:00:00,ACTIVITY_SPIKE,2037.6754,2217.4926,ACTIVITY_SPIKE: current activity 2037.68 increased sharply from the previous hour 1274.16.
5460,2013-11-03 03:00:00,ACTIVITY_DROP,904.6827999999999,1939.0102,ACTIVITY_DROP: current activity 904.68 is 0.47x the baseline 1939.01.
5460,2013-11-03 04:00:00,ACTIVITY_DROP,887.4008,1939.0102,ACTIVITY_DROP: current activity 887.40 is 0.46x the baseline 1939.01.
5460,2013-11-03 05:00:00,ACTIVITY_DROP,838.1012999999999,1939.0102,ACTIVITY_DROP: current activity 838.10 is 0.43x the baseline 1939.01.
5460,2013-11-03 06:00:00,ACTIVITY_DROP,861.4376,1939.0102,ACTIVITY_DROP: current activity 861.44 is 0.44x the baseline 1939.01.
5460,2013-11-03 07:00:00,ACTIVITY_DROP,911.5173000000001,1939.0102,ACTIVITY_DROP: current activity 911.52 is 0.47x the baseline 1939.01.
5460,2013-11-03 16:00:00,HIGH_ACTIVITY,3030.0060000000003,1882.7509000000002,HIGH_ACTIVITY: current activity 3030.01 is 1.61x the baseline 1882.75.
5460,2013-11-03 20:00:00,HIGH_ACTIVITY,3881.4563999999996,1882.7509000000002,HIGH_ACTIVITY: current activity 3881.46 is 2.06x the baseline 1882.75.
5460,2013-11-03 20:00:00,ACTIVITY_SPIKE,3881.4563999999996,1882.7509000000002,ACTIVITY_SPIKE: current activity 3881.46 increased sharply from the previous hour 2505.13.
5460,2013-11-03 22:00:00,HIGH_ACTIVITY,3092.8,1882.7509000000002,HIGH_ACTIVITY: current activity 3092.80 is 1.64x the baseline 1882.75.
5461,2013-11-03 03:00:00,ACTIVITY_DROP,1581.4067000000002,3259.4205,ACTIVITY_DROP: current activity 1581.41 is 0.49x the baseline 3259.42.
5461,2013-11-03 04:00:00,ACTIVITY_DROP,1575.5383999999997,3259.4205,ACTIVITY_DROP: current activity 1575.54 is 0.48x the baseline 3259.42.
5461,2013-11-03 05:00:00,ACTIVITY_DROP,1548.1445,3259.4205,ACTIVITY_DROP: current activity 1548.14 is 0.47x the baseline 3259.42.
5461,2013-11-03 06:00:00,ACTIVITY_DROP,1379.8347,3259.4205,ACTIVITY_DROP: current activity 1379.83 is 0.42x the baseline 3259.42.
5461,2013-11-03 07:00:00,ACTIVITY_DROP,1335.1073999999999,3259.4205,ACTIVITY_DROP: current activity 1335.11 is 0.41x the baseline 3259.42.
5461,2013-11-03 08:00:00,ACTIVITY_DROP,1572.8413999999998,3259.4205,ACTIVITY_DROP: current activity 1572.84 is 0.48x the baseline 3259.42.
5461,2013-11-03 15:00:00,HIGH_ACTIVITY,4355.6225,2848.6710000000003,HIGH_ACTIVITY: current activity 4355.62 is 1.53x the baseline 2848.67.
5461,2013-11-03 16:00:00,HIGH_ACTIVITY,5191.6002,2848.6710000000003,HIGH_ACTIVITY: current activity 5191.60 is 1.82x the baseline 2848.67.
5461,2013-11-03 17:00:00,HIGH_ACTIVITY,4837.9338,2848.6710000000003,HIGH_ACTIVITY: current activity 4837.93 is 1.70x the baseline 2848.67.
5461,2013-11-03 18:00:00,HIGH_ACTIVITY,4771.3628,2848.6710000000003,HIGH_ACTIVITY: current activity 4771.36 is 1.67x the baseline 2848.67.
5461,2013-11-03 19:00:00,HIGH_ACTIVITY,4956.4753,2848.6710000000003,HIGH_ACTIVITY: current activity 4956.48 is 1.74x the baseline 2848.67.
5462,2013-11-03 02:00:00,ACTIVITY_DROP,918.0683,1937.7656000000002,ACTIVITY_DROP: current activity 918.07 is 0.47x the baseline 1937.77.
5462,2013-11-03 03:00:00,ACTIVITY_DROP,909.1166000000001,1937.7656000000002,ACTIVITY_DROP: current activity 909.12 is 0.47x the baseline 1937.77.
5462,2013-11-03 04:00:00,ACTIVITY_DROP,833.6771999999999,1937.7656000000002,ACTIVITY_DROP: current activity 833.68 is 0.43x the baseline 1937.77.
5462,2013-11-03 05:00:00,ACTIVITY_DROP,844.9249000000001,1937.7656000000002,ACTIVITY_DROP: current activity 844.92 is 0.44x the baseline 1937.77.
5462,2013-11-03 06:00:00,ACTIVITY_DROP,779.3831000000001,1937.7656000000002,ACTIVITY_DROP: current activity 779.38 is 0.40x the baseline 1937.77.
5462,2013-11-03 07:00:00,ACTIVITY_DROP,775.4341,1937.7656000000002,ACTIVITY_DROP: current activity 775.43 is 0.40x the baseline 1937.77.
5462,2013-11-03 08:00:00,ACTIVITY_DROP,936.1812,1937.7656000000002,ACTIVITY_DROP: current activity 936.18 is 0.48x the baseline 1937.77.
5462,2013-11-03 15:00:00,HIGH_ACTIVITY,2873.2621,1895.4866000000002,HIGH_ACTIVITY: current activity 2873.26 is 1.52x the baseline 1895.49.
5462,2013-11-03 16:00:00,HIGH_ACTIVITY,3424.9537,1895.4866000000002,HIGH_ACTIVITY: current activity 3424.95 is 1.81x the baseline 1895.49.
5462,2013-11-03 17:00:00,HIGH_ACTIVITY,3235.8494,1895.4866000000002,HIGH_ACTIVITY: current activity 3235.85 is 1.71x the baseline 1895.49.
5462,2013-11-03 18:00:00,HIGH_ACTIVITY,2976.9091000000003,1895.4866000000002,HIGH_ACTIVITY: current activity 2976.91 is 1.57x the baseline 1895.49.
5463,2013-11-03 02:00:00,ACTIVITY_DROP,427.5659,1038.7320000000002,ACTIVITY_DROP: current activity 427.57 is 0.41x the baseline 1038.73.
5463,2013-11-03 03:00:00,ACTIVITY_DROP,490.4559,1038.7320000000002,ACTIVITY_DROP: current activity 490.46 is 0.47x the baseline 1038.73.
5463,2013-11-03 04:00:00,ACTIVITY_DROP,397.9512,1038.7320000000002,ACTIVITY_DROP: current activity 397.95 is 0.38x the baseline 1038.73.
5463,2013-11-03 05:00:00,ACTIVITY_DROP,393.4043,1038.7320000000002,ACTIVITY_DROP: current activity 393.40 is 0.38x the baseline 1038.73.
5463,2013-11-03 06:00:00,ACTIVITY_DROP,390.9305,1038.7320000000002,ACTIVITY_DROP: current activity 390.93 is 0.38x the baseline 1038.73.
5463,2013-11-03 07:00:00,ACTIVITY_DROP,423.8599,1038.7320000000002,ACTIVITY_DROP: current activity 423.86 is 0.41x the baseline 1038.73.
5463,2013-11-03 08:00:00,ACTIVITY_DROP,503.6886,1038.7320000000002,ACTIVITY_DROP: current activity 503.69 is 0.48x the baseline 1038.73.
5463,2013-11-03 10:00:00,ACTIVITY_SPIKE,1040.5435,973.2245,ACTIVITY_SPIKE: current activity 1040.54 increased sharply from the previous hour 683.18.
5463,2013-11-03 12:00:00,HIGH_ACTIVITY,1505.7424,973.2245,HIGH_ACTIVITY: current activity 1505.74 is 1.55x the baseline 973.22.
5463,2013-11-03 16:00:00,HIGH_ACTIVITY,1674.8744000000002,973.2245,HIGH_ACTIVITY: current activity 1674.87 is 1.72x the baseline 973.22.
5463,2013-11-03 17:00:00,HIGH_ACTIVITY,1827.305,973.2245,HIGH_ACTIVITY: current activity 1827.31 is 1.88x the baseline 973.22.
5463,2013-11-03 18:00:00,HIGH_ACTIVITY,1505.1818,973.2245,HIGH_ACTIVITY: current activity 1505.18 is 1.55x the baseline 973.22.
5466,2013-11-03 03:00:00,ACTIVITY_DROP,675.3436,1383.1041,ACTIVITY_DROP: current activity 675.34 is 0.49x the baseline 1383.10.
5466,2013-11-03 04:00:00,ACTIVITY_DROP,605.7881,1383.1041,ACTIVITY_DROP: current activity 605.79 is 0.44x the baseline 1383.10.
5466,2013-11-03 05:00:00,ACTIVITY_DROP,606.5661,1383.1041,ACTIVITY_DROP: current activity 606.57 is 0.44x the baseline 1383.10.
5466,2013-11-03 06:00:00,ACTIVITY_DROP,578.4113,1383.1041,ACTIVITY_DROP: current activity 578.41 is 0.42x the baseline 1383.10.
5466,2013-11-03 07:00:00,ACTIVITY_DROP,604.8625999999999,1383.1041,ACTIVITY_DROP: current activity 604.86 is 0.44x the baseline 1383.10.
5467,2013-11-03 03:00:00,ACTIVITY_DROP,1530.8588,3403.7832999999996,ACTIVITY_DROP: current activity 1530.86 is 0.45x the baseline 3403.78.
5467,2013-11-03 04:00:00,ACTIVITY_DROP,1281.1357999999998,3403.7832999999996,ACTIVITY_DROP: current activity 1281.14 is 0.38x the baseline 3403.78.
5467,2013-11-03 05:00:00,ACTIVITY_DROP,1368.761,3403.7832999999996,ACTIVITY_DROP: current activity 1368.76 is 0.40x the baseline 3403.78.
5467,2013-11-03 06:00:00,ACTIVITY_DROP,1310.7803000000001,3403.7832999999996,ACTIVITY_DROP: current activity 1310.78 is 0.39x the baseline 3403.78.
5467,2013-11-03 07:00:00,ACTIVITY_DROP,1421.4714999999999,3403.7832999999996,ACTIVITY_DROP: current activity 1421.47 is 0.42x the baseline 3403.78.
5467,2013-11-03 19:00:00,HIGH_ACTIVITY,5158.117,3250.2797,HIGH_ACTIVITY: current activity 5158.12 is 1.59x the baseline 3250.28.
5468,2013-11-03 04:00:00,ACTIVITY_DROP,1293.6997,2610.2669,ACTIVITY_DROP: current activity 1293.70 is 0.50x the baseline 2610.27.
5468,2013-11-03 05:00:00,ACTIVITY_DROP,1185.8300000000002,2610.2669,ACTIVITY_DROP: current activity 1185.83 is 0.45x the baseline 2610.27.
5468,2013-11-03 10:00:00,ACTIVITY_SPIKE,2921.6740999999997,2599.7561,ACTIVITY_SPIKE: current activity 2921.67 increased sharply from the previous hour 1911.18.
5468,2013-11-03 21:00:00,HIGH_ACTIVITY,4125.3661,2599.7561,HIGH_ACTIVITY: current activity 4125.37 is 1.59x the baseline 2599.76.
5469,2013-11-03 04:00:00,ACTIVITY_DROP,807.4776,1631.5895,ACTIVITY_DROP: current activity 807.48 is 0.49x the baseline 1631.59.
5469,2013-11-03 06:00:00,ACTIVITY_DROP,765.5786,1631.5895,ACTIVITY_DROP: current activity 765.58 is 0.47x the baseline 1631.59.
5469,2013-11-03 21:00:00,HIGH_ACTIVITY,2443.6418000000003,1590.409,HIGH_ACTIVITY: current activity 2443.64 is 1.54x the baseline 1590.41.
5469,2013-11-03 23:00:00,HIGH_ACTIVITY,2445.1041000000005,1590.409,HIGH_ACTIVITY: current activity 2445.10 is 1.54x the baseline 1590.41.
5470,2013-11-03 03:00:00,ACTIVITY_DROP,678.6827999999999,1445.4962,ACTIVITY_DROP: current activity 678.68 is 0.47x the baseline 1445.50.
5470,2013-11-03 04:00:00,ACTIVITY_DROP,668.0880999999999,1445.4962,ACTIVITY_DROP: current activity 668.09 is 0.46x the baseline 1445.50.
5470,2013-11-03 06:00:00,ACTIVITY_DROP,636.3792,1445.4962,ACTIVITY_DROP: current activity 636.38 is 0.44x the baseline 1445.50.
5471,2013-11-03 03:00:00,ACTIVITY_DROP,532.9272,1197.8434,ACTIVITY_DROP: current activity 532.93 is 0.44x the baseline 1197.84.
5471,2013-11-03 04:00:00,ACTIVITY_DROP,568.9166,1197.8434,ACTIVITY_DROP: current activity 568.92 is 0.47x the baseline 1197.84.
5471,2013-11-03 05:00:00,ACTIVITY_DROP,556.437,1197.8434,ACTIVITY_DROP: current activity 556.44 is 0.46x the baseline 1197.84.
5471,2013-11-03 06:00:00,ACTIVITY_DROP,498.69169999999997,1197.8434,ACTIVITY_DROP: current activity 498.69 is 0.42x the baseline 1197.84.
5471,2013-11-03 07:00:00,ACTIVITY_DROP,505.4842,1197.8434,ACTIVITY_DROP: current activity 505.48 is 0.42x the baseline 1197.84.
5471,2013-11-03 09:00:00,ACTIVITY_SPIKE,943.463,1197.8434,ACTIVITY_SPIKE: current activity 943.46 increased sharply from the previous hour 617.04.
5472,2013-11-03 02:00:00,ACTIVITY_DROP,545.8264,1202.1363999999999,ACTIVITY_DROP: current activity 545.83 is 0.45x the baseline 1202.14.
5472,2013-11-03 03:00:00,ACTIVITY_DROP,481.05659999999995,1202.1363999999999,ACTIVITY_DROP: current activity 481.06 is 0.40x the baseline 1202.14.
5472,2013-11-03 04:00:00,ACTIVITY_DROP,474.94820000000004,1202.1363999999999,ACTIVITY_DROP: current activity 474.95 is 0.40x the baseline 1202.14.
5472,2013-11-03 05:00:00,ACTIVITY_DROP,474.9974,1202.1363999999999,ACTIVITY_DROP: current activity 475.00 is 0.40x the baseline 1202.14.
5472,2013-11-03 06:00:00,ACTIVITY_DROP,406.5996,1202.1363999999999,ACTIVITY_DROP: current activity 406.60 is 0.34x the baseline 1202.14.
5472,2013-11-03 07:00:00,ACTIVITY_DROP,527.2291,1202.1363999999999,ACTIVITY_DROP: current activity 527.23 is 0.44x the baseline 1202.14.
5543,2013-11-03 03:00:00,ACTIVITY_DROP,551.9837,1267.6279,ACTIVITY_DROP: current activity 551.98 is 0.44x the baseline 1267.63.
5543,2013-11-03 04:00:00,ACTIVITY_DROP,526.0939000000001,1267.6279,ACTIVITY_DROP: current activity 526.09 is 0.42x the baseline 1267.63.
5543,2013-11-03 05:00:00,ACTIVITY_DROP,556.4192,1267.6279,ACTIVITY_DROP: current activity 556.42 is 0.44x the baseline 1267.63.
5543,2013-11-03 06:00:00,ACTIVITY_DROP,628.0920000000001,1267.6279,ACTIVITY_DROP: current activity 628.09 is 0.50x the baseline 1267.63.
5543,2013-11-03 07:00:00,ACTIVITY_DROP,609.6750000000001,1267.6279,ACTIVITY_DROP: current activity 609.68 is 0.48x the baseline 1267.63.
5543,2013-11-03 08:00:00,ACTIVITY_SPIKE,923.1525,1267.6279,ACTIVITY_SPIKE: current activity 923.15 increased sharply from the previous hour 609.68.
5544,2013-11-03 03:00:00,ACTIVITY_DROP,772.0569999999999,1773.2812,ACTIVITY_DROP: current activity 772.06 is 0.44x the baseline 1773.28.
5544,2013-11-03 04:00:00,ACTIVITY_DROP,870.6659,1773.2812,ACTIVITY_DROP: current activity 870.67 is 0.49x the baseline 1773.28.
5544,2013-11-03 05:00:00,ACTIVITY_DROP,779.2860999999999,1773.2812,ACTIVITY_DROP: current activity 779.29 is 0.44x the baseline 1773.28.
5544,2013-11-03 06:00:00,ACTIVITY_DROP,757.1025999999999,1773.2812,ACTIVITY_DROP: current activity 757.10 is 0.43x the baseline 1773.28.
5544,2013-11-03 07:00:00,ACTIVITY_DROP,778.9132,1773.2812,ACTIVITY_DROP: current activity 778.91 is 0.44x the baseline 1773.28.
5544,2013-11-03 09:00:00,ACTIVITY_SPIKE,1637.6587,1773.2812,ACTIVITY_SPIKE: current activity 1637.66 increased sharply from the previous hour 1074.77.
5545,2013-11-03 03:00:00,ACTIVITY_DROP,644.2383,1569.1713,ACTIVITY_DROP: current activity 644.24 is 0.41x the baseline 1569.17.
5545,2013-11-03 04:00:00,ACTIVITY_DROP,654.5873,1569.1713,ACTIVITY_DROP: current activity 654.59 is 0.42x the baseline 1569.17.
5545,2013-11-03 05:00:00,ACTIVITY_DROP,620.47,1569.1713,ACTIVITY_DROP: current activity 620.47 is 0.40x the baseline 1569.17.
5545,2013-11-03 06:00:00,ACTIVITY_DROP,656.1112,1569.1713,ACTIVITY_DROP: current activity 656.11 is 0.42x the baseline 1569.17.
5545,2013-11-03 07:00:00,ACTIVITY_DROP,753.4172000000001,1569.1713,ACTIVITY_DROP: current activity 753.42 is 0.48x the baseline 1569.17.
5546,2013-11-03 03:00:00,ACTIVITY_DROP,791.5276000000001,1868.1805,ACTIVITY_DROP: current activity 791.53 is 0.42x the baseline 1868.18.
5546,2013-11-03 04:00:00,ACTIVITY_DROP,767.6772000000001,1868.1805,ACTIVITY_DROP: current activity 767.68 is 0.41x the baseline 1868.18.
5546,2013-11-03 05:00:00,ACTIVITY_DROP,733.8412999999999,1868.1805,ACTIVITY_DROP: current activity 733.84 is 0.39x the baseline 1868.18.
5546,2013-11-03 06:00:00,ACTIVITY_DROP,759.924,1868.1805,ACTIVITY_DROP: current activity 759.92 is 0.41x the baseline 1868.18.
5546,2013-11-03 07:00:00,ACTIVITY_DROP,896.6795,1868.1805,ACTIVITY_DROP: current activity 896.68 is 0.48x the baseline 1868.18.
5546,2013-11-03 17:00:00,HIGH_ACTIVITY,2759.3952,1826.2026,HIGH_ACTIVITY: current activity 2759.40 is 1.51x the baseline 1826.20.
5547,2013-11-03 03:00:00,ACTIVITY_DROP,834.6677000000001,1796.9112,ACTIVITY_DROP: current activity 834.67 is 0.46x the baseline 1796.91.
5547,2013-11-03 04:00:00,ACTIVITY_DROP,753.2456,1796.9112,ACTIVITY_DROP: current activity 753.25 is 0.42x the baseline 1796.91.
5547,2013-11-03 05:00:00,ACTIVITY_DROP,706.8561,1796.9112,ACTIVITY_DROP: current activity 706.86 is 0.39x the baseline 1796.91.
5547,2013-11-03 06:00:00,ACTIVITY_DROP,705.5923,1796.9112,ACTIVITY_DROP: current activity 705.59 is 0.39x the baseline 1796.91.
5547,2013-11-03 07:00:00,ACTIVITY_DROP,837.9934000000001,1796.9112,ACTIVITY_DROP: current activity 837.99 is 0.47x the baseline 1796.91.
5547,2013-11-03 17:00:00,HIGH_ACTIVITY,3071.7146,1736.3843,HIGH_ACTIVITY: current activity 3071.71 is 1.77x the baseline 1736.38.
5548,2013-11-03 04:00:00,ACTIVITY_DROP,509.5122,1154.3104,ACTIVITY_DROP: current activity 509.51 is 0.44x the baseline 1154.31.
5548,2013-11-03 05:00:00,ACTIVITY_DROP,479.3697,1154.3104,ACTIVITY_DROP: current activity 479.37 is 0.42x the baseline 1154.31.
5548,2013-11-03 06:00:00,ACTIVITY_DROP,469.0339,1154.3104,ACTIVITY_DROP: current activity 469.03 is 0.41x the baseline 1154.31.
5548,2013-11-03 07:00:00,ACTIVITY_DROP,519.0455999999999,1154.3104,ACTIVITY_DROP: current activity 519.05 is 0.45x the baseline 1154.31.
5548,2013-11-03 17:00:00,HIGH_ACTIVITY,1823.0704,1114.997,HIGH_ACTIVITY: current activity 1823.07 is 1.64x the baseline 1115.00.
5548,2013-11-03 21:00:00,HIGH_ACTIVITY,1735.4086000000002,1114.997,HIGH_ACTIVITY: current activity 1735.41 is 1.56x the baseline 1115.00.
5550,2013-11-03 03:00:00,ACTIVITY_DROP,477.59669999999994,1118.0699,ACTIVITY_DROP: current activity 477.60 is 0.43x the baseline 1118.07.
5550,2013-11-03 04:00:00,ACTIVITY_DROP,480.15040000000005,1118.0699,ACTIVITY_DROP: current activity 480.15 is 0.43x the baseline 1118.07.
5550,2013-11-03 05:00:00,ACTIVITY_DROP,481.2278,1118.0699,ACTIVITY_DROP: current activity 481.23 is 0.43x the baseline 1118.07.
5550,2013-11-03 06:00:00,ACTIVITY_DROP,469.792,1118.0699,ACTIVITY_DROP: current activity 469.79 is 0.42x the baseline 1118.07.
5550,2013-11-03 07:00:00,ACTIVITY_DROP,505.21719999999993,1118.0699,ACTIVITY_DROP: current activity 505.22 is 0.45x the baseline 1118.07.
5550,2013-11-03 21:00:00,HIGH_ACTIVITY,2328.9515,1066.0508,HIGH_ACTIVITY: current activity 2328.95 is 2.18x the baseline 1066.05.
5550,2013-11-03 21:00:00,ACTIVITY_SPIKE,2328.9515,1066.0508,ACTIVITY_SPIKE: current activity 2328.95 increased sharply from the previous hour 1267.17.
5551,2013-11-03 03:00:00,ACTIVITY_DROP,586.7999,1311.4284,ACTIVITY_DROP: current activity 586.80 is 0.45x the baseline 1311.43.
5551,2013-11-03 04:00:00,ACTIVITY_DROP,595.5435,1311.4284,ACTIVITY_DROP: current activity 595.54 is 0.45x the baseline 1311.43.
5551,2013-11-03 05:00:00,ACTIVITY_DROP,578.2552000000001,1311.4284,ACTIVITY_DROP: current activity 578.26 is 0.44x the baseline 1311.43.
5551,2013-11-03 06:00:00,ACTIVITY_DROP,567.4262,1311.4284,ACTIVITY_DROP: current activity 567.43 is 0.43x the baseline 1311.43.
5552,2013-11-03 03:00:00,ACTIVITY_DROP,548.1567,1125.9442,ACTIVITY_DROP: current activity 548.16 is 0.49x the baseline 1125.94.
5552,2013-11-03 04:00:00,ACTIVITY_DROP,538.2764,1125.9442,ACTIVITY_DROP: current activity 538.28 is 0.48x the baseline 1125.94.
5552,2013-11-03 05:00:00,ACTIVITY_DROP,510.55289999999997,1125.9442,ACTIVITY_DROP: current activity 510.55 is 0.45x the baseline 1125.94.
5552,2013-11-03 06:00:00,ACTIVITY_DROP,555.1354,1125.9442,ACTIVITY_DROP: current activity 555.14 is 0.49x the baseline 1125.94.
5552,2013-11-03 09:00:00,ACTIVITY_SPIKE,1057.3759,1125.9442,ACTIVITY_SPIKE: current activity 1057.38 increased sharply from the previous hour 683.42.
5553,2013-11-03 04:00:00,ACTIVITY_DROP,620.1926000000001,1246.9531,ACTIVITY_DROP: current activity 620.19 is 0.50x the baseline 1246.95.
5553,2013-11-03 05:00:00,ACTIVITY_DROP,571.3451,1246.9531,ACTIVITY_DROP: current activity 571.35 is 0.46x the baseline 1246.95.
5553,2013-11-03 09:00:00,ACTIVITY_SPIKE,1206.5498,1246.9531,ACTIVITY_SPIKE: current activity 1206.55 increased sharply from the previous hour 788.73.
5553,2013-11-03 18:00:00,HIGH_ACTIVITY,1910.9152000000004,1223.3388,HIGH_ACTIVITY: current activity 1910.92 is 1.56x the baseline 1223.34.
5554,2013-11-03 03:00:00,ACTIVITY_DROP,672.3709,1465.7873000000002,ACTIVITY_DROP: current activity 672.37 is 0.46x the baseline 1465.79.
5554,2013-11-03 04:00:00,ACTIVITY_DROP,585.1031999999999,1465.7873000000002,ACTIVITY_DROP: current activity 585.10 is 0.40x the baseline 1465.79.
5554,2013-11-03 05:00:00,ACTIVITY_DROP,492.45450000000005,1465.7873000000002,ACTIVITY_DROP: current activity 492.45 is 0.34x the baseline 1465.79.
5554,2013-11-03 06:00:00,ACTIVITY_DROP,472.67320000000007,1465.7873000000002,ACTIVITY_DROP: current activity 472.67 is 0.32x the baseline 1465.79.
5554,2013-11-03 07:00:00,ACTIVITY_DROP,576.3339,1465.7873000000002,ACTIVITY_DROP: current activity 576.33 is 0.39x the baseline 1465.79.
5554,2013-11-03 08:00:00,ACTIVITY_DROP,591.3364,1465.7873000000002,ACTIVITY_DROP: current activity 591.34 is 0.40x the baseline 1465.79.
5555,2013-11-03 00:00:00,HIGH_ACTIVITY,2153.9562,1400.8910999999998,HIGH_ACTIVITY: current activity 2153.96 is 1.54x the baseline 1400.89.
5555,2013-11-03 03:00:00,ACTIVITY_DROP,695.2538000000001,1447.4457,ACTIVITY_DROP: current activity 695.25 is 0.48x the baseline 1447.45.
5555,2013-11-03 04:00:00,ACTIVITY_DROP,597.3072,1447.4457,ACTIVITY_DROP: current activity 597.31 is 0.41x the baseline 1447.45.
5555,2013-11-03 05:00:00,ACTIVITY_DROP,492.8549,1447.4457,ACTIVITY_DROP: current activity 492.85 is 0.34x the baseline 1447.45.
5555,2013-11-03 06:00:00,ACTIVITY_DROP,455.1598,1447.4457,ACTIVITY_DROP: current activity 455.16 is 0.31x the baseline 1447.45.
5555,2013-11-03 07:00:00,ACTIVITY_DROP,560.3452,1447.4457,ACTIVITY_DROP: current activity 560.35 is 0.39x the baseline 1447.45.
5555,2013-11-03 08:00:00,ACTIVITY_DROP,566.8548999999999,1447.4457,ACTIVITY_DROP: current activity 566.85 is 0.39x the baseline 1447.45.
5555,2013-11-03 16:00:00,HIGH_ACTIVITY,2344.0784,1400.8910999999998,HIGH_ACTIVITY: current activity 2344.08 is 1.67x the baseline 1400.89.
5555,2013-11-03 17:00:00,HIGH_ACTIVITY,2359.3793999999994,1400.8910999999998,HIGH_ACTIVITY: current activity 2359.38 is 1.68x the baseline 1400.89.
5556,2013-11-03 03:00:00,ACTIVITY_DROP,718.7311000000001,1487.0357000000001,ACTIVITY_DROP: current activity 718.73 is 0.48x the baseline 1487.04.
5556,2013-11-03 04:00:00,ACTIVITY_DROP,618.3023000000001,1487.0357000000001,ACTIVITY_DROP: current activity 618.30 is 0.42x the baseline 1487.04.
5556,2013-11-03 05:00:00,ACTIVITY_DROP,490.6621,1487.0357000000001,ACTIVITY_DROP: current activity 490.66 is 0.33x the baseline 1487.04.
5556,2013-11-03 06:00:00,ACTIVITY_DROP,464.5571,1487.0357000000001,ACTIVITY_DROP: current activity 464.56 is 0.31x the baseline 1487.04.
5556,2013-11-03 07:00:00,ACTIVITY_DROP,552.7255,1487.0357000000001,ACTIVITY_DROP: current activity 552.73 is 0.37x the baseline 1487.04.
5556,2013-11-03 08:00:00,ACTIVITY_DROP,639.3833,1487.0357000000001,ACTIVITY_DROP: current activity 639.38 is 0.43x the baseline 1487.04.
5556,2013-11-03 09:00:00,ACTIVITY_SPIKE,966.1179,1487.0357000000001,ACTIVITY_SPIKE: current activity 966.12 increased sharply from the previous hour 639.38.
5556,2013-11-03 16:00:00,HIGH_ACTIVITY,2441.6559,1452.0999,HIGH_ACTIVITY: current activity 2441.66 is 1.68x the baseline 1452.10.
5556,2013-11-03 17:00:00,HIGH_ACTIVITY,2279.2619,1452.0999,HIGH_ACTIVITY: current activity 2279.26 is 1.57x the baseline 1452.10.
5557,2013-11-03 02:00:00,ACTIVITY_DROP,901.9121,1844.7365000000002,ACTIVITY_DROP: current activity 901.91 is 0.49x the baseline 1844.74.
5557,2013-11-03 03:00:00,ACTIVITY_DROP,824.5597,1844.7365000000002,ACTIVITY_DROP: current activity 824.56 is 0.45x the baseline 1844.74.
5557,2013-11-03 04:00:00,ACTIVITY_DROP,773.5932,1844.7365000000002,ACTIVITY_DROP: current activity 773.59 is 0.42x the baseline 1844.74.
5557,2013-11-03 05:00:00,ACTIVITY_DROP,788.0455,1844.7365000000002,ACTIVITY_DROP: current activity 788.05 is 0.43x the baseline 1844.74.
5557,2013-11-03 06:00:00,ACTIVITY_DROP,647.5582,1844.7365000000002,ACTIVITY_DROP: current activity 647.56 is 0.35x the baseline 1844.74.
5557,2013-11-03 07:00:00,ACTIVITY_DROP,713.6863999999999,1844.7365000000002,ACTIVITY_DROP: current activity 713.69 is 0.39x the baseline 1844.74.
5557,2013-11-03 09:00:00,ACTIVITY_SPIKE,1580.7557,1844.7365000000002,ACTIVITY_SPIKE: current activity 1580.76 increased sharply from the previous hour 1015.38.
5558,2013-11-03 02:00:00,ACTIVITY_DROP,914.2731,2090.4888,ACTIVITY_DROP: current activity 914.27 is 0.44x the baseline 2090.49.
5558,2013-11-03 03:00:00,ACTIVITY_DROP,845.9174,2090.4888,ACTIVITY_DROP: current activity 845.92 is 0.40x the baseline 2090.49.
5558,2013-11-03 04:00:00,ACTIVITY_DROP,728.3465,2090.4888,ACTIVITY_DROP: current activity 728.35 is 0.35x the baseline 2090.49.
5558,2013-11-03 05:00:00,ACTIVITY_DROP,769.5768,2090.4888,ACTIVITY_DROP: current activity 769.58 is 0.37x the baseline 2090.49.
5558,2013-11-03 06:00:00,ACTIVITY_DROP,645.3719000000001,2090.4888,ACTIVITY_DROP: current activity 645.37 is 0.31x the baseline 2090.49.
5558,2013-11-03 07:00:00,ACTIVITY_DROP,725.3774,2090.4888,ACTIVITY_DROP: current activity 725.38 is 0.35x the baseline 2090.49.
5559,2013-11-03 00:00:00,HIGH_ACTIVITY,4241.5824,2721.7929000000004,HIGH_ACTIVITY: current activity 4241.58 is 1.56x the baseline 2721.79.
5559,2013-11-03 03:00:00,ACTIVITY_DROP,1054.0589,2804.6639999999998,ACTIVITY_DROP: current activity 1054.06 is 0.38x the baseline 2804.66.
5559,2013-11-03 04:00:00,ACTIVITY_DROP,1037.4485,2804.6639999999998,ACTIVITY_DROP: current activity 1037.45 is 0.37x the baseline 2804.66.
5559,2013-11-03 05:00:00,ACTIVITY_DROP,971.1356000000001,2804.6639999999998,ACTIVITY_DROP: current activity 971.14 is 0.35x the baseline 2804.66.
5559,2013-11-03 06:00:00,ACTIVITY_DROP,990.8167000000001,2804.6639999999998,ACTIVITY_DROP: current activity 990.82 is 0.35x the baseline 2804.66.
5559,2013-11-03 07:00:00,ACTIVITY_DROP,1180.969,2804.6639999999998,ACTIVITY_DROP: current activity 1180.97 is 0.42x the baseline 2804.66.
5559,2013-11-03 08:00:00,ACTIVITY_DROP,1309.3089,2804.6639999999998,ACTIVITY_DROP: current activity 1309.31 is 0.47x the baseline 2804.66.
5559,2013-11-03 22:00:00,HIGH_ACTIVITY,4234.018099999999,2721.7929000000004,HIGH_ACTIVITY: current activity 4234.02 is 1.56x the baseline 2721.79.
5560,2013-11-03 03:00:00,ACTIVITY_DROP,978.7707,2075.1029,ACTIVITY_DROP: current activity 978.77 is 0.47x the baseline 2075.10.
5560,2013-11-03 05:00:00,ACTIVITY_DROP,989.9561,2075.1029,ACTIVITY_DROP: current activity 989.96 is 0.48x the baseline 2075.10.
5560,2013-11-03 06:00:00,ACTIVITY_DROP,993.1487000000001,2075.1029,ACTIVITY_DROP: current activity 993.15 is 0.48x the baseline 2075.10.
5560,2013-11-03 22:00:00,HIGH_ACTIVITY,3454.816,2070.1474,HIGH_ACTIVITY: current activity 3454.82 is 1.67x the baseline 2070.15.
5561,2013-11-03 09:00:00,ACTIVITY_SPIKE,1925.3591,1855.4705000000001,ACTIVITY_SPIKE: current activity 1925.36 increased sharply from the previous hour 1185.08.
5562,2013-11-03 01:00:00,ACTIVITY_DROP,1021.946,2052.3057,ACTIVITY_DROP: current activity 1021.95 is 0.50x the baseline 2052.31.
5562,2013-11-03 02:00:00,ACTIVITY_DROP,826.2774,2052.3057,ACTIVITY_DROP: current activity 826.28 is 0.40x the baseline 2052.31.
5562,2013-11-03 03:00:00,ACTIVITY_DROP,791.6668,2052.3057,ACTIVITY_DROP: current activity 791.67 is 0.39x the baseline 2052.31.
5562,2013-11-03 04:00:00,ACTIVITY_DROP,801.5101999999999,2052.3057,ACTIVITY_DROP: current activity 801.51 is 0.39x the baseline 2052.31.
5562,2013-11-03 05:00:00,ACTIVITY_DROP,756.4086,2052.3057,ACTIVITY_DROP: current activity 756.41 is 0.37x the baseline 2052.31.
5562,2013-11-03 06:00:00,ACTIVITY_DROP,751.3036,2052.3057,ACTIVITY_DROP: current activity 751.30 is 0.37x the baseline 2052.31.
5562,2013-11-03 07:00:00,ACTIVITY_DROP,900.4568000000002,2052.3057,ACTIVITY_DROP: current activity 900.46 is 0.44x the baseline 2052.31.
5562,2013-11-03 08:00:00,ACTIVITY_DROP,965.0586000000001,2052.3057,ACTIVITY_DROP: current activity 965.06 is 0.47x the baseline 2052.31.
5562,2013-11-03 10:00:00,ACTIVITY_SPIKE,2098.7689,1862.0663999999997,ACTIVITY_SPIKE: current activity 2098.77 increased sharply from the previous hour 1265.66.
5562,2013-11-03 14:00:00,HIGH_ACTIVITY,3366.0472,1862.0663999999997,HIGH_ACTIVITY: current activity 3366.05 is 1.81x the baseline 1862.07.
5562,2013-11-03 15:00:00,HIGH_ACTIVITY,3550.9898000000003,1862.0663999999997,HIGH_ACTIVITY: current activity 3550.99 is 1.91x the baseline 1862.07.
5562,2013-11-03 16:00:00,HIGH_ACTIVITY,4352.816199999999,1862.0663999999997,HIGH_ACTIVITY: current activity 4352.82 is 2.34x the baseline 1862.07.
5562,2013-11-03 17:00:00,HIGH_ACTIVITY,3240.0585,1862.0663999999997,HIGH_ACTIVITY: current activity 3240.06 is 1.74x the baseline 1862.07.
5562,2013-11-03 18:00:00,HIGH_ACTIVITY,2953.3681,1862.0663999999997,HIGH_ACTIVITY: current activity 2953.37 is 1.59x the baseline 1862.07.
5563,2013-11-03 02:00:00,ACTIVITY_DROP,463.1818,1132.0697,ACTIVITY_DROP: current activity 463.18 is 0.41x the baseline 1132.07.
5563,2013-11-03 03:00:00,ACTIVITY_DROP,477.65479999999997,1132.0697,ACTIVITY_DROP: current activity 477.65 is 0.42x the baseline 1132.07.
5563,2013-11-03 04:00:00,ACTIVITY_DROP,444.5972,1132.0697,ACTIVITY_DROP: current activity 444.60 is 0.39x the baseline 1132.07.
5563,2013-11-03 05:00:00,ACTIVITY_DROP,425.79510000000005,1132.0697,ACTIVITY_DROP: current activity 425.80 is 0.38x the baseline 1132.07.
5563,2013-11-03 06:00:00,ACTIVITY_DROP,422.89050000000003,1132.0697,ACTIVITY_DROP: current activity 422.89 is 0.37x the baseline 1132.07.
5563,2013-11-03 07:00:00,ACTIVITY_DROP,465.4928,1132.0697,ACTIVITY_DROP: current activity 465.49 is 0.41x the baseline 1132.07.
5563,2013-11-03 08:00:00,ACTIVITY_DROP,544.4453,1132.0697,ACTIVITY_DROP: current activity 544.45 is 0.48x the baseline 1132.07.
5563,2013-11-03 10:00:00,ACTIVITY_SPIKE,1132.0697,1103.4043,ACTIVITY_SPIKE: current activity 1132.07 increased sharply from the previous hour 722.95.
5563,2013-11-03 14:00:00,HIGH_ACTIVITY,1673.9268000000002,1103.4043,HIGH_ACTIVITY: current activity 1673.93 is 1.52x the baseline 1103.40.
5563,2013-11-03 15:00:00,HIGH_ACTIVITY,1834.1094,1103.4043,HIGH_ACTIVITY: current activity 1834.11 is 1.66x the baseline 1103.40.
5563,2013-11-03 16:00:00,HIGH_ACTIVITY,2171.5373999999997,1103.4043,HIGH_ACTIVITY: current activity 2171.54 is 1.97x the baseline 1103.40.
5563,2013-11-03 17:00:00,HIGH_ACTIVITY,1801.7473,1103.4043,HIGH_ACTIVITY: current activity 1801.75 is 1.63x the baseline 1103.40.
5563,2013-11-03 18:00:00,HIGH_ACTIVITY,1686.424,1103.4043,HIGH_ACTIVITY: current activity 1686.42 is 1.53x the baseline 1103.40.
5566,2013-11-03 03:00:00,ACTIVITY_DROP,1349.4479999999999,2782.9889000000003,ACTIVITY_DROP: current activity 1349.45 is 0.48x the baseline 2782.99.
5566,2013-11-03 04:00:00,ACTIVITY_DROP,1110.2262999999998,2782.9889000000003,ACTIVITY_DROP: current activity 1110.23 is 0.40x the baseline 2782.99.
5566,2013-11-03 05:00:00,ACTIVITY_DROP,1007.5039,2782.9889000000003,ACTIVITY_DROP: current activity 1007.50 is 0.36x the baseline 2782.99.
5566,2013-11-03 06:00:00,ACTIVITY_DROP,962.6888999999999,2782.9889000000003,ACTIVITY_DROP: current activity 962.69 is 0.35x the baseline 2782.99.
5566,2013-11-03 07:00:00,ACTIVITY_DROP,1066.6861999999999,2782.9889000000003,ACTIVITY_DROP: current activity 1066.69 is 0.38x the baseline 2782.99.
5566,2013-11-03 19:00:00,HIGH_ACTIVITY,4101.1796,2700.4301,HIGH_ACTIVITY: current activity 4101.18 is 1.52x the baseline 2700.43.
5566,2013-11-03 21:00:00,HIGH_ACTIVITY,4054.1434999999997,2700.4301,HIGH_ACTIVITY: current activity 4054.14 is 1.50x the baseline 2700.43.
5567,2013-11-03 03:00:00,ACTIVITY_DROP,2308.0772,4634.7902,ACTIVITY_DROP: current activity 2308.08 is 0.50x the baseline 4634.79.
5567,2013-11-03 04:00:00,ACTIVITY_DROP,1874.8901999999998,4634.7902,ACTIVITY_DROP: current activity 1874.89 is 0.40x the baseline 4634.79.
5567,2013-11-03 05:00:00,ACTIVITY_DROP,1728.8050999999998,4634.7902,ACTIVITY_DROP: current activity 1728.81 is 0.37x the baseline 4634.79.
5567,2013-11-03 06:00:00,ACTIVITY_DROP,1740.4485,4634.7902,ACTIVITY_DROP: current activity 1740.45 is 0.38x the baseline 4634.79.
5567,2013-11-03 07:00:00,ACTIVITY_DROP,1835.5475000000001,4634.7902,ACTIVITY_DROP: current activity 1835.55 is 0.40x the baseline 4634.79.
5567,2013-11-03 10:00:00,ACTIVITY_SPIKE,4720.1179,4492.8090999999995,ACTIVITY_SPIKE: current activity 4720.12 increased sharply from the previous hour 3135.98.
5567,2013-11-03 21:00:00,HIGH_ACTIVITY,7248.7513,4492.8090999999995,HIGH_ACTIVITY: current activity 7248.75 is 1.61x the baseline 4492.81.
5567,2013-11-03 22:00:00,HIGH_ACTIVITY,6812.4782,4492.8090999999995,HIGH_ACTIVITY: current activity 6812.48 is 1.52x the baseline 4492.81.
5568,2013-11-03 05:00:00,ACTIVITY_DROP,1393.5424,3168.0577,ACTIVITY_DROP: current activity 1393.54 is 0.44x the baseline 3168.06.
5568,2013-11-03 06:00:00,ACTIVITY_DROP,1467.1459999999997,3168.0577,ACTIVITY_DROP: current activity 1467.15 is 0.46x the baseline 3168.06.
5568,2013-11-03 07:00:00,ACTIVITY_DROP,1528.0205999999998,3168.0577,ACTIVITY_DROP: current activity 1528.02 is 0.48x the baseline 3168.06.
5568,2013-11-03 21:00:00,HIGH_ACTIVITY,5131.8889,3155.1477999999997,HIGH_ACTIVITY: current activity 5131.89 is 1.63x the baseline 3155.15.
5569,2013-11-03 04:00:00,ACTIVITY_DROP,948.7245,2300.5742,ACTIVITY_DROP: current activity 948.72 is 0.41x the baseline 2300.57.
5569,2013-11-03 06:00:00,ACTIVITY_DROP,932.5631000000001,2300.5742,ACTIVITY_DROP: current activity 932.56 is 0.41x the baseline 2300.57.
5570,2013-11-03 03:00:00,ACTIVITY_DROP,1070.6496,2185.014,ACTIVITY_DROP: current activity 1070.65 is 0.49x the baseline 2185.01.
5570,2013-11-03 05:00:00,ACTIVITY_DROP,1040.0219000000002,2185.014,ACTIVITY_DROP: current activity 1040.02 is 0.48x the baseline 2185.01.
5570,2013-11-03 06:00:00,ACTIVITY_DROP,986.9909999999999,2185.014,ACTIVITY_DROP: current activity 986.99 is 0.45x the baseline 2185.01.
5570,2013-11-03 07:00:00,ACTIVITY_DROP,1086.3686,2185.014,ACTIVITY_DROP: current activity 1086.37 is 0.50x the baseline 2185.01.
5571,2013-11-03 03:00:00,ACTIVITY_DROP,786.7558,1631.872,ACTIVITY_DROP: current activity 786.76 is 0.48x the baseline 1631.87.
5571,2013-11-03 05:00:00,ACTIVITY_DROP,771.7346000000001,1631.872,ACTIVITY_DROP: current activity 771.73 is 0.47x the baseline 1631.87.
5571,2013-11-03 06:00:00,ACTIVITY_DROP,765.8534,1631.872,ACTIVITY_DROP: current activity 765.85 is 0.47x the baseline 1631.87.
5571,2013-11-03 07:00:00,ACTIVITY_DROP,787.897,1631.872,ACTIVITY_DROP: current activity 787.90 is 0.48x the baseline 1631.87.
5572,2013-11-03 03:00:00,ACTIVITY_DROP,411.9525,1030.239,ACTIVITY_DROP: current activity 411.95 is 0.40x the baseline 1030.24.
5572,2013-11-03 04:00:00,ACTIVITY_SPIKE,870.5372000000001,1030.239,ACTIVITY_SPIKE: current activity 870.54 increased sharply from the previous hour 411.95.
5572,2013-11-03 06:00:00,ACTIVITY_DROP,451.8478,1030.239,ACTIVITY_DROP: current activity 451.85 is 0.44x the baseline 1030.24.
5572,2013-11-03 07:00:00,ACTIVITY_DROP,501.18929999999995,1030.239,ACTIVITY_DROP: current activity 501.19 is 0.49x the baseline 1030.24.
5572,2013-11-03 08:00:00,ACTIVITY_SPIKE,775.4797000000001,1030.239,ACTIVITY_SPIKE: current activity 775.48 increased sharply from the previous hour 501.19.
5572,2013-11-03 17:00:00,HIGH_ACTIVITY,1565.6853,1024.7654,HIGH_ACTIVITY: current activity 1565.69 is 1.53x the baseline 1024.77.
5643,2013-11-03 03:00:00,ACTIVITY_DROP,760.5453,1728.4947000000002,ACTIVITY_DROP: current activity 760.55 is 0.44x the baseline 1728.49.
5643,2013-11-03 04:00:00,ACTIVITY_DROP,716.7773,1728.4947000000002,ACTIVITY_DROP: current activity 716.78 is 0.41x the baseline 1728.49.
5643,2013-11-03 05:00:00,ACTIVITY_DROP,781.2891,1728.4947000000002,ACTIVITY_DROP: current activity 781.29 is 0.45x the baseline 1728.49.
5643,2013-11-03 07:00:00,ACTIVITY_DROP,833.3945000000001,1728.4947000000002,ACTIVITY_DROP: current activity 833.39 is 0.48x the baseline 1728.49.
5643,2013-11-03 08:00:00,ACTIVITY_SPIKE,1452.7528,1728.4947000000002,ACTIVITY_SPIKE: current activity 1452.75 increased sharply from the previous hour 833.39.
5644,2013-11-03 03:00:00,ACTIVITY_DROP,793.8527,1821.9655,ACTIVITY_DROP: current activity 793.85 is 0.44x the baseline 1821.97.
5644,2013-11-03 04:00:00,ACTIVITY_DROP,765.8559,1821.9655,ACTIVITY_DROP: current activity 765.86 is 0.42x the baseline 1821.97.
5644,2013-11-03 05:00:00,ACTIVITY_DROP,812.8799,1821.9655,ACTIVITY_DROP: current activity 812.88 is 0.45x the baseline 1821.97.
5644,2013-11-03 07:00:00,ACTIVITY_DROP,875.4626999999999,1821.9655,ACTIVITY_DROP: current activity 875.46 is 0.48x the baseline 1821.97.
5644,2013-11-03 08:00:00,ACTIVITY_SPIKE,1458.0738000000001,1821.9655,ACTIVITY_SPIKE: current activity 1458.07 increased sharply from the previous hour 875.46.
5645,2013-11-03 03:00:00,ACTIVITY_DROP,557.832,1312.3164,ACTIVITY_DROP: current activity 557.83 is 0.43x the baseline 1312.32.
5645,2013-11-03 04:00:00,ACTIVITY_DROP,537.8437,1312.3164,ACTIVITY_DROP: current activity 537.84 is 0.41x the baseline 1312.32.
5645,2013-11-03 05:00:00,ACTIVITY_DROP,548.3922,1312.3164,ACTIVITY_DROP: current activity 548.39 is 0.42x the baseline 1312.32.
5645,2013-11-03 06:00:00,ACTIVITY_DROP,631.943,1312.3164,ACTIVITY_DROP: current activity 631.94 is 0.48x the baseline 1312.32.
5646,2013-11-03 03:00:00,ACTIVITY_DROP,1020.6508,2302.873,ACTIVITY_DROP: current activity 1020.65 is 0.44x the baseline 2302.87.
5646,2013-11-03 04:00:00,ACTIVITY_DROP,920.7420999999999,2302.873,ACTIVITY_DROP: current activity 920.74 is 0.40x the baseline 2302.87.
5646,2013-11-03 05:00:00,ACTIVITY_DROP,890.8878,2302.873,ACTIVITY_DROP: current activity 890.89 is 0.39x the baseline 2302.87.
5646,2013-11-03 06:00:00,ACTIVITY_DROP,920.9349,2302.873,ACTIVITY_DROP: current activity 920.93 is 0.40x the baseline 2302.87.
5646,2013-11-03 08:00:00,ACTIVITY_SPIKE,2006.8339,2302.873,ACTIVITY_SPIKE: current activity 2006.83 increased sharply from the previous hour 1174.63.
5647,2013-11-03 03:00:00,ACTIVITY_DROP,796.9653999999999,1948.1028000000001,ACTIVITY_DROP: current activity 796.97 is 0.41x the baseline 1948.10.
5647,2013-11-03 04:00:00,ACTIVITY_DROP,805.1442999999999,1948.1028000000001,ACTIVITY_DROP: current activity 805.14 is 0.41x the baseline 1948.10.
5647,2013-11-03 05:00:00,ACTIVITY_DROP,767.4965000000001,1948.1028000000001,ACTIVITY_DROP: current activity 767.50 is 0.39x the baseline 1948.10.
5647,2013-11-03 06:00:00,ACTIVITY_DROP,759.384,1948.1028000000001,ACTIVITY_DROP: current activity 759.38 is 0.39x the baseline 1948.10.
5647,2013-11-03 07:00:00,ACTIVITY_DROP,934.8515,1948.1028000000001,ACTIVITY_DROP: current activity 934.85 is 0.48x the baseline 1948.10.
5647,2013-11-03 17:00:00,HIGH_ACTIVITY,3369.4423,1929.4939000000002,HIGH_ACTIVITY: current activity 3369.44 is 1.75x the baseline 1929.49.
5651,2013-11-03 03:00:00,ACTIVITY_DROP,638.3721,1286.4952,ACTIVITY_DROP: current activity 638.37 is 0.50x the baseline 1286.50.
5651,2013-11-03 04:00:00,ACTIVITY_DROP,638.8605,1286.4952,ACTIVITY_DROP: current activity 638.86 is 0.50x the baseline 1286.50.
5651,2013-11-03 06:00:00,ACTIVITY_DROP,612.0244,1286.4952,ACTIVITY_DROP: current activity 612.02 is 0.48x the baseline 1286.50.
5652,2013-11-03 04:00:00,ACTIVITY_DROP,940.4243,1882.3969,ACTIVITY_DROP: current activity 940.42 is 0.50x the baseline 1882.40.
5652,2013-11-03 05:00:00,ACTIVITY_DROP,934.9916000000001,1882.3969,ACTIVITY_DROP: current activity 934.99 is 0.50x the baseline 1882.40.
5653,2013-11-03 00:00:00,HIGH_ACTIVITY,6395.6747,2443.2873999999997,HIGH_ACTIVITY: current activity 6395.67 is 2.62x the baseline 2443.29.
5653,2013-11-03 01:00:00,HIGH_ACTIVITY,4913.9743,2443.2873999999997,HIGH_ACTIVITY: current activity 4913.97 is 2.01x the baseline 2443.29.
5653,2013-11-03 05:00:00,ACTIVITY_DROP,1193.6607,2505.4647000000004,ACTIVITY_DROP: current activity 1193.66 is 0.48x the baseline 2505.46.
5653,2013-11-03 06:00:00,ACTIVITY_DROP,1248.7928,2505.4647000000004,ACTIVITY_DROP: current activity 1248.79 is 0.50x the baseline 2505.46.
5653,2013-11-03 18:00:00,HIGH_ACTIVITY,3799.6948,2443.2873999999997,HIGH_ACTIVITY: current activity 3799.69 is 1.56x the baseline 2443.29.
5653,2013-11-03 21:00:00,HIGH_ACTIVITY,3778.0541000000003,2443.2873999999997,HIGH_ACTIVITY: current activity 3778.05 is 1.55x the baseline 2443.29.
5654,2013-11-03 00:00:00,HIGH_ACTIVITY,3231.3337,1761.0894000000003,HIGH_ACTIVITY: current activity 3231.33 is 1.83x the baseline 1761.09.
5654,2013-11-03 04:00:00,ACTIVITY_DROP,754.9756,1826.9063,ACTIVITY_DROP: current activity 754.98 is 0.41x the baseline 1826.91.
5654,2013-11-03 05:00:00,ACTIVITY_DROP,619.5296000000001,1826.9063,ACTIVITY_DROP: current activity 619.53 is 0.34x the baseline 1826.91.
5654,2013-11-03 06:00:00,ACTIVITY_DROP,574.7019,1826.9063,ACTIVITY_DROP: current activity 574.70 is 0.31x the baseline 1826.91.
5654,2013-11-03 07:00:00,ACTIVITY_DROP,688.2724,1826.9063,ACTIVITY_DROP: current activity 688.27 is 0.38x the baseline 1826.91.
5654,2013-11-03 08:00:00,ACTIVITY_DROP,682.4714999999999,1826.9063,ACTIVITY_DROP: current activity 682.47 is 0.37x the baseline 1826.91.
5655,2013-11-03 00:00:00,HIGH_ACTIVITY,2807.6209,1696.9326999999998,HIGH_ACTIVITY: current activity 2807.62 is 1.65x the baseline 1696.93.
5655,2013-11-03 04:00:00,ACTIVITY_DROP,733.1953000000001,1703.9103,ACTIVITY_DROP: current activity 733.20 is 0.43x the baseline 1703.91.
5655,2013-11-03 05:00:00,ACTIVITY_DROP,595.7232,1703.9103,ACTIVITY_DROP: current activity 595.72 is 0.35x the baseline 1703.91.
5655,2013-11-03 06:00:00,ACTIVITY_DROP,544.7582,1703.9103,ACTIVITY_DROP: current activity 544.76 is 0.32x the baseline 1703.91.
5655,2013-11-03 07:00:00,ACTIVITY_DROP,667.9135000000001,1703.9103,ACTIVITY_DROP: current activity 667.91 is 0.39x the baseline 1703.91.
5655,2013-11-03 08:00:00,ACTIVITY_DROP,641.7979999999999,1703.9103,ACTIVITY_DROP: current activity 641.80 is 0.38x the baseline 1703.91.
5655,2013-11-03 16:00:00,HIGH_ACTIVITY,2645.6544,1696.9326999999998,HIGH_ACTIVITY: current activity 2645.65 is 1.56x the baseline 1696.93.
5656,2013-11-03 03:00:00,ACTIVITY_DROP,875.6823999999999,1981.8275999999998,ACTIVITY_DROP: current activity 875.68 is 0.44x the baseline 1981.83.
5656,2013-11-03 04:00:00,ACTIVITY_DROP,736.5779000000001,1981.8275999999998,ACTIVITY_DROP: current activity 736.58 is 0.37x the baseline 1981.83.
5656,2013-11-03 05:00:00,ACTIVITY_DROP,634.7788999999999,1981.8275999999998,ACTIVITY_DROP: current activity 634.78 is 0.32x the baseline 1981.83.
5656,2013-11-03 06:00:00,ACTIVITY_DROP,625.6919999999999,1981.8275999999998,ACTIVITY_DROP: current activity 625.69 is 0.32x the baseline 1981.83.
5656,2013-11-03 07:00:00,ACTIVITY_DROP,724.9522,1981.8275999999998,ACTIVITY_DROP: current activity 724.95 is 0.37x the baseline 1981.83.
5656,2013-11-03 08:00:00,ACTIVITY_DROP,812.6111,1981.8275999999998,ACTIVITY_DROP: current activity 812.61 is 0.41x the baseline 1981.83.
5657,2013-11-03 03:00:00,ACTIVITY_DROP,750.2537,1736.9754000000003,ACTIVITY_DROP: current activity 750.25 is 0.43x the baseline 1736.98.
5657,2013-11-03 04:00:00,ACTIVITY_DROP,684.4122,1736.9754000000003,ACTIVITY_DROP: current activity 684.41 is 0.39x the baseline 1736.98.
5657,2013-11-03 05:00:00,ACTIVITY_DROP,708.2882999999999,1736.9754000000003,ACTIVITY_DROP: current activity 708.29 is 0.41x the baseline 1736.98.
5657,2013-11-03 06:00:00,ACTIVITY_DROP,601.301,1736.9754000000003,ACTIVITY_DROP: current activity 601.30 is 0.35x the baseline 1736.98.
5657,2013-11-03 07:00:00,ACTIVITY_DROP,671.0818000000002,1736.9754000000003,ACTIVITY_DROP: current activity 671.08 is 0.39x the baseline 1736.98.
5657,2013-11-03 09:00:00,ACTIVITY_SPIKE,1448.7807,1736.9754000000003,ACTIVITY_SPIKE: current activity 1448.78 increased sharply from the previous hour 939.50.
5658,2013-11-03 05:00:00,ACTIVITY_DROP,1470.7392,3879.4394,ACTIVITY_DROP: current activity 1470.74 is 0.38x the baseline 3879.44.
5658,2013-11-03 06:00:00,ACTIVITY_DROP,1274.7333,3879.4394,ACTIVITY_DROP: current activity 1274.73 is 0.33x the baseline 3879.44.
5658,2013-11-03 07:00:00,ACTIVITY_DROP,1572.7595000000001,3879.4394,ACTIVITY_DROP: current activity 1572.76 is 0.41x the baseline 3879.44.
5659,2013-11-03 00:00:00,HIGH_ACTIVITY,5353.9722,3510.4851,HIGH_ACTIVITY: current activity 5353.97 is 1.53x the baseline 3510.49.
5659,2013-11-03 03:00:00,ACTIVITY_DROP,1497.1702999999998,3529.7642,ACTIVITY_DROP: current activity 1497.17 is 0.42x the baseline 3529.76.
5659,2013-11-03 04:00:00,ACTIVITY_DROP,1420.0948,3529.7642,ACTIVITY_DROP: current activity 1420.09 is 0.40x the baseline 3529.76.
5659,2013-11-03 05:00:00,ACTIVITY_DROP,1300.4591999999998,3529.7642,ACTIVITY_DROP: current activity 1300.46 is 0.37x the baseline 3529.76.
5659,2013-11-03 06:00:00,ACTIVITY_DROP,1339.1861,3529.7642,ACTIVITY_DROP: current activity 1339.19 is 0.38x the baseline 3529.76.
5659,2013-11-03 07:00:00,ACTIVITY_DROP,1675.5651000000003,3529.7642,ACTIVITY_DROP: current activity 1675.57 is 0.47x the baseline 3529.76.
5659,2013-11-03 19:00:00,HIGH_ACTIVITY,5437.5676,3510.4851,HIGH_ACTIVITY: current activity 5437.57 is 1.55x the baseline 3510.49.
5660,2013-11-03 03:00:00,ACTIVITY_DROP,1114.3298,2255.6762,ACTIVITY_DROP: current activity 1114.33 is 0.49x the baseline 2255.68.
5660,2013-11-03 04:00:00,ACTIVITY_DROP,971.5893,2255.6762,ACTIVITY_DROP: current activity 971.59 is 0.43x the baseline 2255.68.
5660,2013-11-03 05:00:00,ACTIVITY_DROP,965.2485,2255.6762,ACTIVITY_DROP: current activity 965.25 is 0.43x the baseline 2255.68.
5660,2013-11-03 06:00:00,ACTIVITY_DROP,936.3406,2255.6762,ACTIVITY_DROP: current activity 936.34 is 0.42x the baseline 2255.68.
5660,2013-11-03 23:00:00,HIGH_ACTIVITY,3357.5852999999997,2217.5242,HIGH_ACTIVITY: current activity 3357.59 is 1.51x the baseline 2217.52.
5661,2013-11-03 04:00:00,ACTIVITY_DROP,1131.0561999999998,2440.5004,ACTIVITY_DROP: current activity 1131.06 is 0.46x the baseline 2440.50.
5661,2013-11-03 05:00:00,ACTIVITY_DROP,1033.4963,2440.5004,ACTIVITY_DROP: current activity 1033.50 is 0.42x the baseline 2440.50.
5661,2013-11-03 06:00:00,ACTIVITY_DROP,940.1957,2440.5004,ACTIVITY_DROP: current activity 940.20 is 0.39x the baseline 2440.50.
5661,2013-11-03 07:00:00,ACTIVITY_DROP,985.1665999999999,2440.5004,ACTIVITY_DROP: current activity 985.17 is 0.40x the baseline 2440.50.
5661,2013-11-03 08:00:00,ACTIVITY_DROP,1218.0952,2440.5004,ACTIVITY_DROP: current activity 1218.10 is 0.50x the baseline 2440.50.
5662,2013-11-03 05:00:00,ACTIVITY_DROP,1068.1459,2280.4112999999998,ACTIVITY_DROP: current activity 1068.15 is 0.47x the baseline 2280.41.
5662,2013-11-03 06:00:00,ACTIVITY_DROP,889.1289999999999,2280.4112999999998,ACTIVITY_DROP: current activity 889.13 is 0.39x the baseline 2280.41.
5662,2013-11-03 07:00:00,ACTIVITY_DROP,874.9188999999999,2280.4112999999998,ACTIVITY_DROP: current activity 874.92 is 0.38x the baseline 2280.41.
5662,2013-11-03 08:00:00,ACTIVITY_DROP,1097.1586,2280.4112999999998,ACTIVITY_DROP: current activity 1097.16 is 0.48x the baseline 2280.41.
5662,2013-11-03 16:00:00,HIGH_ACTIVITY,3512.3716,2194.1683000000003,HIGH_ACTIVITY: current activity 3512.37 is 1.60x the baseline 2194.17.
5665,2013-11-03 01:00:00,ACTIVITY_DROP,491.15070000000003,1075.6924000000001,ACTIVITY_DROP: current activity 491.15 is 0.46x the baseline 1075.69.
5665,2013-11-03 02:00:00,ACTIVITY_DROP,418.3501,1075.6924000000001,ACTIVITY_DROP: current activity 418.35 is 0.39x the baseline 1075.69.
5665,2013-11-03 03:00:00,ACTIVITY_DROP,359.90059999999994,1075.6924000000001,ACTIVITY_DROP: current activity 359.90 is 0.33x the baseline 1075.69.
5665,2013-11-03 04:00:00,ACTIVITY_DROP,348.5294,1075.6924000000001,ACTIVITY_DROP: current activity 348.53 is 0.32x the baseline 1075.69.
5665,2013-11-03 05:00:00,ACTIVITY_DROP,366.405,1075.6924000000001,ACTIVITY_DROP: current activity 366.40 is 0.34x the baseline 1075.69.
5665,2013-11-03 06:00:00,ACTIVITY_DROP,360.80199999999996,1075.6924000000001,ACTIVITY_DROP: current activity 360.80 is 0.34x the baseline 1075.69.
5665,2013-11-03 07:00:00,ACTIVITY_DROP,375.6906,1075.6924000000001,ACTIVITY_DROP: current activity 375.69 is 0.35x the baseline 1075.69.
5665,2013-11-03 08:00:00,ACTIVITY_DROP,487.51899999999995,1075.6924000000001,ACTIVITY_DROP: current activity 487.52 is 0.45x the baseline 1075.69.
5665,2013-11-03 09:00:00,ACTIVITY_SPIKE,780.7755000000001,1075.6924000000001,ACTIVITY_SPIKE: current activity 780.78 increased sharply from the previous hour 487.52.
5665,2013-11-03 12:00:00,HIGH_ACTIVITY,1442.651,935.4159,HIGH_ACTIVITY: current activity 1442.65 is 1.54x the baseline 935.42.
5665,2013-11-03 13:00:00,HIGH_ACTIVITY,1423.7271999999998,935.4159,HIGH_ACTIVITY: current activity 1423.73 is 1.52x the baseline 935.42.
5665,2013-11-03 14:00:00,HIGH_ACTIVITY,1428.7887999999998,935.4159,HIGH_ACTIVITY: current activity 1428.79 is 1.53x the baseline 935.42.
5665,2013-11-03 15:00:00,HIGH_ACTIVITY,1549.7735,935.4159,HIGH_ACTIVITY: current activity 1549.77 is 1.66x the baseline 935.42.
5665,2013-11-03 16:00:00,HIGH_ACTIVITY,1808.5809,935.4159,HIGH_ACTIVITY: current activity 1808.58 is 1.93x the baseline 935.42.
5665,2013-11-03 17:00:00,HIGH_ACTIVITY,1644.4615000000001,935.4159,HIGH_ACTIVITY: current activity 1644.46 is 1.76x the baseline 935.42.
5665,2013-11-03 19:00:00,HIGH_ACTIVITY,1424.8074000000001,935.4159,HIGH_ACTIVITY: current activity 1424.81 is 1.52x the baseline 935.42.
5666,2013-11-03 03:00:00,ACTIVITY_DROP,526.9481,1323.8739000000003,ACTIVITY_DROP: current activity 526.95 is 0.40x the baseline 1323.87.
5666,2013-11-03 04:00:00,ACTIVITY_DROP,479.8785,1323.8739000000003,ACTIVITY_DROP: current activity 479.88 is 0.36x the baseline 1323.87.
5666,2013-11-03 05:00:00,ACTIVITY_DROP,474.6934,1323.8739000000003,ACTIVITY_DROP: current activity 474.69 is 0.36x the baseline 1323.87.
5666,2013-11-03 06:00:00,ACTIVITY_DROP,489.1578,1323.8739000000003,ACTIVITY_DROP: current activity 489.16 is 0.37x the baseline 1323.87.
5666,2013-11-03 07:00:00,ACTIVITY_DROP,494.41799999999995,1323.8739000000003,ACTIVITY_DROP: current activity 494.42 is 0.37x the baseline 1323.87.
5666,2013-11-03 08:00:00,ACTIVITY_SPIKE,759.5365999999999,1323.8739000000003,ACTIVITY_SPIKE: current activity 759.54 increased sharply from the previous hour 494.42.
5667,2013-11-03 03:00:00,ACTIVITY_DROP,1588.9646999999998,3230.2456,ACTIVITY_DROP: current activity 1588.96 is 0.49x the baseline 3230.25.
5667,2013-11-03 04:00:00,ACTIVITY_DROP,1428.441,3230.2456,ACTIVITY_DROP: current activity 1428.44 is 0.44x the baseline 3230.25.
5667,2013-11-03 05:00:00,ACTIVITY_DROP,1277.2220999999997,3230.2456,ACTIVITY_DROP: current activity 1277.22 is 0.40x the baseline 3230.25.
5667,2013-11-03 06:00:00,ACTIVITY_DROP,1100.5154,3230.2456,ACTIVITY_DROP: current activity 1100.52 is 0.34x the baseline 3230.25.
5667,2013-11-03 07:00:00,ACTIVITY_DROP,1193.3759,3230.2456,ACTIVITY_DROP: current activity 1193.38 is 0.37x the baseline 3230.25.
5667,2013-11-03 08:00:00,ACTIVITY_DROP,1585.1197,3230.2456,ACTIVITY_DROP: current activity 1585.12 is 0.49x the baseline 3230.25.
5668,2013-11-03 04:00:00,ACTIVITY_DROP,1145.6101999999998,2422.9703,ACTIVITY_DROP: current activity 1145.61 is 0.47x the baseline 2422.97.
5668,2013-11-03 05:00:00,ACTIVITY_DROP,1058.5564,2422.9703,ACTIVITY_DROP: current activity 1058.56 is 0.44x the baseline 2422.97.
5668,2013-11-03 06:00:00,ACTIVITY_DROP,1099.8571999999997,2422.9703,ACTIVITY_DROP: current activity 1099.86 is 0.45x the baseline 2422.97.
5668,2013-11-03 07:00:00,ACTIVITY_DROP,1116.7228000000002,2422.9703,ACTIVITY_DROP: current activity 1116.72 is 0.46x the baseline 2422.97.
5668,2013-11-03 21:00:00,HIGH_ACTIVITY,3779.5902,2368.5424,HIGH_ACTIVITY: current activity 3779.59 is 1.60x the baseline 2368.54.
5669,2013-11-03 03:00:00,ACTIVITY_DROP,1113.5381,2733.9312999999997,ACTIVITY_DROP: current activity 1113.54 is 0.41x the baseline 2733.93.
5669,2013-11-03 04:00:00,ACTIVITY_DROP,979.3072999999999,2733.9312999999997,ACTIVITY_DROP: current activity 979.31 is 0.36x the baseline 2733.93.
5669,2013-11-03 05:00:00,ACTIVITY_DROP,1338.3421999999998,2733.9312999999997,ACTIVITY_DROP: current activity 1338.34 is 0.49x the baseline 2733.93.
5669,2013-11-03 06:00:00,ACTIVITY_DROP,1043.9204,2733.9312999999997,ACTIVITY_DROP: current activity 1043.92 is 0.38x the baseline 2733.93.
5669,2013-11-03 07:00:00,ACTIVITY_DROP,1206.2165,2733.9312999999997,ACTIVITY_DROP: current activity 1206.22 is 0.44x the baseline 2733.93.
5670,2013-11-03 03:00:00,ACTIVITY_DROP,1293.7251,2600.9768,ACTIVITY_DROP: current activity 1293.73 is 0.50x the baseline 2600.98.
5670,2013-11-03 05:00:00,ACTIVITY_DROP,1140.8498000000002,2600.9768,ACTIVITY_DROP: current activity 1140.85 is 0.44x the baseline 2600.98.
5670,2013-11-03 06:00:00,ACTIVITY_DROP,1122.5796,2600.9768,ACTIVITY_DROP: current activity 1122.58 is 0.43x the baseline 2600.98.
5670,2013-11-03 07:00:00,ACTIVITY_DROP,1257.5581000000002,2600.9768,ACTIVITY_DROP: current activity 1257.56 is 0.48x the baseline 2600.98.
5670,2013-11-03 19:00:00,HIGH_ACTIVITY,3926.9273,2600.6423999999997,HIGH_ACTIVITY: current activity 3926.93 is 1.51x the baseline 2600.64.
5670,2013-11-03 20:00:00,HIGH_ACTIVITY,4220.9496,2600.6423999999997,HIGH_ACTIVITY: current activity 4220.95 is 1.62x the baseline 2600.64.
5670,2013-11-03 22:00:00,HIGH_ACTIVITY,3904.2654,2600.6423999999997,HIGH_ACTIVITY: current activity 3904.27 is 1.50x the baseline 2600.64.
5671,2013-11-03 03:00:00,ACTIVITY_DROP,790.1616999999999,1779.9843,ACTIVITY_DROP: current activity 790.16 is 0.44x the baseline 1779.98.
5671,2013-11-03 04:00:00,ACTIVITY_SPIKE,1282.5094000000001,1779.9843,ACTIVITY_SPIKE: current activity 1282.51 increased sharply from the previous hour 790.16.
5671,2013-11-03 05:00:00,ACTIVITY_DROP,823.5362,1779.9843,ACTIVITY_DROP: current activity 823.54 is 0.46x the baseline 1779.98.
5671,2013-11-03 06:00:00,ACTIVITY_DROP,724.2817000000001,1779.9843,ACTIVITY_DROP: current activity 724.28 is 0.41x the baseline 1779.98.
5671,2013-11-03 07:00:00,ACTIVITY_DROP,816.0025999999999,1779.9843,ACTIVITY_DROP: current activity 816.00 is 0.46x the baseline 1779.98.
5672,2013-11-03 02:00:00,ACTIVITY_DROP,452.55199999999996,1057.5193,ACTIVITY_DROP: current activity 452.55 is 0.43x the baseline 1057.52.
5672,2013-11-03 03:00:00,ACTIVITY_DROP,390.61719999999997,1057.5193,ACTIVITY_DROP: current activity 390.62 is 0.37x the baseline 1057.52.
5672,2013-11-03 04:00:00,ACTIVITY_SPIKE,1071.0729999999999,1023.4738,ACTIVITY_SPIKE: current activity 1071.07 increased sharply from the previous hour 390.62.
5672,2013-11-03 06:00:00,ACTIVITY_DROP,449.2664,1057.5193,ACTIVITY_DROP: current activity 449.27 is 0.42x the baseline 1057.52.
5672,2013-11-03 07:00:00,ACTIVITY_DROP,525.9357,1057.5193,ACTIVITY_DROP: current activity 525.94 is 0.50x the baseline 1057.52.
5672,2013-11-03 08:00:00,ACTIVITY_SPIKE,1002.3761,1057.5193,ACTIVITY_SPIKE: current activity 1002.38 increased sharply from the previous hour 525.94.
5672,2013-11-03 17:00:00,HIGH_ACTIVITY,1814.0596,1023.4738,HIGH_ACTIVITY: current activity 1814.06 is 1.77x the baseline 1023.47.
5743,2013-11-03 03:00:00,ACTIVITY_DROP,614.4363999999999,1353.3227000000002,ACTIVITY_DROP: current activity 614.44 is 0.45x the baseline 1353.32.
5743,2013-11-03 04:00:00,ACTIVITY_DROP,588.0429999999999,1353.3227000000002,ACTIVITY_DROP: current activity 588.04 is 0.43x the baseline 1353.32.
5743,2013-11-03 05:00:00,ACTIVITY_DROP,635.6123,1353.3227000000002,ACTIVITY_DROP: current activity 635.61 is 0.47x the baseline 1353.32.
5745,2013-11-03 04:00:00,ACTIVITY_DROP,696.1324999999999,1427.0876000000003,ACTIVITY_DROP: current activity 696.13 is 0.49x the baseline 1427.09.
5746,2013-11-03 03:00:00,ACTIVITY_DROP,649.3175,1372.6632,ACTIVITY_DROP: current activity 649.32 is 0.47x the baseline 1372.66.
5746,2013-11-03 04:00:00,ACTIVITY_DROP,579.0310999999999,1372.6632,ACTIVITY_DROP: current activity 579.03 is 0.42x the baseline 1372.66.
5746,2013-11-03 05:00:00,ACTIVITY_DROP,553.2896000000001,1372.6632,ACTIVITY_DROP: current activity 553.29 is 0.40x the baseline 1372.66.
5746,2013-11-03 06:00:00,ACTIVITY_DROP,548.9407,1372.6632,ACTIVITY_DROP: current activity 548.94 is 0.40x the baseline 1372.66.
5746,2013-11-03 08:00:00,ACTIVITY_SPIKE,1130.1426999999999,1372.6632,ACTIVITY_SPIKE: current activity 1130.14 increased sharply from the previous hour 736.82.
5750,2013-11-03 08:00:00,ACTIVITY_SPIKE,978.5302,1088.4805999999999,ACTIVITY_SPIKE: current activity 978.53 increased sharply from the previous hour 649.62.
5750,2013-11-03 20:00:00,HIGH_ACTIVITY,1744.3425,1072.9397999999999,HIGH_ACTIVITY: current activity 1744.34 is 1.63x the baseline 1072.94.
5750,2013-11-03 21:00:00,HIGH_ACTIVITY,1619.8592999999998,1072.9397999999999,HIGH_ACTIVITY: current activity 1619.86 is 1.51x the baseline 1072.94.
5750,2013-11-03 22:00:00,HIGH_ACTIVITY,1807.5628000000002,1072.9397999999999,HIGH_ACTIVITY: current activity 1807.56 is 1.68x the baseline 1072.94.
5750,2013-11-03 23:00:00,HIGH_ACTIVITY,1858.4227,1072.9397999999999,HIGH_ACTIVITY: current activity 1858.42 is 1.73x the baseline 1072.94.
5751,2013-11-03 02:00:00,ACTIVITY_DROP,751.9082000000001,1551.8691000000001,ACTIVITY_DROP: current activity 751.91 is 0.48x the baseline 1551.87.
5751,2013-11-03 03:00:00,ACTIVITY_DROP,641.7382,1551.8691000000001,ACTIVITY_DROP: current activity 641.74 is 0.41x the baseline 1551.87.
5751,2013-11-03 04:00:00,ACTIVITY_DROP,612.8741,1551.8691000000001,ACTIVITY_DROP: current activity 612.87 is 0.39x the baseline 1551.87.
5751,2013-11-03 05:00:00,ACTIVITY_DROP,642.9805,1551.8691000000001,ACTIVITY_DROP: current activity 642.98 is 0.41x the baseline 1551.87.
5751,2013-11-03 06:00:00,ACTIVITY_DROP,672.9973,1551.8691000000001,ACTIVITY_DROP: current activity 673.00 is 0.43x the baseline 1551.87.
5751,2013-11-03 08:00:00,ACTIVITY_SPIKE,1247.6743999999999,1551.8691000000001,ACTIVITY_SPIKE: current activity 1247.67 increased sharply from the previous hour 799.56.
5752,2013-11-03 02:00:00,ACTIVITY_DROP,1134.7312,2520.4493,ACTIVITY_DROP: current activity 1134.73 is 0.45x the baseline 2520.45.
5752,2013-11-03 03:00:00,ACTIVITY_DROP,950.9499999999999,2520.4493,ACTIVITY_DROP: current activity 950.95 is 0.38x the baseline 2520.45.
5752,2013-11-03 04:00:00,ACTIVITY_DROP,879.7480999999999,2520.4493,ACTIVITY_DROP: current activity 879.75 is 0.35x the baseline 2520.45.
5752,2013-11-03 05:00:00,ACTIVITY_DROP,932.2776,2520.4493,ACTIVITY_DROP: current activity 932.28 is 0.37x the baseline 2520.45.
5752,2013-11-03 06:00:00,ACTIVITY_DROP,973.7853,2520.4493,ACTIVITY_DROP: current activity 973.79 is 0.39x the baseline 2520.45.
5752,2013-11-03 07:00:00,ACTIVITY_DROP,1137.6453000000001,2520.4493,ACTIVITY_DROP: current activity 1137.65 is 0.45x the baseline 2520.45.
5752,2013-11-03 16:00:00,HIGH_ACTIVITY,3651.6925,2423.5465,HIGH_ACTIVITY: current activity 3651.69 is 1.51x the baseline 2423.55.
5753,2013-11-03 04:00:00,ACTIVITY_DROP,1259.9724999999999,2735.5708,ACTIVITY_DROP: current activity 1259.97 is 0.46x the baseline 2735.57.
5753,2013-11-03 05:00:00,ACTIVITY_DROP,1181.029,2735.5708,ACTIVITY_DROP: current activity 1181.03 is 0.43x the baseline 2735.57.
5753,2013-11-03 06:00:00,ACTIVITY_DROP,1200.2071,2735.5708,ACTIVITY_DROP: current activity 1200.21 is 0.44x the baseline 2735.57.
5753,2013-11-03 07:00:00,ACTIVITY_DROP,1334.164,2735.5708,ACTIVITY_DROP: current activity 1334.16 is 0.49x the baseline 2735.57.
5754,2013-11-03 04:00:00,ACTIVITY_DROP,1146.5208000000002,2728.3005,ACTIVITY_DROP: current activity 1146.52 is 0.42x the baseline 2728.30.
5754,2013-11-03 05:00:00,ACTIVITY_DROP,1043.4062000000001,2728.3005,ACTIVITY_DROP: current activity 1043.41 is 0.38x the baseline 2728.30.
5754,2013-11-03 06:00:00,ACTIVITY_DROP,1129.2454999999998,2728.3005,ACTIVITY_DROP: current activity 1129.25 is 0.41x the baseline 2728.30.
5754,2013-11-03 07:00:00,ACTIVITY_DROP,1355.6682999999998,2728.3005,ACTIVITY_DROP: current activity 1355.67 is 0.50x the baseline 2728.30.
5755,2013-11-03 03:00:00,ACTIVITY_DROP,1187.627,2446.6383,ACTIVITY_DROP: current activity 1187.63 is 0.49x the baseline 2446.64.
5755,2013-11-03 04:00:00,ACTIVITY_DROP,998.0157999999999,2446.6383,ACTIVITY_DROP: current activity 998.02 is 0.41x the baseline 2446.64.
5755,2013-11-03 05:00:00,ACTIVITY_DROP,953.1473,2446.6383,ACTIVITY_DROP: current activity 953.15 is 0.39x the baseline 2446.64.
5755,2013-11-03 06:00:00,ACTIVITY_DROP,1048.325,2446.6383,ACTIVITY_DROP: current activity 1048.33 is 0.43x the baseline 2446.64.
5755,2013-11-03 07:00:00,ACTIVITY_SPIKE,2095.4343999999996,2446.6383,ACTIVITY_SPIKE: current activity 2095.43 increased sharply from the previous hour 1048.33.
5755,2013-11-03 09:00:00,ACTIVITY_SPIKE,1973.306,2446.6383,ACTIVITY_SPIKE: current activity 1973.31 increased sharply from the previous hour 1296.90.
5756,2013-11-03 03:00:00,ACTIVITY_DROP,902.6310999999998,2210.6331999999998,ACTIVITY_DROP: current activity 902.63 is 0.41x the baseline 2210.63.
5756,2013-11-03 04:00:00,ACTIVITY_DROP,705.9307,2210.6331999999998,ACTIVITY_DROP: current activity 705.93 is 0.32x the baseline 2210.63.
5756,2013-11-03 05:00:00,ACTIVITY_DROP,679.6281,2210.6331999999998,ACTIVITY_DROP: current activity 679.63 is 0.31x the baseline 2210.63.
5756,2013-11-03 06:00:00,ACTIVITY_DROP,771.2586,2210.6331999999998,ACTIVITY_DROP: current activity 771.26 is 0.35x the baseline 2210.63.
5756,2013-11-03 07:00:00,ACTIVITY_DROP,838.4825,2210.6331999999998,ACTIVITY_DROP: current activity 838.48 is 0.38x the baseline 2210.63.
5756,2013-11-03 08:00:00,ACTIVITY_DROP,973.8618999999999,2210.6331999999998,ACTIVITY_DROP: current activity 973.86 is 0.44x the baseline 2210.63.
5756,2013-11-03 09:00:00,ACTIVITY_SPIKE,1756.1274000000003,2210.6331999999998,ACTIVITY_SPIKE: current activity 1756.13 increased sharply from the previous hour 973.86.
5757,2013-11-03 03:00:00,ACTIVITY_DROP,1178.5981,3064.6155,ACTIVITY_DROP: current activity 1178.60 is 0.38x the baseline 3064.62.
5757,2013-11-03 04:00:00,ACTIVITY_DROP,1009.8543,3064.6155,ACTIVITY_DROP: current activity 1009.85 is 0.33x the baseline 3064.62.
5757,2013-11-03 05:00:00,ACTIVITY_DROP,1161.1716999999999,3064.6155,ACTIVITY_DROP: current activity 1161.17 is 0.38x the baseline 3064.62.
5757,2013-11-03 06:00:00,ACTIVITY_DROP,1109.0838,3064.6155,ACTIVITY_DROP: current activity 1109.08 is 0.36x the baseline 3064.62.
5757,2013-11-03 07:00:00,ACTIVITY_DROP,1076.6487000000002,3064.6155,ACTIVITY_DROP: current activity 1076.65 is 0.35x the baseline 3064.62.
5758,2013-11-03 00:00:00,HIGH_ACTIVITY,8465.8996,5004.5335,HIGH_ACTIVITY: current activity 8465.90 is 1.69x the baseline 5004.53.
5758,2013-11-03 01:00:00,HIGH_ACTIVITY,7654.650900000001,5004.5335,HIGH_ACTIVITY: current activity 7654.65 is 1.53x the baseline 5004.53.
5758,2013-11-03 05:00:00,ACTIVITY_DROP,2020.8253,5050.3328,ACTIVITY_DROP: current activity 2020.83 is 0.40x the baseline 5050.33.
5758,2013-11-03 06:00:00,ACTIVITY_DROP,1776.7196000000001,5050.3328,ACTIVITY_DROP: current activity 1776.72 is 0.35x the baseline 5050.33.
5758,2013-11-03 07:00:00,ACTIVITY_DROP,1995.1957,5050.3328,ACTIVITY_DROP: current activity 1995.20 is 0.40x the baseline 5050.33.
5759,2013-11-03 00:00:00,HIGH_ACTIVITY,4724.772,2987.4443,HIGH_ACTIVITY: current activity 4724.77 is 1.58x the baseline 2987.44.
5759,2013-11-03 03:00:00,ACTIVITY_DROP,1341.7572,3108.1670999999997,ACTIVITY_DROP: current activity 1341.76 is 0.43x the baseline 3108.17.
5759,2013-11-03 04:00:00,ACTIVITY_DROP,1304.9659,3108.1670999999997,ACTIVITY_DROP: current activity 1304.97 is 0.42x the baseline 3108.17.
5759,2013-11-03 05:00:00,ACTIVITY_DROP,1138.8441,3108.1670999999997,ACTIVITY_DROP: current activity 1138.84 is 0.37x the baseline 3108.17.
5759,2013-11-03 06:00:00,ACTIVITY_DROP,1159.7350999999999,3108.1670999999997,ACTIVITY_DROP: current activity 1159.74 is 0.37x the baseline 3108.17.
5759,2013-11-03 07:00:00,ACTIVITY_DROP,1373.3337999999999,3108.1670999999997,ACTIVITY_DROP: current activity 1373.33 is 0.44x the baseline 3108.17.
5759,2013-11-03 17:00:00,HIGH_ACTIVITY,4487.2656,2987.4443,HIGH_ACTIVITY: current activity 4487.27 is 1.50x the baseline 2987.44.
5759,2013-11-03 20:00:00,HIGH_ACTIVITY,4485.7302,2987.4443,HIGH_ACTIVITY: current activity 4485.73 is 1.50x the baseline 2987.44.
5760,2013-11-03 03:00:00,ACTIVITY_DROP,1187.5559,2609.9685,ACTIVITY_DROP: current activity 1187.56 is 0.46x the baseline 2609.97.
5760,2013-11-03 04:00:00,ACTIVITY_DROP,1104.4017,2609.9685,ACTIVITY_DROP: current activity 1104.40 is 0.42x the baseline 2609.97.
5760,2013-11-03 05:00:00,ACTIVITY_DROP,1125.9048,2609.9685,ACTIVITY_DROP: current activity 1125.90 is 0.43x the baseline 2609.97.
5760,2013-11-03 06:00:00,ACTIVITY_DROP,1065.0592,2609.9685,ACTIVITY_DROP: current activity 1065.06 is 0.41x the baseline 2609.97.
5760,2013-11-03 07:00:00,ACTIVITY_DROP,1123.6888,2609.9685,ACTIVITY_DROP: current activity 1123.69 is 0.43x the baseline 2609.97.
5761,2013-11-03 05:00:00,ACTIVITY_DROP,1183.3515,2517.5852,ACTIVITY_DROP: current activity 1183.35 is 0.47x the baseline 2517.59.
5761,2013-11-03 06:00:00,ACTIVITY_DROP,1105.0271,2517.5852,ACTIVITY_DROP: current activity 1105.03 is 0.44x the baseline 2517.59.
5761,2013-11-03 07:00:00,ACTIVITY_DROP,1125.6779000000001,2517.5852,ACTIVITY_DROP: current activity 1125.68 is 0.45x the baseline 2517.59.
5762,2013-11-03 05:00:00,ACTIVITY_DROP,841.8304,1785.2584,ACTIVITY_DROP: current activity 841.83 is 0.47x the baseline 1785.26.
5762,2013-11-03 06:00:00,ACTIVITY_DROP,750.0012,1785.2584,ACTIVITY_DROP: current activity 750.00 is 0.42x the baseline 1785.26.
5762,2013-11-03 07:00:00,ACTIVITY_DROP,716.5255,1785.2584,ACTIVITY_DROP: current activity 716.53 is 0.40x the baseline 1785.26.
5762,2013-11-03 15:00:00,HIGH_ACTIVITY,2813.7011,1752.4939,HIGH_ACTIVITY: current activity 2813.70 is 1.61x the baseline 1752.49.
5762,2013-11-03 15:00:00,ACTIVITY_SPIKE,2813.7011,1752.4939,ACTIVITY_SPIKE: current activity 2813.70 increased sharply from the previous hour 1628.13.
5762,2013-11-03 16:00:00,HIGH_ACTIVITY,2655.4539000000004,1752.4939,HIGH_ACTIVITY: current activity 2655.45 is 1.52x the baseline 1752.49.
5764,2013-11-03 03:00:00,ACTIVITY_DROP,529.6581,1107.0506,ACTIVITY_DROP: current activity 529.66 is 0.48x the baseline 1107.05.
5764,2013-11-03 04:00:00,ACTIVITY_DROP,482.63840000000005,1107.0506,ACTIVITY_DROP: current activity 482.64 is 0.44x the baseline 1107.05.
5764,2013-11-03 05:00:00,ACTIVITY_DROP,510.6512,1107.0506,ACTIVITY_DROP: current activity 510.65 is 0.46x the baseline 1107.05.
5764,2013-11-03 06:00:00,ACTIVITY_DROP,431.5032,1107.0506,ACTIVITY_DROP: current activity 431.50 is 0.39x the baseline 1107.05.
5764,2013-11-03 07:00:00,ACTIVITY_DROP,523.1006,1107.0506,ACTIVITY_DROP: current activity 523.10 is 0.47x the baseline 1107.05.
5765,2013-11-03 04:00:00,ACTIVITY_DROP,1787.2791,3769.2951999999996,ACTIVITY_DROP: current activity 1787.28 is 0.47x the baseline 3769.30.
5765,2013-11-03 06:00:00,ACTIVITY_DROP,1530.28,3769.2951999999996,ACTIVITY_DROP: current activity 1530.28 is 0.41x the baseline 3769.30.
5765,2013-11-03 21:00:00,HIGH_ACTIVITY,6212.8169,3671.0841,HIGH_ACTIVITY: current activity 6212.82 is 1.69x the baseline 3671.08.
5766,2013-11-03 03:00:00,ACTIVITY_DROP,1569.7133000000001,3428.0505,ACTIVITY_DROP: current activity 1569.71 is 0.46x the baseline 3428.05.
5766,2013-11-03 04:00:00,ACTIVITY_DROP,1351.1366999999998,3428.0505,ACTIVITY_DROP: current activity 1351.14 is 0.39x the baseline 3428.05.
5766,2013-11-03 05:00:00,ACTIVITY_DROP,1330.0166000000002,3428.0505,ACTIVITY_DROP: current activity 1330.02 is 0.39x the baseline 3428.05.
5766,2013-11-03 06:00:00,ACTIVITY_DROP,1367.0115000000003,3428.0505,ACTIVITY_DROP: current activity 1367.01 is 0.40x the baseline 3428.05.
5766,2013-11-03 07:00:00,ACTIVITY_DROP,1582.9508,3428.0505,ACTIVITY_DROP: current activity 1582.95 is 0.46x the baseline 3428.05.
5766,2013-11-03 16:00:00,HIGH_ACTIVITY,5388.2849,3381.5249999999996,HIGH_ACTIVITY: current activity 5388.28 is 1.59x the baseline 3381.52.
5766,2013-11-03 17:00:00,HIGH_ACTIVITY,6171.027,3381.5249999999996,HIGH_ACTIVITY: current activity 6171.03 is 1.82x the baseline 3381.52.
5766,2013-11-03 18:00:00,HIGH_ACTIVITY,5983.884800000001,3381.5249999999996,HIGH_ACTIVITY: current activity 5983.88 is 1.77x the baseline 3381.52.
5767,2013-11-03 03:00:00,ACTIVITY_DROP,1546.5159,3243.6032000000005,ACTIVITY_DROP: current activity 1546.52 is 0.48x the baseline 3243.60.
5767,2013-11-03 04:00:00,ACTIVITY_DROP,1354.8622000000003,3243.6032000000005,ACTIVITY_DROP: current activity 1354.86 is 0.42x the baseline 3243.60.
5767,2013-11-03 05:00:00,ACTIVITY_DROP,1294.2562000000003,3243.6032000000005,ACTIVITY_DROP: current activity 1294.26 is 0.40x the baseline 3243.60.
5767,2013-11-03 06:00:00,ACTIVITY_DROP,1300.7104,3243.6032000000005,ACTIVITY_DROP: current activity 1300.71 is 0.40x the baseline 3243.60.
5767,2013-11-03 07:00:00,ACTIVITY_DROP,1261.7175,3243.6032000000005,ACTIVITY_DROP: current activity 1261.72 is 0.39x the baseline 3243.60.
5768,2013-11-03 02:00:00,ACTIVITY_DROP,1092.7262000000003,2229.7872,ACTIVITY_DROP: current activity 1092.73 is 0.49x the baseline 2229.79.
5768,2013-11-03 03:00:00,ACTIVITY_DROP,985.0662,2229.7872,ACTIVITY_DROP: current activity 985.07 is 0.44x the baseline 2229.79.
5768,2013-11-03 04:00:00,ACTIVITY_DROP,887.7684999999999,2229.7872,ACTIVITY_DROP: current activity 887.77 is 0.40x the baseline 2229.79.
5768,2013-11-03 05:00:00,ACTIVITY_DROP,882.3695999999999,2229.7872,ACTIVITY_DROP: current activity 882.37 is 0.40x the baseline 2229.79.
5768,2013-11-03 06:00:00,ACTIVITY_DROP,1108.1758000000002,2229.7872,ACTIVITY_DROP: current activity 1108.18 is 0.50x the baseline 2229.79.
5768,2013-11-03 07:00:00,ACTIVITY_DROP,1071.9062,2229.7872,ACTIVITY_DROP: current activity 1071.91 is 0.48x the baseline 2229.79.
5768,2013-11-03 20:00:00,HIGH_ACTIVITY,3108.7756999999997,2002.4224,HIGH_ACTIVITY: current activity 3108.78 is 1.55x the baseline 2002.42.
5768,2013-11-03 21:00:00,HIGH_ACTIVITY,3186.0636999999997,2002.4224,HIGH_ACTIVITY: current activity 3186.06 is 1.59x the baseline 2002.42.
5769,2013-11-03 02:00:00,ACTIVITY_DROP,1335.2653,2677.9857,ACTIVITY_DROP: current activity 1335.27 is 0.50x the baseline 2677.99.
5769,2013-11-03 03:00:00,ACTIVITY_DROP,1160.8963,2677.9857,ACTIVITY_DROP: current activity 1160.90 is 0.43x the baseline 2677.99.
5769,2013-11-03 04:00:00,ACTIVITY_DROP,980.6316,2677.9857,ACTIVITY_DROP: current activity 980.63 is 0.37x the baseline 2677.99.
5769,2013-11-03 05:00:00,ACTIVITY_DROP,1001.6362,2677.9857,ACTIVITY_DROP: current activity 1001.64 is 0.37x the baseline 2677.99.
5769,2013-11-03 06:00:00,ACTIVITY_DROP,1020.3316,2677.9857,ACTIVITY_DROP: current activity 1020.33 is 0.38x the baseline 2677.99.
5769,2013-11-03 07:00:00,ACTIVITY_DROP,1219.9757,2677.9857,ACTIVITY_DROP: current activity 1219.98 is 0.46x the baseline 2677.99.
5769,2013-11-03 19:00:00,HIGH_ACTIVITY,3871.4849000000004,2518.3247,HIGH_ACTIVITY: current activity 3871.48 is 1.54x the baseline 2518.32.
5769,2013-11-03 20:00:00,HIGH_ACTIVITY,4221.1589,2518.3247,HIGH_ACTIVITY: current activity 4221.16 is 1.68x the baseline 2518.32.
5769,2013-11-03 21:00:00,HIGH_ACTIVITY,4043.103,2518.3247,HIGH_ACTIVITY: current activity 4043.10 is 1.61x the baseline 2518.32.
5769,2013-11-03 22:00:00,HIGH_ACTIVITY,4438.5145,2518.3247,HIGH_ACTIVITY: current activity 4438.51 is 1.76x the baseline 2518.32.
5769,2013-11-03 23:00:00,HIGH_ACTIVITY,3924.555,2518.3247,HIGH_ACTIVITY: current activity 3924.55 is 1.56x the baseline 2518.32.
5770,2013-11-03 04:00:00,ACTIVITY_DROP,1009.2456,2214.0071,ACTIVITY_DROP: current activity 1009.25 is 0.46x the baseline 2214.01.
5770,2013-11-03 05:00:00,ACTIVITY_DROP,906.4349000000001,2214.0071,ACTIVITY_DROP: current activity 906.43 is 0.41x the baseline 2214.01.
5770,2013-11-03 06:00:00,ACTIVITY_DROP,867.6689,2214.0071,ACTIVITY_DROP: current activity 867.67 is 0.39x the baseline 2214.01.
5770,2013-11-03 07:00:00,ACTIVITY_DROP,1039.835,2214.0071,ACTIVITY_DROP: current activity 1039.84 is 0.47x the baseline 2214.01.
5770,2013-11-03 19:00:00,HIGH_ACTIVITY,3569.9298000000003,2189.4737999999998,HIGH_ACTIVITY: current activity 3569.93 is 1.63x the baseline 2189.47.
5770,2013-11-03 20:00:00,HIGH_ACTIVITY,3504.1088,2189.4737999999998,HIGH_ACTIVITY: current activity 3504.11 is 1.60x the baseline 2189.47.
5770,2013-11-03 21:00:00,HIGH_ACTIVITY,3816.0221,2189.4737999999998,HIGH_ACTIVITY: current activity 3816.02 is 1.74x the baseline 2189.47.
5770,2013-11-03 22:00:00,HIGH_ACTIVITY,4181.6893,2189.4737999999998,HIGH_ACTIVITY: current activity 4181.69 is 1.91x the baseline 2189.47.
5770,2013-11-03 23:00:00,HIGH_ACTIVITY,3546.639,2189.4737999999998,HIGH_ACTIVITY: current activity 3546.64 is 1.62x the baseline 2189.47.
5771,2013-11-03 03:00:00,ACTIVITY_DROP,719.6212999999999,1679.2198,ACTIVITY_DROP: current activity 719.62 is 0.43x the baseline 1679.22.
5771,2013-11-03 04:00:00,ACTIVITY_DROP,753.1182,1679.2198,ACTIVITY_DROP: current activity 753.12 is 0.45x the baseline 1679.22.
5771,2013-11-03 05:00:00,ACTIVITY_DROP,651.1669999999999,1679.2198,ACTIVITY_DROP: current activity 651.17 is 0.39x the baseline 1679.22.
5771,2013-11-03 06:00:00,ACTIVITY_DROP,623.2868,1679.2198,ACTIVITY_DROP: current activity 623.29 is 0.37x the baseline 1679.22.
5771,2013-11-03 07:00:00,ACTIVITY_DROP,715.4029999999999,1679.2198,ACTIVITY_DROP: current activity 715.40 is 0.43x the baseline 1679.22.
5771,2013-11-03 09:00:00,ACTIVITY_SPIKE,1446.1201,1679.2198,ACTIVITY_SPIKE: current activity 1446.12 increased sharply from the previous hour 951.23.
5771,2013-11-03 22:00:00,HIGH_ACTIVITY,2671.7327999999998,1624.9985000000001,HIGH_ACTIVITY: current activity 2671.73 is 1.64x the baseline 1625.00.
5844,2013-11-03 00:00:00,HIGH_ACTIVITY,1443.0289,941.7318,HIGH_ACTIVITY: current activity 1443.03 is 1.53x the baseline 941.73.
5844,2013-11-03 18:00:00,HIGH_ACTIVITY,1430.9957,941.7318,HIGH_ACTIVITY: current activity 1431.00 is 1.52x the baseline 941.73.
5845,2013-11-03 03:00:00,ACTIVITY_DROP,585.7750000000001,1198.5435,ACTIVITY_DROP: current activity 585.78 is 0.49x the baseline 1198.54.
5845,2013-11-03 04:00:00,ACTIVITY_DROP,576.698,1198.5435,ACTIVITY_DROP: current activity 576.70 is 0.48x the baseline 1198.54.
5845,2013-11-03 05:00:00,ACTIVITY_DROP,576.9239,1198.5435,ACTIVITY_DROP: current activity 576.92 is 0.48x the baseline 1198.54.
5845,2013-11-03 18:00:00,HIGH_ACTIVITY,1685.8551,1115.135,HIGH_ACTIVITY: current activity 1685.86 is 1.51x the baseline 1115.13.
5845,2013-11-03 19:00:00,HIGH_ACTIVITY,1699.4105,1115.135,HIGH_ACTIVITY: current activity 1699.41 is 1.52x the baseline 1115.13.
5845,2013-11-03 20:00:00,HIGH_ACTIVITY,1718.2703999999999,1115.135,HIGH_ACTIVITY: current activity 1718.27 is 1.54x the baseline 1115.13.
5846,2013-11-03 02:00:00,ACTIVITY_DROP,452.4147,944.0892999999999,ACTIVITY_DROP: current activity 452.41 is 0.48x the baseline 944.09.
5846,2013-11-03 03:00:00,ACTIVITY_DROP,416.453,944.0892999999999,ACTIVITY_DROP: current activity 416.45 is 0.44x the baseline 944.09.
5846,2013-11-03 04:00:00,ACTIVITY_DROP,387.4458,944.0892999999999,ACTIVITY_DROP: current activity 387.45 is 0.41x the baseline 944.09.
5846,2013-11-03 05:00:00,ACTIVITY_DROP,366.1101,944.0892999999999,ACTIVITY_DROP: current activity 366.11 is 0.39x the baseline 944.09.
5846,2013-11-03 06:00:00,ACTIVITY_DROP,379.3395,944.0892999999999,ACTIVITY_DROP: current activity 379.34 is 0.40x the baseline 944.09.
5846,2013-11-03 19:00:00,HIGH_ACTIVITY,1411.2063,936.3321000000001,HIGH_ACTIVITY: current activity 1411.21 is 1.51x the baseline 936.33.
5850,2013-11-03 03:00:00,ACTIVITY_DROP,604.3131000000001,1283.3213,ACTIVITY_DROP: current activity 604.31 is 0.47x the baseline 1283.32.
5850,2013-11-03 04:00:00,ACTIVITY_DROP,538.7670999999999,1283.3213,ACTIVITY_DROP: current activity 538.77 is 0.42x the baseline 1283.32.
5850,2013-11-03 05:00:00,ACTIVITY_DROP,534.8374,1283.3213,ACTIVITY_DROP: current activity 534.84 is 0.42x the baseline 1283.32.
5850,2013-11-03 06:00:00,ACTIVITY_DROP,566.7347000000001,1283.3213,ACTIVITY_DROP: current activity 566.73 is 0.44x the baseline 1283.32.
5851,2013-11-03 03:00:00,ACTIVITY_DROP,706.7746999999999,1621.3103,ACTIVITY_DROP: current activity 706.77 is 0.44x the baseline 1621.31.
5851,2013-11-03 04:00:00,ACTIVITY_DROP,602.8336999999999,1621.3103,ACTIVITY_DROP: current activity 602.83 is 0.37x the baseline 1621.31.
5851,2013-11-03 05:00:00,ACTIVITY_DROP,592.7698,1621.3103,ACTIVITY_DROP: current activity 592.77 is 0.37x the baseline 1621.31.
5851,2013-11-03 06:00:00,ACTIVITY_DROP,648.476,1621.3103,ACTIVITY_DROP: current activity 648.48 is 0.40x the baseline 1621.31.
5851,2013-11-03 18:00:00,HIGH_ACTIVITY,2351.5537000000004,1563.8754000000001,HIGH_ACTIVITY: current activity 2351.55 is 1.50x the baseline 1563.88.
5851,2013-11-03 19:00:00,HIGH_ACTIVITY,2525.1724000000004,1563.8754000000001,HIGH_ACTIVITY: current activity 2525.17 is 1.61x the baseline 1563.88.
5851,2013-11-03 21:00:00,HIGH_ACTIVITY,2473.6107999999995,1563.8754000000001,HIGH_ACTIVITY: current activity 2473.61 is 1.58x the baseline 1563.88.
5851,2013-11-03 22:00:00,HIGH_ACTIVITY,2739.7291999999998,1563.8754000000001,HIGH_ACTIVITY: current activity 2739.73 is 1.75x the baseline 1563.88.
5852,2013-11-03 03:00:00,ACTIVITY_DROP,936.113,1990.3115,ACTIVITY_DROP: current activity 936.11 is 0.47x the baseline 1990.31.
5852,2013-11-03 04:00:00,ACTIVITY_DROP,896.6365,1990.3115,ACTIVITY_DROP: current activity 896.64 is 0.45x the baseline 1990.31.
5852,2013-11-03 05:00:00,ACTIVITY_DROP,947.8671,1990.3115,ACTIVITY_DROP: current activity 947.87 is 0.48x the baseline 1990.31.
5852,2013-11-03 06:00:00,ACTIVITY_DROP,852.5093,1990.3115,ACTIVITY_DROP: current activity 852.51 is 0.43x the baseline 1990.31.
5852,2013-11-03 07:00:00,ACTIVITY_DROP,957.5260000000001,1990.3115,ACTIVITY_DROP: current activity 957.53 is 0.48x the baseline 1990.31.
5853,2013-11-03 04:00:00,ACTIVITY_DROP,1202.8247,2603.0819999999994,ACTIVITY_DROP: current activity 1202.82 is 0.46x the baseline 2603.08.
5853,2013-11-03 05:00:00,ACTIVITY_DROP,1183.5357,2603.0819999999994,ACTIVITY_DROP: current activity 1183.54 is 0.45x the baseline 2603.08.
5853,2013-11-03 06:00:00,ACTIVITY_DROP,1186.0597999999998,2603.0819999999994,ACTIVITY_DROP: current activity 1186.06 is 0.46x the baseline 2603.08.
5853,2013-11-03 07:00:00,ACTIVITY_DROP,1146.4121999999998,2603.0819999999994,ACTIVITY_DROP: current activity 1146.41 is 0.44x the baseline 2603.08.
5854,2013-11-03 04:00:00,ACTIVITY_DROP,1857.7986999999998,4439.3961,ACTIVITY_DROP: current activity 1857.80 is 0.42x the baseline 4439.40.
5854,2013-11-03 05:00:00,ACTIVITY_DROP,1675.3414,4439.3961,ACTIVITY_DROP: current activity 1675.34 is 0.38x the baseline 4439.40.
5854,2013-11-03 06:00:00,ACTIVITY_DROP,2003.1166999999998,4439.3961,ACTIVITY_DROP: current activity 2003.12 is 0.45x the baseline 4439.40.
5854,2013-11-03 07:00:00,ACTIVITY_DROP,1801.7257,4439.3961,ACTIVITY_DROP: current activity 1801.73 is 0.41x the baseline 4439.40.
5854,2013-11-03 16:00:00,HIGH_ACTIVITY,6793.1305999999995,4380.0628,HIGH_ACTIVITY: current activity 6793.13 is 1.55x the baseline 4380.06.
5854,2013-11-03 18:00:00,HIGH_ACTIVITY,6622.294000000001,4380.0628,HIGH_ACTIVITY: current activity 6622.29 is 1.51x the baseline 4380.06.
5855,2013-11-03 02:00:00,ACTIVITY_DROP,2525.2043999999996,5140.0726,ACTIVITY_DROP: current activity 2525.20 is 0.49x the baseline 5140.07.
5855,2013-11-03 03:00:00,ACTIVITY_DROP,2114.6609999999996,5140.0726,ACTIVITY_DROP: current activity 2114.66 is 0.41x the baseline 5140.07.
5855,2013-11-03 04:00:00,ACTIVITY_DROP,1838.4749,5140.0726,ACTIVITY_DROP: current activity 1838.47 is 0.36x the baseline 5140.07.
5855,2013-11-03 05:00:00,ACTIVITY_DROP,1791.1224,5140.0726,ACTIVITY_DROP: current activity 1791.12 is 0.35x the baseline 5140.07.
5855,2013-11-03 06:00:00,ACTIVITY_DROP,1820.3412,5140.0726,ACTIVITY_DROP: current activity 1820.34 is 0.35x the baseline 5140.07.
5855,2013-11-03 07:00:00,ACTIVITY_DROP,2565.1182999999996,5140.0726,ACTIVITY_DROP: current activity 2565.12 is 0.50x the baseline 5140.07.
5855,2013-11-03 08:00:00,ACTIVITY_DROP,2347.1458000000002,5140.0726,ACTIVITY_DROP: current activity 2347.15 is 0.46x the baseline 5140.07.
5855,2013-11-03 09:00:00,ACTIVITY_SPIKE,3967.3149000000003,5140.0726,ACTIVITY_SPIKE: current activity 3967.31 increased sharply from the previous hour 2347.15.
5855,2013-11-03 16:00:00,HIGH_ACTIVITY,8025.5758,4910.787,HIGH_ACTIVITY: current activity 8025.58 is 1.63x the baseline 4910.79.
5855,2013-11-03 17:00:00,HIGH_ACTIVITY,7867.403300000001,4910.787,HIGH_ACTIVITY: current activity 7867.40 is 1.60x the baseline 4910.79.
5856,2013-11-03 03:00:00,ACTIVITY_DROP,2013.7405,4721.4033,ACTIVITY_DROP: current activity 2013.74 is 0.43x the baseline 4721.40.
5856,2013-11-03 04:00:00,ACTIVITY_DROP,1720.9794,4721.4033,ACTIVITY_DROP: current activity 1720.98 is 0.36x the baseline 4721.40.
5856,2013-11-03 05:00:00,ACTIVITY_DROP,1573.6359999999997,4721.4033,ACTIVITY_DROP: current activity 1573.64 is 0.33x the baseline 4721.40.
5856,2013-11-03 06:00:00,ACTIVITY_DROP,1766.9243999999999,4721.4033,ACTIVITY_DROP: current activity 1766.92 is 0.37x the baseline 4721.40.
5856,2013-11-03 07:00:00,ACTIVITY_DROP,1861.8805,4721.4033,ACTIVITY_DROP: current activity 1861.88 is 0.39x the baseline 4721.40.
5856,2013-11-03 08:00:00,ACTIVITY_DROP,2051.2827,4721.4033,ACTIVITY_DROP: current activity 2051.28 is 0.43x the baseline 4721.40.
5856,2013-11-03 09:00:00,ACTIVITY_SPIKE,3622.9415000000004,4721.4033,ACTIVITY_SPIKE: current activity 3622.94 increased sharply from the previous hour 2051.28.
5856,2013-11-03 16:00:00,HIGH_ACTIVITY,6638.5502,4372.1299,HIGH_ACTIVITY: current activity 6638.55 is 1.52x the baseline 4372.13.
5856,2013-11-03 17:00:00,HIGH_ACTIVITY,7073.6919,4372.1299,HIGH_ACTIVITY: current activity 7073.69 is 1.62x the baseline 4372.13.
5857,2013-11-03 02:00:00,ACTIVITY_DROP,2933.4264,5873.251700000001,ACTIVITY_DROP: current activity 2933.43 is 0.50x the baseline 5873.25.
5857,2013-11-03 03:00:00,ACTIVITY_DROP,2234.6016,5873.251700000001,ACTIVITY_DROP: current activity 2234.60 is 0.38x the baseline 5873.25.
5857,2013-11-03 04:00:00,ACTIVITY_DROP,1977.7628,5873.251700000001,ACTIVITY_DROP: current activity 1977.76 is 0.34x the baseline 5873.25.
5857,2013-11-03 05:00:00,ACTIVITY_DROP,1987.7876,5873.251700000001,ACTIVITY_DROP: current activity 1987.79 is 0.34x the baseline 5873.25.
5857,2013-11-03 06:00:00,ACTIVITY_DROP,2049.4627,5873.251700000001,ACTIVITY_DROP: current activity 2049.46 is 0.35x the baseline 5873.25.
5857,2013-11-03 07:00:00,ACTIVITY_DROP,2037.7218,5873.251700000001,ACTIVITY_DROP: current activity 2037.72 is 0.35x the baseline 5873.25.
5857,2013-11-03 08:00:00,ACTIVITY_DROP,2676.0289,5873.251700000001,ACTIVITY_DROP: current activity 2676.03 is 0.46x the baseline 5873.25.
5858,2013-11-03 02:00:00,ACTIVITY_DROP,2024.2319,4091.7938999999997,ACTIVITY_DROP: current activity 2024.23 is 0.49x the baseline 4091.79.
5858,2013-11-03 03:00:00,ACTIVITY_DROP,1448.0412999999999,4091.7938999999997,ACTIVITY_DROP: current activity 1448.04 is 0.35x the baseline 4091.79.
5858,2013-11-03 04:00:00,ACTIVITY_DROP,1399.9422,4091.7938999999997,ACTIVITY_DROP: current activity 1399.94 is 0.34x the baseline 4091.79.
5858,2013-11-03 05:00:00,ACTIVITY_DROP,1298.8779,4091.7938999999997,ACTIVITY_DROP: current activity 1298.88 is 0.32x the baseline 4091.79.
5858,2013-11-03 06:00:00,ACTIVITY_DROP,1181.0376,4091.7938999999997,ACTIVITY_DROP: current activity 1181.04 is 0.29x the baseline 4091.79.
5858,2013-11-03 07:00:00,ACTIVITY_DROP,1269.2466,4091.7938999999997,ACTIVITY_DROP: current activity 1269.25 is 0.31x the baseline 4091.79.
5858,2013-11-03 08:00:00,ACTIVITY_DROP,1799.2353000000003,4091.7938999999997,ACTIVITY_DROP: current activity 1799.24 is 0.44x the baseline 4091.79.
5858,2013-11-03 17:00:00,HIGH_ACTIVITY,5667.7709,3554.9462,HIGH_ACTIVITY: current activity 5667.77 is 1.59x the baseline 3554.95.
5859,2013-11-03 00:00:00,HIGH_ACTIVITY,6164.850900000001,3517.5163,HIGH_ACTIVITY: current activity 6164.85 is 1.75x the baseline 3517.52.
5859,2013-11-03 03:00:00,ACTIVITY_DROP,1682.8278999999998,3536.5012,ACTIVITY_DROP: current activity 1682.83 is 0.48x the baseline 3536.50.
5859,2013-11-03 04:00:00,ACTIVITY_DROP,1492.2097,3536.5012,ACTIVITY_DROP: current activity 1492.21 is 0.42x the baseline 3536.50.
5859,2013-11-03 05:00:00,ACTIVITY_DROP,1145.7736,3536.5012,ACTIVITY_DROP: current activity 1145.77 is 0.32x the baseline 3536.50.
5859,2013-11-03 06:00:00,ACTIVITY_DROP,1386.4850000000001,3536.5012,ACTIVITY_DROP: current activity 1386.49 is 0.39x the baseline 3536.50.
5859,2013-11-03 07:00:00,ACTIVITY_DROP,1440.2146,3536.5012,ACTIVITY_DROP: current activity 1440.21 is 0.41x the baseline 3536.50.
5859,2013-11-03 08:00:00,ACTIVITY_DROP,1721.1703,3536.5012,ACTIVITY_DROP: current activity 1721.17 is 0.49x the baseline 3536.50.
5860,2013-11-03 03:00:00,ACTIVITY_DROP,1311.7683,3103.2320000000004,ACTIVITY_DROP: current activity 1311.77 is 0.42x the baseline 3103.23.
5860,2013-11-03 04:00:00,ACTIVITY_DROP,1167.5093,3103.2320000000004,ACTIVITY_DROP: current activity 1167.51 is 0.38x the baseline 3103.23.
5860,2013-11-03 05:00:00,ACTIVITY_DROP,1033.4108,3103.2320000000004,ACTIVITY_DROP: current activity 1033.41 is 0.33x the baseline 3103.23.
5860,2013-11-03 06:00:00,ACTIVITY_DROP,1161.127,3103.2320000000004,ACTIVITY_DROP: current activity 1161.13 is 0.37x the baseline 3103.23.
5860,2013-11-03 07:00:00,ACTIVITY_DROP,1130.4328,3103.2320000000004,ACTIVITY_DROP: current activity 1130.43 is 0.36x the baseline 3103.23.
5860,2013-11-03 08:00:00,ACTIVITY_DROP,1255.3664,3103.2320000000004,ACTIVITY_DROP: current activity 1255.37 is 0.40x the baseline 3103.23.
5861,2013-11-03 03:00:00,ACTIVITY_DROP,1241.1781999999998,2671.2783999999997,ACTIVITY_DROP: current activity 1241.18 is 0.46x the baseline 2671.28.
5861,2013-11-03 04:00:00,ACTIVITY_DROP,1197.858,2671.2783999999997,ACTIVITY_DROP: current activity 1197.86 is 0.45x the baseline 2671.28.
5861,2013-11-03 05:00:00,ACTIVITY_DROP,1123.1615000000002,2671.2783999999997,ACTIVITY_DROP: current activity 1123.16 is 0.42x the baseline 2671.28.
5861,2013-11-03 06:00:00,ACTIVITY_DROP,1109.3996000000002,2671.2783999999997,ACTIVITY_DROP: current activity 1109.40 is 0.42x the baseline 2671.28.
5861,2013-11-03 07:00:00,ACTIVITY_DROP,1136.4949000000001,2671.2783999999997,ACTIVITY_DROP: current activity 1136.49 is 0.43x the baseline 2671.28.
5861,2013-11-03 08:00:00,ACTIVITY_DROP,1240.7572000000002,2671.2783999999997,ACTIVITY_DROP: current activity 1240.76 is 0.46x the baseline 2671.28.
5861,2013-11-03 21:00:00,HIGH_ACTIVITY,3713.3924,2459.0971,HIGH_ACTIVITY: current activity 3713.39 is 1.51x the baseline 2459.10.
5862,2013-11-03 02:00:00,ACTIVITY_DROP,1053.3215,2476.0188,ACTIVITY_DROP: current activity 1053.32 is 0.43x the baseline 2476.02.
5862,2013-11-03 03:00:00,ACTIVITY_DROP,887.9477999999999,2476.0188,ACTIVITY_DROP: current activity 887.95 is 0.36x the baseline 2476.02.
5862,2013-11-03 04:00:00,ACTIVITY_DROP,858.1491,2476.0188,ACTIVITY_DROP: current activity 858.15 is 0.35x the baseline 2476.02.
5862,2013-11-03 05:00:00,ACTIVITY_DROP,961.2625,2476.0188,ACTIVITY_DROP: current activity 961.26 is 0.39x the baseline 2476.02.
5862,2013-11-03 06:00:00,ACTIVITY_DROP,871.7081,2476.0188,ACTIVITY_DROP: current activity 871.71 is 0.35x the baseline 2476.02.
5862,2013-11-03 07:00:00,ACTIVITY_DROP,1126.7989,2476.0188,ACTIVITY_DROP: current activity 1126.80 is 0.46x the baseline 2476.02.
5862,2013-11-03 09:00:00,ACTIVITY_SPIKE,2658.0619,2399.7456999999995,ACTIVITY_SPIKE: current activity 2658.06 increased sharply from the previous hour 1651.69.
5863,2013-11-03 04:00:00,ACTIVITY_DROP,513.0467,1136.1058,ACTIVITY_DROP: current activity 513.05 is 0.45x the baseline 1136.11.
5863,2013-11-03 05:00:00,ACTIVITY_DROP,540.9511,1136.1058,ACTIVITY_DROP: current activity 540.95 is 0.48x the baseline 1136.11.
5863,2013-11-03 06:00:00,ACTIVITY_DROP,482.3811,1136.1058,ACTIVITY_DROP: current activity 482.38 is 0.42x the baseline 1136.11.
5863,2013-11-03 20:00:00,HIGH_ACTIVITY,1761.332,1069.7113,HIGH_ACTIVITY: current activity 1761.33 is 1.65x the baseline 1069.71.
5865,2013-11-03 02:00:00,ACTIVITY_DROP,1060.9242000000002,2237.3257000000003,ACTIVITY_DROP: current activity 1060.92 is 0.47x the baseline 2237.33.
5865,2013-11-03 03:00:00,ACTIVITY_DROP,1068.4701,2237.3257000000003,ACTIVITY_DROP: current activity 1068.47 is 0.48x the baseline 2237.33.
5865,2013-11-03 04:00:00,ACTIVITY_DROP,977.3288,2237.3257000000003,ACTIVITY_DROP: current activity 977.33 is 0.44x the baseline 2237.33.
5865,2013-11-03 05:00:00,ACTIVITY_DROP,1006.0315,2237.3257000000003,ACTIVITY_DROP: current activity 1006.03 is 0.45x the baseline 2237.33.
5865,2013-11-03 06:00:00,ACTIVITY_DROP,1042.3358,2237.3257000000003,ACTIVITY_DROP: current activity 1042.34 is 0.47x the baseline 2237.33.
5865,2013-11-03 07:00:00,ACTIVITY_DROP,1086.9497000000001,2237.3257000000003,ACTIVITY_DROP: current activity 1086.95 is 0.49x the baseline 2237.33.
5866,2013-11-03 02:00:00,ACTIVITY_DROP,1605.9969,3398.3975000000005,ACTIVITY_DROP: current activity 1606.00 is 0.47x the baseline 3398.40.
5866,2013-11-03 03:00:00,ACTIVITY_DROP,1522.4533,3398.3975000000005,ACTIVITY_DROP: current activity 1522.45 is 0.45x the baseline 3398.40.
5866,2013-11-03 04:00:00,ACTIVITY_DROP,1287.0245,3398.3975000000005,ACTIVITY_DROP: current activity 1287.02 is 0.38x the baseline 3398.40.
5866,2013-11-03 05:00:00,ACTIVITY_DROP,1262.7201,3398.3975000000005,ACTIVITY_DROP: current activity 1262.72 is 0.37x the baseline 3398.40.
5866,2013-11-03 06:00:00,ACTIVITY_DROP,1430.7096000000001,3398.3975000000005,ACTIVITY_DROP: current activity 1430.71 is 0.42x the baseline 3398.40.
5866,2013-11-03 07:00:00,ACTIVITY_DROP,1525.4674,3398.3975000000005,ACTIVITY_DROP: current activity 1525.47 is 0.45x the baseline 3398.40.
5866,2013-11-03 18:00:00,HIGH_ACTIVITY,4919.723400000001,3189.5315999999993,HIGH_ACTIVITY: current activity 4919.72 is 1.54x the baseline 3189.53.
5867,2013-11-03 04:00:00,ACTIVITY_DROP,1336.4902,3308.3931000000002,ACTIVITY_DROP: current activity 1336.49 is 0.40x the baseline 3308.39.
5867,2013-11-03 05:00:00,ACTIVITY_DROP,1334.3185,3308.3931000000002,ACTIVITY_DROP: current activity 1334.32 is 0.40x the baseline 3308.39.
5867,2013-11-03 07:00:00,ACTIVITY_DROP,1463.5545,3308.3931000000002,ACTIVITY_DROP: current activity 1463.55 is 0.44x the baseline 3308.39.
5868,2013-11-03 02:00:00,ACTIVITY_DROP,1415.5616,3045.3933,ACTIVITY_DROP: current activity 1415.56 is 0.46x the baseline 3045.39.
5868,2013-11-03 03:00:00,ACTIVITY_DROP,1286.7285,3045.3933,ACTIVITY_DROP: current activity 1286.73 is 0.42x the baseline 3045.39.
5868,2013-11-03 04:00:00,ACTIVITY_DROP,1210.0718000000002,3045.3933,ACTIVITY_DROP: current activity 1210.07 is 0.40x the baseline 3045.39.
5868,2013-11-03 05:00:00,ACTIVITY_DROP,1106.4694000000002,3045.3933,ACTIVITY_DROP: current activity 1106.47 is 0.36x the baseline 3045.39.
5868,2013-11-03 06:00:00,ACTIVITY_DROP,1252.4569999999999,3045.3933,ACTIVITY_DROP: current activity 1252.46 is 0.41x the baseline 3045.39.
5868,2013-11-03 07:00:00,ACTIVITY_DROP,1379.4524999999999,3045.3933,ACTIVITY_DROP: current activity 1379.45 is 0.45x the baseline 3045.39.
5868,2013-11-03 09:00:00,ACTIVITY_SPIKE,3045.3933,2974.7789000000002,ACTIVITY_SPIKE: current activity 3045.39 increased sharply from the previous hour 1958.03.
5868,2013-11-03 21:00:00,HIGH_ACTIVITY,5034.4384,2974.7789000000002,HIGH_ACTIVITY: current activity 5034.44 is 1.69x the baseline 2974.78.
5869,2013-11-03 03:00:00,ACTIVITY_DROP,1030.3584,2393.4473000000003,ACTIVITY_DROP: current activity 1030.36 is 0.43x the baseline 2393.45.
5869,2013-11-03 04:00:00,ACTIVITY_DROP,935.7215999999999,2393.4473000000003,ACTIVITY_DROP: current activity 935.72 is 0.39x the baseline 2393.45.
5869,2013-11-03 05:00:00,ACTIVITY_DROP,828.3821999999999,2393.4473000000003,ACTIVITY_DROP: current activity 828.38 is 0.35x the baseline 2393.45.
5869,2013-11-03 06:00:00,ACTIVITY_DROP,835.3616000000001,2393.4473000000003,ACTIVITY_DROP: current activity 835.36 is 0.35x the baseline 2393.45.
5869,2013-11-03 07:00:00,ACTIVITY_DROP,1063.8484,2393.4473000000003,ACTIVITY_DROP: current activity 1063.85 is 0.44x the baseline 2393.45.
5869,2013-11-03 09:00:00,ACTIVITY_SPIKE,2157.8704,2393.4473000000003,ACTIVITY_SPIKE: current activity 2157.87 increased sharply from the previous hour 1430.22.
5869,2013-11-03 20:00:00,HIGH_ACTIVITY,3505.7282,2316.2759,HIGH_ACTIVITY: current activity 3505.73 is 1.51x the baseline 2316.28.
5869,2013-11-03 21:00:00,HIGH_ACTIVITY,3668.4463,2316.2759,HIGH_ACTIVITY: current activity 3668.45 is 1.58x the baseline 2316.28.
5869,2013-11-03 22:00:00,HIGH_ACTIVITY,3563.5205000000005,2316.2759,HIGH_ACTIVITY: current activity 3563.52 is 1.54x the baseline 2316.28.
5870,2013-11-03 03:00:00,ACTIVITY_DROP,1003.9343,2178.7841,ACTIVITY_DROP: current activity 1003.93 is 0.46x the baseline 2178.78.
5870,2013-11-03 04:00:00,ACTIVITY_DROP,903.69,2178.7841,ACTIVITY_DROP: current activity 903.69 is 0.41x the baseline 2178.78.
5870,2013-11-03 05:00:00,ACTIVITY_DROP,793.6009,2178.7841,ACTIVITY_DROP: current activity 793.60 is 0.36x the baseline 2178.78.
5870,2013-11-03 06:00:00,ACTIVITY_DROP,773.8274,2178.7841,ACTIVITY_DROP: current activity 773.83 is 0.36x the baseline 2178.78.
5870,2013-11-03 07:00:00,ACTIVITY_DROP,947.1547,2178.7841,ACTIVITY_DROP: current activity 947.15 is 0.43x the baseline 2178.78.
5870,2013-11-03 09:00:00,ACTIVITY_SPIKE,1950.1369,2178.7841,ACTIVITY_SPIKE: current activity 1950.14 increased sharply from the previous hour 1299.28.
5870,2013-11-03 21:00:00,HIGH_ACTIVITY,3215.5221,2128.9883,HIGH_ACTIVITY: current activity 3215.52 is 1.51x the baseline 2128.99.
5870,2013-11-03 22:00:00,HIGH_ACTIVITY,3400.2443999999996,2128.9883,HIGH_ACTIVITY: current activity 3400.24 is 1.60x the baseline 2128.99.
5871,2013-11-03 03:00:00,ACTIVITY_DROP,659.7916,1799.8017,ACTIVITY_DROP: current activity 659.79 is 0.37x the baseline 1799.80.
5871,2013-11-03 04:00:00,ACTIVITY_DROP,621.2889000000001,1799.8017,ACTIVITY_DROP: current activity 621.29 is 0.35x the baseline 1799.80.
5871,2013-11-03 05:00:00,ACTIVITY_DROP,604.1089,1799.8017,ACTIVITY_DROP: current activity 604.11 is 0.34x the baseline 1799.80.
5871,2013-11-03 06:00:00,ACTIVITY_DROP,627.5586,1799.8017,ACTIVITY_DROP: current activity 627.56 is 0.35x the baseline 1799.80.
5871,2013-11-03 07:00:00,ACTIVITY_DROP,760.8623000000001,1799.8017,ACTIVITY_DROP: current activity 760.86 is 0.42x the baseline 1799.80.
5871,2013-11-03 22:00:00,HIGH_ACTIVITY,2862.0477,1768.1677,HIGH_ACTIVITY: current activity 2862.05 is 1.62x the baseline 1768.17.
5872,2013-11-03 02:00:00,ACTIVITY_DROP,624.3401,1580.0825000000002,ACTIVITY_DROP: current activity 624.34 is 0.40x the baseline 1580.08.
5872,2013-11-03 03:00:00,ACTIVITY_DROP,517.544,1580.0825000000002,ACTIVITY_DROP: current activity 517.54 is 0.33x the baseline 1580.08.
5872,2013-11-03 04:00:00,ACTIVITY_DROP,470.9018,1580.0825000000002,ACTIVITY_DROP: current activity 470.90 is 0.30x the baseline 1580.08.
5872,2013-11-03 05:00:00,ACTIVITY_DROP,502.4398,1580.0825000000002,ACTIVITY_DROP: current activity 502.44 is 0.32x the baseline 1580.08.
5872,2013-11-03 06:00:00,ACTIVITY_DROP,535.6568,1580.0825000000002,ACTIVITY_DROP: current activity 535.66 is 0.34x the baseline 1580.08.
5872,2013-11-03 07:00:00,ACTIVITY_DROP,718.4336000000001,1580.0825000000002,ACTIVITY_DROP: current activity 718.43 is 0.45x the baseline 1580.08.
5872,2013-11-03 08:00:00,ACTIVITY_DROP,684.8268,1580.0825000000002,ACTIVITY_DROP: current activity 684.83 is 0.43x the baseline 1580.08.
5872,2013-11-03 16:00:00,HIGH_ACTIVITY,2102.5118,1313.6136000000001,HIGH_ACTIVITY: current activity 2102.51 is 1.60x the baseline 1313.61.
5872,2013-11-03 17:00:00,HIGH_ACTIVITY,2134.3179,1313.6136000000001,HIGH_ACTIVITY: current activity 2134.32 is 1.62x the baseline 1313.61.
5872,2013-11-03 18:00:00,HIGH_ACTIVITY,2168.2332,1313.6136000000001,HIGH_ACTIVITY: current activity 2168.23 is 1.65x the baseline 1313.61.
5872,2013-11-03 19:00:00,HIGH_ACTIVITY,2293.4471,1313.6136000000001,HIGH_ACTIVITY: current activity 2293.45 is 1.75x the baseline 1313.61.
5872,2013-11-03 20:00:00,HIGH_ACTIVITY,1999.6536999999998,1313.6136000000001,HIGH_ACTIVITY: current activity 1999.65 is 1.52x the baseline 1313.61.
5872,2013-11-03 21:00:00,HIGH_ACTIVITY,2158.4371,1313.6136000000001,HIGH_ACTIVITY: current activity 2158.44 is 1.64x the baseline 1313.61.
5872,2013-11-03 22:00:00,HIGH_ACTIVITY,2685.0519000000004,1313.6136000000001,HIGH_ACTIVITY: current activity 2685.05 is 2.04x the baseline 1313.61.
5872,2013-11-03 23:00:00,HIGH_ACTIVITY,2057.2978,1313.6136000000001,HIGH_ACTIVITY: current activity 2057.30 is 1.57x the baseline 1313.61.
5873,2013-11-03 03:00:00,ACTIVITY_DROP,458.0701,1041.0893,ACTIVITY_DROP: current activity 458.07 is 0.44x the baseline 1041.09.
5873,2013-11-03 04:00:00,ACTIVITY_DROP,445.7173,1041.0893,ACTIVITY_DROP: current activity 445.72 is 0.43x the baseline 1041.09.
5873,2013-11-03 05:00:00,ACTIVITY_DROP,438.85110000000003,1041.0893,ACTIVITY_DROP: current activity 438.85 is 0.42x the baseline 1041.09.
5873,2013-11-03 06:00:00,ACTIVITY_DROP,408.2212,1041.0893,ACTIVITY_DROP: current activity 408.22 is 0.39x the baseline 1041.09.
5873,2013-11-03 07:00:00,ACTIVITY_DROP,450.5691,1041.0893,ACTIVITY_DROP: current activity 450.57 is 0.43x the baseline 1041.09.
5873,2013-11-03 17:00:00,HIGH_ACTIVITY,1644.7868,993.4117,HIGH_ACTIVITY: current activity 1644.79 is 1.66x the baseline 993.41.
5873,2013-11-03 21:00:00,HIGH_ACTIVITY,1774.871,993.4117,HIGH_ACTIVITY: current activity 1774.87 is 1.79x the baseline 993.41.
5873,2013-11-03 22:00:00,HIGH_ACTIVITY,1540.0755,993.4117,HIGH_ACTIVITY: current activity 1540.08 is 1.55x the baseline 993.41.
5874,2013-11-03 04:00:00,ACTIVITY_DROP,645.6405,1317.2273,ACTIVITY_DROP: current activity 645.64 is 0.49x the baseline 1317.23.
5874,2013-11-03 05:00:00,ACTIVITY_DROP,610.8658999999999,1317.2273,ACTIVITY_DROP: current activity 610.87 is 0.46x the baseline 1317.23.
5874,2013-11-03 06:00:00,ACTIVITY_DROP,580.969,1317.2273,ACTIVITY_DROP: current activity 580.97 is 0.44x the baseline 1317.23.
5874,2013-11-03 07:00:00,ACTIVITY_DROP,586.3474,1317.2273,ACTIVITY_DROP: current activity 586.35 is 0.45x the baseline 1317.23.
5874,2013-11-03 09:00:00,ACTIVITY_SPIKE,1214.684,1317.2273,ACTIVITY_SPIKE: current activity 1214.68 increased sharply from the previous hour 806.40.
5874,2013-11-03 17:00:00,HIGH_ACTIVITY,1989.7685000000001,1315.0845,HIGH_ACTIVITY: current activity 1989.77 is 1.51x the baseline 1315.08.
5875,2013-11-03 05:00:00,ACTIVITY_DROP,656.0822999999999,1346.1814000000002,ACTIVITY_DROP: current activity 656.08 is 0.49x the baseline 1346.18.
5875,2013-11-03 06:00:00,ACTIVITY_DROP,609.9838000000001,1346.1814000000002,ACTIVITY_DROP: current activity 609.98 is 0.45x the baseline 1346.18.
5876,2013-11-03 06:00:00,ACTIVITY_DROP,786.4928,1636.1277,ACTIVITY_DROP: current activity 786.49 is 0.48x the baseline 1636.13.
5945,2013-11-03 03:00:00,ACTIVITY_DROP,536.2863,1102.0591,ACTIVITY_DROP: current activity 536.29 is 0.49x the baseline 1102.06.
5945,2013-11-03 04:00:00,ACTIVITY_DROP,538.6993000000001,1102.0591,ACTIVITY_DROP: current activity 538.70 is 0.49x the baseline 1102.06.
5945,2013-11-03 05:00:00,ACTIVITY_DROP,495.12780000000004,1102.0591,ACTIVITY_DROP: current activity 495.13 is 0.45x the baseline 1102.06.
5945,2013-11-03 06:00:00,ACTIVITY_DROP,549.529,1102.0591,ACTIVITY_DROP: current activity 549.53 is 0.50x the baseline 1102.06.
5945,2013-11-03 18:00:00,HIGH_ACTIVITY,1974.3690000000001,1083.0039,HIGH_ACTIVITY: current activity 1974.37 is 1.82x the baseline 1083.00.
5945,2013-11-03 19:00:00,HIGH_ACTIVITY,1935.6752000000001,1083.0039,HIGH_ACTIVITY: current activity 1935.68 is 1.79x the baseline 1083.00.
5945,2013-11-03 20:00:00,HIGH_ACTIVITY,1934.9621,1083.0039,HIGH_ACTIVITY: current activity 1934.96 is 1.79x the baseline 1083.00.
5945,2013-11-03 21:00:00,HIGH_ACTIVITY,1820.3002999999999,1083.0039,HIGH_ACTIVITY: current activity 1820.30 is 1.68x the baseline 1083.00.
5945,2013-11-03 22:00:00,HIGH_ACTIVITY,1653.2934,1083.0039,HIGH_ACTIVITY: current activity 1653.29 is 1.53x the baseline 1083.00.
5946,2013-11-03 03:00:00,ACTIVITY_DROP,545.2207999999999,1139.3741,ACTIVITY_DROP: current activity 545.22 is 0.48x the baseline 1139.37.
5946,2013-11-03 04:00:00,ACTIVITY_DROP,544.1581000000001,1139.3741,ACTIVITY_DROP: current activity 544.16 is 0.48x the baseline 1139.37.
5946,2013-11-03 05:00:00,ACTIVITY_DROP,510.15229999999997,1139.3741,ACTIVITY_DROP: current activity 510.15 is 0.45x the baseline 1139.37.
5946,2013-11-03 06:00:00,ACTIVITY_DROP,551.0194,1139.3741,ACTIVITY_DROP: current activity 551.02 is 0.48x the baseline 1139.37.
5946,2013-11-03 08:00:00,ACTIVITY_SPIKE,1013.3818,1139.3741,ACTIVITY_SPIKE: current activity 1013.38 increased sharply from the previous hour 669.37.
5946,2013-11-03 18:00:00,HIGH_ACTIVITY,1887.7408,1135.9996,HIGH_ACTIVITY: current activity 1887.74 is 1.66x the baseline 1136.00.
5946,2013-11-03 19:00:00,HIGH_ACTIVITY,1936.9647,1135.9996,HIGH_ACTIVITY: current activity 1936.96 is 1.71x the baseline 1136.00.
5946,2013-11-03 20:00:00,HIGH_ACTIVITY,2040.8708000000001,1135.9996,HIGH_ACTIVITY: current activity 2040.87 is 1.80x the baseline 1136.00.
5946,2013-11-03 21:00:00,HIGH_ACTIVITY,1816.3075999999996,1135.9996,HIGH_ACTIVITY: current activity 1816.31 is 1.60x the baseline 1136.00.
5946,2013-11-03 22:00:00,HIGH_ACTIVITY,1750.2805,1135.9996,HIGH_ACTIVITY: current activity 1750.28 is 1.54x the baseline 1136.00.
5948,2013-11-03 01:00:00,ACTIVITY_DROP,432.2451,1291.2737,ACTIVITY_DROP: current activity 432.25 is 0.33x the baseline 1291.27.
5948,2013-11-03 02:00:00,ACTIVITY_DROP,408.4344,1291.2737,ACTIVITY_DROP: current activity 408.43 is 0.32x the baseline 1291.27.
5948,2013-11-03 03:00:00,ACTIVITY_DROP,402.4226,1291.2737,ACTIVITY_DROP: current activity 402.42 is 0.31x the baseline 1291.27.
5948,2013-11-03 04:00:00,ACTIVITY_DROP,437.9116,1291.2737,ACTIVITY_DROP: current activity 437.91 is 0.34x the baseline 1291.27.
5948,2013-11-03 05:00:00,ACTIVITY_DROP,378.2616,1291.2737,ACTIVITY_DROP: current activity 378.26 is 0.29x the baseline 1291.27.
5948,2013-11-03 06:00:00,ACTIVITY_DROP,352.8568,1291.2737,ACTIVITY_DROP: current activity 352.86 is 0.27x the baseline 1291.27.
5948,2013-11-03 07:00:00,ACTIVITY_DROP,418.73220000000003,1291.2737,ACTIVITY_DROP: current activity 418.73 is 0.32x the baseline 1291.27.
5948,2013-11-03 08:00:00,ACTIVITY_SPIKE,693.5160000000001,1291.2737,ACTIVITY_SPIKE: current activity 693.52 increased sharply from the previous hour 418.73.
5948,2013-11-03 09:00:00,ACTIVITY_SPIKE,1074.1487,1291.2737,ACTIVITY_SPIKE: current activity 1074.15 increased sharply from the previous hour 693.52.
5948,2013-11-03 11:00:00,HIGH_ACTIVITY,2499.6616999999997,1074.1487,HIGH_ACTIVITY: current activity 2499.66 is 2.33x the baseline 1074.15.
5948,2013-11-03 11:00:00,ACTIVITY_SPIKE,2499.6616999999997,1074.1487,ACTIVITY_SPIKE: current activity 2499.66 increased sharply from the previous hour 1608.46.
5948,2013-11-03 12:00:00,HIGH_ACTIVITY,2508.3081,1074.1487,HIGH_ACTIVITY: current activity 2508.31 is 2.34x the baseline 1074.15.
5948,2013-11-03 13:00:00,HIGH_ACTIVITY,2345.149,1074.1487,HIGH_ACTIVITY: current activity 2345.15 is 2.18x the baseline 1074.15.
5948,2013-11-03 14:00:00,HIGH_ACTIVITY,2338.6351999999997,1074.1487,HIGH_ACTIVITY: current activity 2338.64 is 2.18x the baseline 1074.15.
5948,2013-11-03 15:00:00,HIGH_ACTIVITY,2498.4595,1074.1487,HIGH_ACTIVITY: current activity 2498.46 is 2.33x the baseline 1074.15.
5948,2013-11-03 16:00:00,HIGH_ACTIVITY,2673.9027,1074.1487,HIGH_ACTIVITY: current activity 2673.90 is 2.49x the baseline 1074.15.
5948,2013-11-03 17:00:00,HIGH_ACTIVITY,2567.3815,1074.1487,HIGH_ACTIVITY: current activity 2567.38 is 2.39x the baseline 1074.15.
5948,2013-11-03 18:00:00,HIGH_ACTIVITY,2937.4255999999996,1074.1487,HIGH_ACTIVITY: current activity 2937.43 is 2.73x the baseline 1074.15.
5948,2013-11-03 19:00:00,HIGH_ACTIVITY,2306.2365,1074.1487,HIGH_ACTIVITY: current activity 2306.24 is 2.15x the baseline 1074.15.
5948,2013-11-03 20:00:00,HIGH_ACTIVITY,1887.3921,1074.1487,HIGH_ACTIVITY: current activity 1887.39 is 1.76x the baseline 1074.15.
5949,2013-11-03 02:00:00,ACTIVITY_DROP,636.9601,1447.6977,ACTIVITY_DROP: current activity 636.96 is 0.44x the baseline 1447.70.
5949,2013-11-03 03:00:00,ACTIVITY_DROP,556.8238000000001,1447.6977,ACTIVITY_DROP: current activity 556.82 is 0.38x the baseline 1447.70.
5949,2013-11-03 04:00:00,ACTIVITY_DROP,509.1241,1447.6977,ACTIVITY_DROP: current activity 509.12 is 0.35x the baseline 1447.70.
5949,2013-11-03 05:00:00,ACTIVITY_DROP,445.84000000000003,1447.6977,ACTIVITY_DROP: current activity 445.84 is 0.31x the baseline 1447.70.
5949,2013-11-03 06:00:00,ACTIVITY_DROP,423.5034,1447.6977,ACTIVITY_DROP: current activity 423.50 is 0.29x the baseline 1447.70.
5949,2013-11-03 07:00:00,ACTIVITY_DROP,480.9886,1447.6977,ACTIVITY_DROP: current activity 480.99 is 0.33x the baseline 1447.70.
5949,2013-11-03 08:00:00,ACTIVITY_DROP,659.6533000000001,1447.6977,ACTIVITY_DROP: current activity 659.65 is 0.46x the baseline 1447.70.
5949,2013-11-03 09:00:00,ACTIVITY_SPIKE,999.5349,1447.6977,ACTIVITY_SPIKE: current activity 999.53 increased sharply from the previous hour 659.65.
5949,2013-11-03 14:00:00,HIGH_ACTIVITY,2411.1351,1368.7587999999998,HIGH_ACTIVITY: current activity 2411.14 is 1.76x the baseline 1368.76.
5949,2013-11-03 15:00:00,HIGH_ACTIVITY,2177.1859,1368.7587999999998,HIGH_ACTIVITY: current activity 2177.19 is 1.59x the baseline 1368.76.
5949,2013-11-03 16:00:00,HIGH_ACTIVITY,2103.2868,1368.7587999999998,HIGH_ACTIVITY: current activity 2103.29 is 1.54x the baseline 1368.76.
5950,2013-11-03 04:00:00,ACTIVITY_DROP,826.0007,1841.6111,ACTIVITY_DROP: current activity 826.00 is 0.45x the baseline 1841.61.
5950,2013-11-03 05:00:00,ACTIVITY_DROP,749.5798,1841.6111,ACTIVITY_DROP: current activity 749.58 is 0.41x the baseline 1841.61.
5950,2013-11-03 06:00:00,ACTIVITY_DROP,747.019,1841.6111,ACTIVITY_DROP: current activity 747.02 is 0.41x the baseline 1841.61.
5950,2013-11-03 07:00:00,ACTIVITY_DROP,756.2882999999999,1841.6111,ACTIVITY_DROP: current activity 756.29 is 0.41x the baseline 1841.61.
5950,2013-11-03 14:00:00,HIGH_ACTIVITY,2742.5489,1676.9217,HIGH_ACTIVITY: current activity 2742.55 is 1.64x the baseline 1676.92.
5951,2013-11-03 22:00:00,HIGH_ACTIVITY,3360.9691,1847.6579000000002,HIGH_ACTIVITY: current activity 3360.97 is 1.82x the baseline 1847.66.
5952,2013-11-03 03:00:00,ACTIVITY_DROP,1145.0678,2419.51,ACTIVITY_DROP: current activity 1145.07 is 0.47x the baseline 2419.51.
5952,2013-11-03 04:00:00,ACTIVITY_DROP,1000.7592,2419.51,ACTIVITY_DROP: current activity 1000.76 is 0.41x the baseline 2419.51.
5952,2013-11-03 05:00:00,ACTIVITY_DROP,952.4257999999999,2419.51,ACTIVITY_DROP: current activity 952.43 is 0.39x the baseline 2419.51.
5952,2013-11-03 06:00:00,ACTIVITY_DROP,935.6269,2419.51,ACTIVITY_DROP: current activity 935.63 is 0.39x the baseline 2419.51.
5952,2013-11-03 08:00:00,ACTIVITY_SPIKE,2155.0243,2419.51,ACTIVITY_SPIKE: current activity 2155.02 increased sharply from the previous hour 1275.40.
5952,2013-11-03 22:00:00,HIGH_ACTIVITY,4160.4891,2412.2973,HIGH_ACTIVITY: current activity 4160.49 is 1.72x the baseline 2412.30.
5953,2013-11-03 03:00:00,ACTIVITY_DROP,1392.4085,2796.2615000000005,ACTIVITY_DROP: current activity 1392.41 is 0.50x the baseline 2796.26.
5953,2013-11-03 04:00:00,ACTIVITY_DROP,1167.6534000000001,2796.2615000000005,ACTIVITY_DROP: current activity 1167.65 is 0.42x the baseline 2796.26.
5953,2013-11-03 05:00:00,ACTIVITY_DROP,1055.6993000000002,2796.2615000000005,ACTIVITY_DROP: current activity 1055.70 is 0.38x the baseline 2796.26.
5953,2013-11-03 06:00:00,ACTIVITY_DROP,1076.0415,2796.2615000000005,ACTIVITY_DROP: current activity 1076.04 is 0.38x the baseline 2796.26.
5953,2013-11-03 07:00:00,ACTIVITY_DROP,1218.8807,2796.2615000000005,ACTIVITY_DROP: current activity 1218.88 is 0.44x the baseline 2796.26.
5954,2013-11-03 03:00:00,ACTIVITY_DROP,2218.9566999999997,4495.0316,ACTIVITY_DROP: current activity 2218.96 is 0.49x the baseline 4495.03.
5954,2013-11-03 04:00:00,ACTIVITY_DROP,1860.5795,4495.0316,ACTIVITY_DROP: current activity 1860.58 is 0.41x the baseline 4495.03.
5954,2013-11-03 05:00:00,ACTIVITY_DROP,1630.2838000000002,4495.0316,ACTIVITY_DROP: current activity 1630.28 is 0.36x the baseline 4495.03.
5954,2013-11-03 06:00:00,ACTIVITY_DROP,1472.7995999999998,4495.0316,ACTIVITY_DROP: current activity 1472.80 is 0.33x the baseline 4495.03.
5954,2013-11-03 07:00:00,ACTIVITY_DROP,1492.569,4495.0316,ACTIVITY_DROP: current activity 1492.57 is 0.33x the baseline 4495.03.
5954,2013-11-03 08:00:00,ACTIVITY_DROP,1935.5516000000002,4495.0316,ACTIVITY_DROP: current activity 1935.55 is 0.43x the baseline 4495.03.
5954,2013-11-03 09:00:00,ACTIVITY_SPIKE,3076.9753,4495.0316,ACTIVITY_SPIKE: current activity 3076.98 increased sharply from the previous hour 1935.55.
5955,2013-11-03 03:00:00,ACTIVITY_DROP,2660.9881000000005,7256.730700000001,ACTIVITY_DROP: current activity 2660.99 is 0.37x the baseline 7256.73.
5955,2013-11-03 04:00:00,ACTIVITY_DROP,2453.1872000000003,7256.730700000001,ACTIVITY_DROP: current activity 2453.19 is 0.34x the baseline 7256.73.
5955,2013-11-03 05:00:00,ACTIVITY_DROP,2292.4880000000003,7256.730700000001,ACTIVITY_DROP: current activity 2292.49 is 0.32x the baseline 7256.73.
5955,2013-11-03 06:00:00,ACTIVITY_DROP,2175.7176,7256.730700000001,ACTIVITY_DROP: current activity 2175.72 is 0.30x the baseline 7256.73.
5955,2013-11-03 07:00:00,ACTIVITY_DROP,2289.5117,7256.730700000001,ACTIVITY_DROP: current activity 2289.51 is 0.32x the baseline 7256.73.
5955,2013-11-03 08:00:00,ACTIVITY_DROP,3050.0364,7256.730700000001,ACTIVITY_DROP: current activity 3050.04 is 0.42x the baseline 7256.73.
5955,2013-11-03 09:00:00,ACTIVITY_SPIKE,5120.8820000000005,7256.730700000001,ACTIVITY_SPIKE: current activity 5120.88 increased sharply from the previous hour 3050.04.
5955,2013-11-03 16:00:00,HIGH_ACTIVITY,11372.419599999997,7219.134800000001,HIGH_ACTIVITY: current activity 11372.42 is 1.58x the baseline 7219.13.
5955,2013-11-03 17:00:00,HIGH_ACTIVITY,11593.6024,7219.134800000001,HIGH_ACTIVITY: current activity 11593.60 is 1.61x the baseline 7219.13.
5956,2013-11-03 03:00:00,ACTIVITY_DROP,1894.3266999999998,3870.6118000000006,ACTIVITY_DROP: current activity 1894.33 is 0.49x the baseline 3870.61.
5956,2013-11-03 04:00:00,ACTIVITY_DROP,1872.2427,3870.6118000000006,ACTIVITY_DROP: current activity 1872.24 is 0.48x the baseline 3870.61.
5956,2013-11-03 05:00:00,ACTIVITY_DROP,1594.5227,3870.6118000000006,ACTIVITY_DROP: current activity 1594.52 is 0.41x the baseline 3870.61.
5956,2013-11-03 06:00:00,ACTIVITY_DROP,1723.1868,3870.6118000000006,ACTIVITY_DROP: current activity 1723.19 is 0.45x the baseline 3870.61.
5956,2013-11-03 07:00:00,ACTIVITY_DROP,1885.2857999999999,3870.6118000000006,ACTIVITY_DROP: current activity 1885.29 is 0.49x the baseline 3870.61.
5956,2013-11-03 08:00:00,ACTIVITY_DROP,1766.9524999999999,3870.6118000000006,ACTIVITY_DROP: current activity 1766.95 is 0.46x the baseline 3870.61.
5956,2013-11-03 09:00:00,ACTIVITY_SPIKE,4030.5273999999995,3404.1575999999995,ACTIVITY_SPIKE: current activity 4030.53 increased sharply from the previous hour 1766.95.
5956,2013-11-03 10:00:00,HIGH_ACTIVITY,6173.3986,3404.1575999999995,HIGH_ACTIVITY: current activity 6173.40 is 1.81x the baseline 3404.16.
5956,2013-11-03 10:00:00,ACTIVITY_SPIKE,6173.3986,3404.1575999999995,ACTIVITY_SPIKE: current activity 6173.40 increased sharply from the previous hour 4030.53.
5956,2013-11-03 11:00:00,HIGH_ACTIVITY,5870.3265,3404.1575999999995,HIGH_ACTIVITY: current activity 5870.33 is 1.72x the baseline 3404.16.
5956,2013-11-03 12:00:00,HIGH_ACTIVITY,6511.415599999999,3404.1575999999995,HIGH_ACTIVITY: current activity 6511.42 is 1.91x the baseline 3404.16.
5956,2013-11-03 13:00:00,HIGH_ACTIVITY,6045.197700000001,3404.1575999999995,HIGH_ACTIVITY: current activity 6045.20 is 1.78x the baseline 3404.16.
5956,2013-11-03 14:00:00,HIGH_ACTIVITY,7126.8606,3404.1575999999995,HIGH_ACTIVITY: current activity 7126.86 is 2.09x the baseline 3404.16.
5956,2013-11-03 15:00:00,HIGH_ACTIVITY,7168.838000000001,3404.1575999999995,HIGH_ACTIVITY: current activity 7168.84 is 2.11x the baseline 3404.16.
5956,2013-11-03 16:00:00,HIGH_ACTIVITY,7230.231600000001,3404.1575999999995,HIGH_ACTIVITY: current activity 7230.23 is 2.12x the baseline 3404.16.
5956,2013-11-03 17:00:00,HIGH_ACTIVITY,8451.3076,3404.1575999999995,HIGH_ACTIVITY: current activity 8451.31 is 2.48x the baseline 3404.16.
5956,2013-11-03 18:00:00,HIGH_ACTIVITY,7652.938,3404.1575999999995,HIGH_ACTIVITY: current activity 7652.94 is 2.25x the baseline 3404.16.
5956,2013-11-03 19:00:00,HIGH_ACTIVITY,6366.4646,3404.1575999999995,HIGH_ACTIVITY: current activity 6366.46 is 1.87x the baseline 3404.16.
5957,2013-11-03 02:00:00,ACTIVITY_DROP,2110.5661,4760.7686,ACTIVITY_DROP: current activity 2110.57 is 0.44x the baseline 4760.77.
5957,2013-11-03 03:00:00,ACTIVITY_DROP,1600.3387,4760.7686,ACTIVITY_DROP: current activity 1600.34 is 0.34x the baseline 4760.77.
5957,2013-11-03 04:00:00,ACTIVITY_DROP,1525.5893,4760.7686,ACTIVITY_DROP: current activity 1525.59 is 0.32x the baseline 4760.77.
5957,2013-11-03 05:00:00,ACTIVITY_DROP,1309.0663,4760.7686,ACTIVITY_DROP: current activity 1309.07 is 0.27x the baseline 4760.77.
5957,2013-11-03 06:00:00,ACTIVITY_DROP,1377.3875,4760.7686,ACTIVITY_DROP: current activity 1377.39 is 0.29x the baseline 4760.77.
5957,2013-11-03 07:00:00,ACTIVITY_DROP,1492.1493999999998,4760.7686,ACTIVITY_DROP: current activity 1492.15 is 0.31x the baseline 4760.77.
5957,2013-11-03 08:00:00,ACTIVITY_DROP,1757.5203999999999,4760.7686,ACTIVITY_DROP: current activity 1757.52 is 0.37x the baseline 4760.77.
5957,2013-11-03 09:00:00,ACTIVITY_SPIKE,2851.3470999999995,4760.7686,ACTIVITY_SPIKE: current activity 2851.35 increased sharply from the previous hour 1757.52.
5957,2013-11-03 17:00:00,HIGH_ACTIVITY,6641.7265,4130.38,HIGH_ACTIVITY: current activity 6641.73 is 1.61x the baseline 4130.38.
5957,2013-11-03 18:00:00,HIGH_ACTIVITY,6552.001699999999,4130.38,HIGH_ACTIVITY: current activity 6552.00 is 1.59x the baseline 4130.38.
5957,2013-11-03 19:00:00,HIGH_ACTIVITY,6865.5717,4130.38,HIGH_ACTIVITY: current activity 6865.57 is 1.66x the baseline 4130.38.
5957,2013-11-03 20:00:00,HIGH_ACTIVITY,6862.719999999999,4130.38,HIGH_ACTIVITY: current activity 6862.72 is 1.66x the baseline 4130.38.
5958,2013-11-03 04:00:00,ACTIVITY_DROP,1570.0211999999997,3456.6547,ACTIVITY_DROP: current activity 1570.02 is 0.45x the baseline 3456.65.
5958,2013-11-03 05:00:00,ACTIVITY_DROP,1146.1321,3456.6547,ACTIVITY_DROP: current activity 1146.13 is 0.33x the baseline 3456.65.
5958,2013-11-03 06:00:00,ACTIVITY_DROP,977.0507,3456.6547,ACTIVITY_DROP: current activity 977.05 is 0.28x the baseline 3456.65.
5958,2013-11-03 07:00:00,ACTIVITY_DROP,1209.9801,3456.6547,ACTIVITY_DROP: current activity 1209.98 is 0.35x the baseline 3456.65.
5958,2013-11-03 08:00:00,ACTIVITY_DROP,1517.7702,3456.6547,ACTIVITY_DROP: current activity 1517.77 is 0.44x the baseline 3456.65.
5958,2013-11-03 15:00:00,HIGH_ACTIVITY,5448.033600000001,3226.0672,HIGH_ACTIVITY: current activity 5448.03 is 1.69x the baseline 3226.07.
5958,2013-11-03 17:00:00,HIGH_ACTIVITY,5289.6017,3226.0672,HIGH_ACTIVITY: current activity 5289.60 is 1.64x the baseline 3226.07.
5958,2013-11-03 18:00:00,HIGH_ACTIVITY,5105.140200000001,3226.0672,HIGH_ACTIVITY: current activity 5105.14 is 1.58x the baseline 3226.07.
5959,2013-11-03 00:00:00,HIGH_ACTIVITY,6396.7867,3795.4663,HIGH_ACTIVITY: current activity 6396.79 is 1.69x the baseline 3795.47.
5959,2013-11-03 05:00:00,ACTIVITY_DROP,1475.5104,4079.4006000000004,ACTIVITY_DROP: current activity 1475.51 is 0.36x the baseline 4079.40.
5959,2013-11-03 06:00:00,ACTIVITY_DROP,1872.7975999999999,4079.4006000000004,ACTIVITY_DROP: current activity 1872.80 is 0.46x the baseline 4079.40.
5959,2013-11-03 07:00:00,ACTIVITY_DROP,1988.8307,4079.4006000000004,ACTIVITY_DROP: current activity 1988.83 is 0.49x the baseline 4079.40.
5959,2013-11-03 08:00:00,ACTIVITY_DROP,2034.3158,4079.4006000000004,ACTIVITY_DROP: current activity 2034.32 is 0.50x the baseline 4079.40.
5959,2013-11-03 18:00:00,HIGH_ACTIVITY,5800.416,3795.4663,HIGH_ACTIVITY: current activity 5800.42 is 1.53x the baseline 3795.47.
5960,2013-11-03 00:00:00,HIGH_ACTIVITY,3014.0903999999996,1902.7090000000003,HIGH_ACTIVITY: current activity 3014.09 is 1.58x the baseline 1902.71.
5960,2013-11-03 04:00:00,ACTIVITY_DROP,944.5355,2086.0694,ACTIVITY_DROP: current activity 944.54 is 0.45x the baseline 2086.07.
5960,2013-11-03 05:00:00,ACTIVITY_DROP,739.7521,2086.0694,ACTIVITY_DROP: current activity 739.75 is 0.35x the baseline 2086.07.
5960,2013-11-03 06:00:00,ACTIVITY_DROP,986.7682,2086.0694,ACTIVITY_DROP: current activity 986.77 is 0.47x the baseline 2086.07.
5960,2013-11-03 07:00:00,ACTIVITY_DROP,938.5093999999999,2086.0694,ACTIVITY_DROP: current activity 938.51 is 0.45x the baseline 2086.07.
5960,2013-11-03 11:00:00,ACTIVITY_SPIKE,2142.6845,1902.7090000000003,ACTIVITY_SPIKE: current activity 2142.68 increased sharply from the previous hour 1284.80.
5960,2013-11-03 18:00:00,HIGH_ACTIVITY,3033.1282999999994,1902.7090000000003,HIGH_ACTIVITY: current activity 3033.13 is 1.59x the baseline 1902.71.
5961,2013-11-03 03:00:00,ACTIVITY_DROP,571.5039999999999,1218.7441000000001,ACTIVITY_DROP: current activity 571.50 is 0.47x the baseline 1218.74.
5961,2013-11-03 04:00:00,ACTIVITY_DROP,586.1067,1218.7441000000001,ACTIVITY_DROP: current activity 586.11 is 0.48x the baseline 1218.74.
5961,2013-11-03 05:00:00,ACTIVITY_DROP,522.7149999999999,1218.7441000000001,ACTIVITY_DROP: current activity 522.71 is 0.43x the baseline 1218.74.
5961,2013-11-03 06:00:00,ACTIVITY_DROP,506.7512,1218.7441000000001,ACTIVITY_DROP: current activity 506.75 is 0.42x the baseline 1218.74.
5961,2013-11-03 07:00:00,ACTIVITY_DROP,526.9269,1218.7441000000001,ACTIVITY_DROP: current activity 526.93 is 0.43x the baseline 1218.74.
5961,2013-11-03 23:00:00,HIGH_ACTIVITY,2000.2888,1195.4593,HIGH_ACTIVITY: current activity 2000.29 is 1.67x the baseline 1195.46.
5961,2013-11-03 23:00:00,ACTIVITY_SPIKE,2000.2888,1195.4593,ACTIVITY_SPIKE: current activity 2000.29 increased sharply from the previous hour 1325.27.
5962,2013-11-03 03:00:00,ACTIVITY_DROP,881.1457999999999,1764.704,ACTIVITY_DROP: current activity 881.15 is 0.50x the baseline 1764.70.
5962,2013-11-03 08:00:00,ACTIVITY_SPIKE,1469.8559,1764.704,ACTIVITY_SPIKE: current activity 1469.86 increased sharply from the previous hour 955.86.
5962,2013-11-03 21:00:00,HIGH_ACTIVITY,2923.2056999999995,1737.7957,HIGH_ACTIVITY: current activity 2923.21 is 1.68x the baseline 1737.80.
5963,2013-11-03 06:00:00,ACTIVITY_DROP,1096.1322,2305.6943,ACTIVITY_DROP: current activity 1096.13 is 0.48x the baseline 2305.69.
5963,2013-11-03 07:00:00,ACTIVITY_DROP,1152.4182999999998,2305.6943,ACTIVITY_DROP: current activity 1152.42 is 0.50x the baseline 2305.69.
5963,2013-11-03 08:00:00,ACTIVITY_SPIKE,1872.4926,2305.6943,ACTIVITY_SPIKE: current activity 1872.49 increased sharply from the previous hour 1152.42.
5964,2013-11-03 04:00:00,ACTIVITY_DROP,1234.8362000000002,2604.1412,ACTIVITY_DROP: current activity 1234.84 is 0.47x the baseline 2604.14.
5964,2013-11-03 06:00:00,ACTIVITY_DROP,1156.7556,2604.1412,ACTIVITY_DROP: current activity 1156.76 is 0.44x the baseline 2604.14.
5964,2013-11-03 08:00:00,ACTIVITY_SPIKE,2041.6893999999998,2604.1412,ACTIVITY_SPIKE: current activity 2041.69 increased sharply from the previous hour 1320.99.
5965,2013-11-03 03:00:00,ACTIVITY_DROP,1541.4356000000002,3622.1943,ACTIVITY_DROP: current activity 1541.44 is 0.43x the baseline 3622.19.
5965,2013-11-03 04:00:00,ACTIVITY_DROP,1416.3159999999998,3622.1943,ACTIVITY_DROP: current activity 1416.32 is 0.39x the baseline 3622.19.
5965,2013-11-03 05:00:00,ACTIVITY_DROP,1545.9709,3622.1943,ACTIVITY_DROP: current activity 1545.97 is 0.43x the baseline 3622.19.
5965,2013-11-03 06:00:00,ACTIVITY_DROP,1645.9427999999998,3622.1943,ACTIVITY_DROP: current activity 1645.94 is 0.45x the baseline 3622.19.
5966,2013-11-03 03:00:00,ACTIVITY_DROP,1499.5798,3033.637,ACTIVITY_DROP: current activity 1499.58 is 0.49x the baseline 3033.64.
5966,2013-11-03 04:00:00,ACTIVITY_DROP,1313.8636,3033.637,ACTIVITY_DROP: current activity 1313.86 is 0.43x the baseline 3033.64.
5966,2013-11-03 05:00:00,ACTIVITY_DROP,1327.8678,3033.637,ACTIVITY_DROP: current activity 1327.87 is 0.44x the baseline 3033.64.
5966,2013-11-03 06:00:00,ACTIVITY_DROP,1419.1184,3033.637,ACTIVITY_DROP: current activity 1419.12 is 0.47x the baseline 3033.64.
5967,2013-11-03 02:00:00,ACTIVITY_DROP,2066.6479,4360.7588,ACTIVITY_DROP: current activity 2066.65 is 0.47x the baseline 4360.76.
5967,2013-11-03 03:00:00,ACTIVITY_DROP,1975.1411000000003,4360.7588,ACTIVITY_DROP: current activity 1975.14 is 0.45x the baseline 4360.76.
5967,2013-11-03 04:00:00,ACTIVITY_DROP,1788.3824,4360.7588,ACTIVITY_DROP: current activity 1788.38 is 0.41x the baseline 4360.76.
5967,2013-11-03 05:00:00,ACTIVITY_DROP,1749.7217,4360.7588,ACTIVITY_DROP: current activity 1749.72 is 0.40x the baseline 4360.76.
5967,2013-11-03 06:00:00,ACTIVITY_DROP,1749.1744,4360.7588,ACTIVITY_DROP: current activity 1749.17 is 0.40x the baseline 4360.76.
5967,2013-11-03 07:00:00,ACTIVITY_DROP,1933.6297,4360.7588,ACTIVITY_DROP: current activity 1933.63 is 0.44x the baseline 4360.76.
5967,2013-11-03 18:00:00,HIGH_ACTIVITY,6728.8383,4266.5336,HIGH_ACTIVITY: current activity 6728.84 is 1.58x the baseline 4266.53.
5968,2013-11-03 02:00:00,ACTIVITY_DROP,1650.7515,3834.9076000000005,ACTIVITY_DROP: current activity 1650.75 is 0.43x the baseline 3834.91.
5968,2013-11-03 03:00:00,ACTIVITY_DROP,1369.6926,3834.9076000000005,ACTIVITY_DROP: current activity 1369.69 is 0.36x the baseline 3834.91.
5968,2013-11-03 04:00:00,ACTIVITY_DROP,1287.6177000000002,3834.9076000000005,ACTIVITY_DROP: current activity 1287.62 is 0.34x the baseline 3834.91.
5968,2013-11-03 05:00:00,ACTIVITY_DROP,1236.8079,3834.9076000000005,ACTIVITY_DROP: current activity 1236.81 is 0.32x the baseline 3834.91.
5968,2013-11-03 06:00:00,ACTIVITY_DROP,1210.1182000000001,3834.9076000000005,ACTIVITY_DROP: current activity 1210.12 is 0.32x the baseline 3834.91.
5968,2013-11-03 07:00:00,ACTIVITY_DROP,1564.7749,3834.9076000000005,ACTIVITY_DROP: current activity 1564.77 is 0.41x the baseline 3834.91.
5968,2013-11-03 08:00:00,ACTIVITY_DROP,1798.8756,3834.9076000000005,ACTIVITY_DROP: current activity 1798.88 is 0.47x the baseline 3834.91.
5968,2013-11-03 18:00:00,HIGH_ACTIVITY,5713.323799999999,3419.2112000000006,HIGH_ACTIVITY: current activity 5713.32 is 1.67x the baseline 3419.21.
5968,2013-11-03 19:00:00,HIGH_ACTIVITY,5328.5168,3419.2112000000006,HIGH_ACTIVITY: current activity 5328.52 is 1.56x the baseline 3419.21.
5968,2013-11-03 21:00:00,HIGH_ACTIVITY,5133.464,3419.2112000000006,HIGH_ACTIVITY: current activity 5133.46 is 1.50x the baseline 3419.21.
5969,2013-11-03 03:00:00,ACTIVITY_DROP,1089.3983,2495.1531,ACTIVITY_DROP: current activity 1089.40 is 0.44x the baseline 2495.15.
5969,2013-11-03 04:00:00,ACTIVITY_DROP,995.4792999999999,2495.1531,ACTIVITY_DROP: current activity 995.48 is 0.40x the baseline 2495.15.
5969,2013-11-03 05:00:00,ACTIVITY_DROP,921.2056,2495.1531,ACTIVITY_DROP: current activity 921.21 is 0.37x the baseline 2495.15.
5969,2013-11-03 06:00:00,ACTIVITY_DROP,929.4848,2495.1531,ACTIVITY_DROP: current activity 929.48 is 0.37x the baseline 2495.15.
5969,2013-11-03 07:00:00,ACTIVITY_SPIKE,1404.9083,2495.1531,ACTIVITY_SPIKE: current activity 1404.91 increased sharply from the previous hour 929.48.
5969,2013-11-03 19:00:00,HIGH_ACTIVITY,3631.7044000000005,2400.0049,HIGH_ACTIVITY: current activity 3631.70 is 1.51x the baseline 2400.00.
5969,2013-11-03 20:00:00,HIGH_ACTIVITY,3755.1032,2400.0049,HIGH_ACTIVITY: current activity 3755.10 is 1.56x the baseline 2400.00.
5969,2013-11-03 21:00:00,HIGH_ACTIVITY,4192.3624,2400.0049,HIGH_ACTIVITY: current activity 4192.36 is 1.75x the baseline 2400.00.
5970,2013-11-03 04:00:00,ACTIVITY_DROP,1189.3317,2462.1769,ACTIVITY_DROP: current activity 1189.33 is 0.48x the baseline 2462.18.
5970,2013-11-03 05:00:00,ACTIVITY_DROP,923.9966000000001,2462.1769,ACTIVITY_DROP: current activity 924.00 is 0.38x the baseline 2462.18.
5970,2013-11-03 06:00:00,ACTIVITY_DROP,931.5054000000001,2462.1769,ACTIVITY_DROP: current activity 931.51 is 0.38x the baseline 2462.18.
5970,2013-11-03 07:00:00,ACTIVITY_DROP,1095.2748000000001,2462.1769,ACTIVITY_DROP: current activity 1095.27 is 0.44x the baseline 2462.18.
5971,2013-11-03 02:00:00,ACTIVITY_DROP,841.676,2071.6329,ACTIVITY_DROP: current activity 841.68 is 0.41x the baseline 2071.63.
5971,2013-11-03 03:00:00,ACTIVITY_DROP,696.2006,2071.6329,ACTIVITY_DROP: current activity 696.20 is 0.34x the baseline 2071.63.
5971,2013-11-03 04:00:00,ACTIVITY_DROP,638.4031,2071.6329,ACTIVITY_DROP: current activity 638.40 is 0.31x the baseline 2071.63.
5971,2013-11-03 05:00:00,ACTIVITY_DROP,652.9866000000001,2071.6329,ACTIVITY_DROP: current activity 652.99 is 0.32x the baseline 2071.63.
5971,2013-11-03 06:00:00,ACTIVITY_DROP,720.8588000000001,2071.6329,ACTIVITY_DROP: current activity 720.86 is 0.35x the baseline 2071.63.
5971,2013-11-03 07:00:00,ACTIVITY_DROP,952.3649,2071.6329,ACTIVITY_DROP: current activity 952.36 is 0.46x the baseline 2071.63.
5971,2013-11-03 08:00:00,ACTIVITY_DROP,929.6812,2071.6329,ACTIVITY_DROP: current activity 929.68 is 0.45x the baseline 2071.63.
5971,2013-11-03 16:00:00,HIGH_ACTIVITY,2742.6701,1744.0259,HIGH_ACTIVITY: current activity 2742.67 is 1.57x the baseline 1744.03.
5971,2013-11-03 17:00:00,HIGH_ACTIVITY,2757.6750999999995,1744.0259,HIGH_ACTIVITY: current activity 2757.68 is 1.58x the baseline 1744.03.
5971,2013-11-03 18:00:00,HIGH_ACTIVITY,2905.8935,1744.0259,HIGH_ACTIVITY: current activity 2905.89 is 1.67x the baseline 1744.03.
5971,2013-11-03 19:00:00,HIGH_ACTIVITY,3057.3649,1744.0259,HIGH_ACTIVITY: current activity 3057.36 is 1.75x the baseline 1744.03.
5971,2013-11-03 20:00:00,HIGH_ACTIVITY,2716.7912,1744.0259,HIGH_ACTIVITY: current activity 2716.79 is 1.56x the baseline 1744.03.
5971,2013-11-03 21:00:00,HIGH_ACTIVITY,2633.1575000000003,1744.0259,HIGH_ACTIVITY: current activity 2633.16 is 1.51x the baseline 1744.03.
5971,2013-11-03 22:00:00,HIGH_ACTIVITY,3526.6764,1744.0259,HIGH_ACTIVITY: current activity 3526.68 is 2.02x the baseline 1744.03.
5971,2013-11-03 23:00:00,HIGH_ACTIVITY,2734.2618,1744.0259,HIGH_ACTIVITY: current activity 2734.26 is 1.57x the baseline 1744.03.
5972,2013-11-03 02:00:00,ACTIVITY_DROP,1070.0438000000001,2251.2671,ACTIVITY_DROP: current activity 1070.04 is 0.48x the baseline 2251.27.
5972,2013-11-03 03:00:00,ACTIVITY_DROP,888.3996999999999,2251.2671,ACTIVITY_DROP: current activity 888.40 is 0.39x the baseline 2251.27.
5972,2013-11-03 04:00:00,ACTIVITY_DROP,754.3359999999999,2251.2671,ACTIVITY_DROP: current activity 754.34 is 0.34x the baseline 2251.27.
5972,2013-11-03 05:00:00,ACTIVITY_DROP,845.5171,2251.2671,ACTIVITY_DROP: current activity 845.52 is 0.38x the baseline 2251.27.
5972,2013-11-03 06:00:00,ACTIVITY_DROP,771.1733,2251.2671,ACTIVITY_DROP: current activity 771.17 is 0.34x the baseline 2251.27.
5972,2013-11-03 07:00:00,ACTIVITY_DROP,1066.3848,2251.2671,ACTIVITY_DROP: current activity 1066.38 is 0.47x the baseline 2251.27.
5972,2013-11-03 08:00:00,ACTIVITY_DROP,1039.8213,2251.2671,ACTIVITY_DROP: current activity 1039.82 is 0.46x the baseline 2251.27.
5972,2013-11-03 19:00:00,HIGH_ACTIVITY,3325.5245000000004,2189.4700000000003,HIGH_ACTIVITY: current activity 3325.52 is 1.52x the baseline 2189.47.
5972,2013-11-03 22:00:00,HIGH_ACTIVITY,3414.2222,2189.4700000000003,HIGH_ACTIVITY: current activity 3414.22 is 1.56x the baseline 2189.47.
5972,2013-11-03 23:00:00,HIGH_ACTIVITY,3291.1775999999995,2189.4700000000003,HIGH_ACTIVITY: current activity 3291.18 is 1.50x the baseline 2189.47.
5973,2013-11-03 03:00:00,ACTIVITY_DROP,964.1831,2180.8594000000003,ACTIVITY_DROP: current activity 964.18 is 0.44x the baseline 2180.86.
5973,2013-11-03 04:00:00,ACTIVITY_DROP,918.9121,2180.8594000000003,ACTIVITY_DROP: current activity 918.91 is 0.42x the baseline 2180.86.
5973,2013-11-03 05:00:00,ACTIVITY_DROP,961.0642,2180.8594000000003,ACTIVITY_DROP: current activity 961.06 is 0.44x the baseline 2180.86.
5973,2013-11-03 06:00:00,ACTIVITY_DROP,881.0245,2180.8594000000003,ACTIVITY_DROP: current activity 881.02 is 0.40x the baseline 2180.86.
5973,2013-11-03 07:00:00,ACTIVITY_DROP,1013.3770999999999,2180.8594000000003,ACTIVITY_DROP: current activity 1013.38 is 0.46x the baseline 2180.86.
5973,2013-11-03 23:00:00,HIGH_ACTIVITY,3133.3422,2072.9231,HIGH_ACTIVITY: current activity 3133.34 is 1.51x the baseline 2072.92.
5974,2013-11-03 03:00:00,ACTIVITY_DROP,1147.4748000000002,2408.1646,ACTIVITY_DROP: current activity 1147.47 is 0.48x the baseline 2408.16.
5974,2013-11-03 04:00:00,ACTIVITY_DROP,1156.3303,2408.1646,ACTIVITY_DROP: current activity 1156.33 is 0.48x the baseline 2408.16.
5974,2013-11-03 05:00:00,ACTIVITY_DROP,1139.8469000000002,2408.1646,ACTIVITY_DROP: current activity 1139.85 is 0.47x the baseline 2408.16.
5974,2013-11-03 06:00:00,ACTIVITY_DROP,1171.1628999999998,2408.1646,ACTIVITY_DROP: current activity 1171.16 is 0.49x the baseline 2408.16.
5974,2013-11-03 07:00:00,ACTIVITY_DROP,1169.5451,2408.1646,ACTIVITY_DROP: current activity 1169.55 is 0.49x the baseline 2408.16.
5975,2013-11-03 04:00:00,ACTIVITY_DROP,1059.6234000000002,2146.5697,ACTIVITY_DROP: current activity 1059.62 is 0.49x the baseline 2146.57.
5975,2013-11-03 06:00:00,ACTIVITY_DROP,1034.8768,2146.5697,ACTIVITY_DROP: current activity 1034.88 is 0.48x the baseline 2146.57.
5976,2013-11-03 02:00:00,ACTIVITY_DROP,773.2105,1547.9891,ACTIVITY_DROP: current activity 773.21 is 0.50x the baseline 1547.99.
5976,2013-11-03 03:00:00,ACTIVITY_DROP,755.9461000000001,1547.9891,ACTIVITY_DROP: current activity 755.95 is 0.49x the baseline 1547.99.
5976,2013-11-03 04:00:00,ACTIVITY_DROP,684.1703,1547.9891,ACTIVITY_DROP: current activity 684.17 is 0.44x the baseline 1547.99.
5976,2013-11-03 05:00:00,ACTIVITY_DROP,724.2908,1547.9891,ACTIVITY_DROP: current activity 724.29 is 0.47x the baseline 1547.99.
5976,2013-11-03 06:00:00,ACTIVITY_DROP,764.4621000000001,1547.9891,ACTIVITY_DROP: current activity 764.46 is 0.49x the baseline 1547.99.
5976,2013-11-03 19:00:00,HIGH_ACTIVITY,2329.8912,1494.6725000000001,HIGH_ACTIVITY: current activity 2329.89 is 1.56x the baseline 1494.67.
5976,2013-11-03 20:00:00,HIGH_ACTIVITY,2283.8078,1494.6725000000001,HIGH_ACTIVITY: current activity 2283.81 is 1.53x the baseline 1494.67.
5977,2013-11-03 02:00:00,ACTIVITY_DROP,622.3733,1327.8285,ACTIVITY_DROP: current activity 622.37 is 0.47x the baseline 1327.83.
5977,2013-11-03 03:00:00,ACTIVITY_DROP,570.5177000000001,1327.8285,ACTIVITY_DROP: current activity 570.52 is 0.43x the baseline 1327.83.
5977,2013-11-03 04:00:00,ACTIVITY_DROP,548.9372999999999,1327.8285,ACTIVITY_DROP: current activity 548.94 is 0.41x the baseline 1327.83.
5977,2013-11-03 05:00:00,ACTIVITY_DROP,584.4818,1327.8285,ACTIVITY_DROP: current activity 584.48 is 0.44x the baseline 1327.83.
6045,2013-11-03 02:00:00,ACTIVITY_DROP,409.0969,991.5702000000001,ACTIVITY_DROP: current activity 409.10 is 0.41x the baseline 991.57.
6045,2013-11-03 03:00:00,ACTIVITY_DROP,336.32189999999997,991.5702000000001,ACTIVITY_DROP: current activity 336.32 is 0.34x the baseline 991.57.
6045,2013-11-03 04:00:00,ACTIVITY_DROP,344.0716,991.5702000000001,ACTIVITY_DROP: current activity 344.07 is 0.35x the baseline 991.57.
6045,2013-11-03 05:00:00,ACTIVITY_DROP,301.6254,991.5702000000001,ACTIVITY_DROP: current activity 301.63 is 0.30x the baseline 991.57.
6045,2013-11-03 06:00:00,ACTIVITY_DROP,373.49569999999994,991.5702000000001,ACTIVITY_DROP: current activity 373.50 is 0.38x the baseline 991.57.
6045,2013-11-03 07:00:00,ACTIVITY_DROP,437.71479999999997,991.5702000000001,ACTIVITY_DROP: current activity 437.71 is 0.44x the baseline 991.57.
6045,2013-11-03 08:00:00,ACTIVITY_DROP,469.70970000000005,991.5702000000001,ACTIVITY_DROP: current activity 469.71 is 0.47x the baseline 991.57.
6048,2013-11-03 01:00:00,ACTIVITY_DROP,547.7863,1207.2572,ACTIVITY_DROP: current activity 547.79 is 0.45x the baseline 1207.26.
6048,2013-11-03 02:00:00,ACTIVITY_DROP,497.78950000000003,1207.2572,ACTIVITY_DROP: current activity 497.79 is 0.41x the baseline 1207.26.
6048,2013-11-03 03:00:00,ACTIVITY_DROP,464.0216,1207.2572,ACTIVITY_DROP: current activity 464.02 is 0.38x the baseline 1207.26.
6048,2013-11-03 04:00:00,ACTIVITY_DROP,468.9537,1207.2572,ACTIVITY_DROP: current activity 468.95 is 0.39x the baseline 1207.26.
6048,2013-11-03 05:00:00,ACTIVITY_DROP,421.78700000000003,1207.2572,ACTIVITY_DROP: current activity 421.79 is 0.35x the baseline 1207.26.
6048,2013-11-03 06:00:00,ACTIVITY_DROP,419.3485,1207.2572,ACTIVITY_DROP: current activity 419.35 is 0.35x the baseline 1207.26.
6048,2013-11-03 07:00:00,ACTIVITY_DROP,521.6752,1207.2572,ACTIVITY_DROP: current activity 521.68 is 0.43x the baseline 1207.26.
6048,2013-11-03 11:00:00,HIGH_ACTIVITY,1747.4014,1110.9580999999998,HIGH_ACTIVITY: current activity 1747.40 is 1.57x the baseline 1110.96.
6048,2013-11-03 15:00:00,HIGH_ACTIVITY,1835.5367,1110.9580999999998,HIGH_ACTIVITY: current activity 1835.54 is 1.65x the baseline 1110.96.
6048,2013-11-03 16:00:00,HIGH_ACTIVITY,1823.1561000000002,1110.9580999999998,HIGH_ACTIVITY: current activity 1823.16 is 1.64x the baseline 1110.96.
6048,2013-11-03 17:00:00,HIGH_ACTIVITY,1709.2152,1110.9580999999998,HIGH_ACTIVITY: current activity 1709.22 is 1.54x the baseline 1110.96.
6048,2013-11-03 18:00:00,HIGH_ACTIVITY,2127.3493,1110.9580999999998,HIGH_ACTIVITY: current activity 2127.35 is 1.91x the baseline 1110.96.
6048,2013-11-03 19:00:00,HIGH_ACTIVITY,1752.7807,1110.9580999999998,HIGH_ACTIVITY: current activity 1752.78 is 1.58x the baseline 1110.96.
6049,2013-11-03 03:00:00,ACTIVITY_DROP,964.5488,2179.9551000000006,ACTIVITY_DROP: current activity 964.55 is 0.44x the baseline 2179.96.
6049,2013-11-03 04:00:00,ACTIVITY_DROP,880.0596,2179.9551000000006,ACTIVITY_DROP: current activity 880.06 is 0.40x the baseline 2179.96.
6049,2013-11-03 05:00:00,ACTIVITY_DROP,767.1539,2179.9551000000006,ACTIVITY_DROP: current activity 767.15 is 0.35x the baseline 2179.96.
6049,2013-11-03 06:00:00,ACTIVITY_DROP,801.6632000000001,2179.9551000000006,ACTIVITY_DROP: current activity 801.66 is 0.37x the baseline 2179.96.
6049,2013-11-03 07:00:00,ACTIVITY_DROP,829.6158,2179.9551000000006,ACTIVITY_DROP: current activity 829.62 is 0.38x the baseline 2179.96.
6050,2013-11-03 07:00:00,ACTIVITY_DROP,1167.7007999999998,2810.6177,ACTIVITY_DROP: current activity 1167.70 is 0.42x the baseline 2810.62.
6051,2013-11-03 07:00:00,ACTIVITY_DROP,1261.6504,2663.8889,ACTIVITY_DROP: current activity 1261.65 is 0.47x the baseline 2663.89.
6051,2013-11-03 09:00:00,ACTIVITY_SPIKE,2072.3354,2663.8889,ACTIVITY_SPIKE: current activity 2072.34 increased sharply from the previous hour 1334.61.
6052,2013-11-03 03:00:00,ACTIVITY_DROP,868.3612,1771.9027999999998,ACTIVITY_DROP: current activity 868.36 is 0.49x the baseline 1771.90.
6052,2013-11-03 04:00:00,ACTIVITY_DROP,791.7129,1771.9027999999998,ACTIVITY_DROP: current activity 791.71 is 0.45x the baseline 1771.90.
6052,2013-11-03 05:00:00,ACTIVITY_DROP,758.8364,1771.9027999999998,ACTIVITY_DROP: current activity 758.84 is 0.43x the baseline 1771.90.
6052,2013-11-03 06:00:00,ACTIVITY_DROP,680.4372,1771.9027999999998,ACTIVITY_DROP: current activity 680.44 is 0.38x the baseline 1771.90.
6052,2013-11-03 07:00:00,ACTIVITY_SPIKE,1089.4515,1771.9027999999998,ACTIVITY_SPIKE: current activity 1089.45 increased sharply from the previous hour 680.44.
6052,2013-11-03 09:00:00,ACTIVITY_SPIKE,2220.2109,1720.5887,ACTIVITY_SPIKE: current activity 2220.21 increased sharply from the previous hour 1263.04.
6052,2013-11-03 23:00:00,HIGH_ACTIVITY,2613.5951,1720.5887,HIGH_ACTIVITY: current activity 2613.60 is 1.52x the baseline 1720.59.
6053,2013-11-03 02:00:00,ACTIVITY_DROP,935.6197,1921.3128000000002,ACTIVITY_DROP: current activity 935.62 is 0.49x the baseline 1921.31.
6053,2013-11-03 03:00:00,ACTIVITY_DROP,888.2913,1921.3128000000002,ACTIVITY_DROP: current activity 888.29 is 0.46x the baseline 1921.31.
6053,2013-11-03 04:00:00,ACTIVITY_DROP,777.8699,1921.3128000000002,ACTIVITY_DROP: current activity 777.87 is 0.40x the baseline 1921.31.
6053,2013-11-03 05:00:00,ACTIVITY_DROP,739.5991999999999,1921.3128000000002,ACTIVITY_DROP: current activity 739.60 is 0.38x the baseline 1921.31.
6053,2013-11-03 06:00:00,ACTIVITY_DROP,806.0861,1921.3128000000002,ACTIVITY_DROP: current activity 806.09 is 0.42x the baseline 1921.31.
6053,2013-11-03 07:00:00,ACTIVITY_DROP,886.8894,1921.3128000000002,ACTIVITY_DROP: current activity 886.89 is 0.46x the baseline 1921.31.
6053,2013-11-03 21:00:00,HIGH_ACTIVITY,2823.5513,1772.0514,HIGH_ACTIVITY: current activity 2823.55 is 1.59x the baseline 1772.05.
6053,2013-11-03 22:00:00,HIGH_ACTIVITY,2767.1387999999997,1772.0514,HIGH_ACTIVITY: current activity 2767.14 is 1.56x the baseline 1772.05.
6054,2013-11-03 04:00:00,ACTIVITY_DROP,689.1224000000001,1388.749,ACTIVITY_DROP: current activity 689.12 is 0.50x the baseline 1388.75.
6054,2013-11-03 05:00:00,ACTIVITY_DROP,636.9158,1388.749,ACTIVITY_DROP: current activity 636.92 is 0.46x the baseline 1388.75.
6054,2013-11-03 06:00:00,ACTIVITY_DROP,672.2463,1388.749,ACTIVITY_DROP: current activity 672.25 is 0.48x the baseline 1388.75.
6054,2013-11-03 07:00:00,ACTIVITY_DROP,674.6416,1388.749,ACTIVITY_DROP: current activity 674.64 is 0.49x the baseline 1388.75.
6054,2013-11-03 20:00:00,HIGH_ACTIVITY,2419.9961000000003,1332.3213,HIGH_ACTIVITY: current activity 2420.00 is 1.82x the baseline 1332.32.
6054,2013-11-03 22:00:00,HIGH_ACTIVITY,2184.574,1332.3213,HIGH_ACTIVITY: current activity 2184.57 is 1.64x the baseline 1332.32.
6054,2013-11-03 23:00:00,HIGH_ACTIVITY,2058.4765,1332.3213,HIGH_ACTIVITY: current activity 2058.48 is 1.55x the baseline 1332.32.
6055,2013-11-03 06:00:00,ACTIVITY_DROP,594.8904999999999,1666.2568999999999,ACTIVITY_DROP: current activity 594.89 is 0.36x the baseline 1666.26.
6055,2013-11-03 07:00:00,ACTIVITY_DROP,565.7364,1666.2568999999999,ACTIVITY_DROP: current activity 565.74 is 0.34x the baseline 1666.26.
6055,2013-11-03 08:00:00,ACTIVITY_DROP,681.2950000000001,1666.2568999999999,ACTIVITY_DROP: current activity 681.30 is 0.41x the baseline 1666.26.
6055,2013-11-03 09:00:00,ACTIVITY_SPIKE,1088.1182999999999,1666.2568999999999,ACTIVITY_SPIKE: current activity 1088.12 increased sharply from the previous hour 681.30.
6056,2013-11-03 03:00:00,ACTIVITY_DROP,783.7924999999999,1649.6273,ACTIVITY_DROP: current activity 783.79 is 0.48x the baseline 1649.63.
6056,2013-11-03 04:00:00,ACTIVITY_DROP,823.8015,1649.6273,ACTIVITY_DROP: current activity 823.80 is 0.50x the baseline 1649.63.
6056,2013-11-03 05:00:00,ACTIVITY_DROP,680.9853,1649.6273,ACTIVITY_DROP: current activity 680.99 is 0.41x the baseline 1649.63.
6056,2013-11-03 06:00:00,ACTIVITY_DROP,546.0332000000001,1649.6273,ACTIVITY_DROP: current activity 546.03 is 0.33x the baseline 1649.63.
6056,2013-11-03 07:00:00,ACTIVITY_DROP,584.1576999999999,1649.6273,ACTIVITY_DROP: current activity 584.16 is 0.35x the baseline 1649.63.
6056,2013-11-03 08:00:00,ACTIVITY_SPIKE,903.5877,1649.6273,ACTIVITY_SPIKE: current activity 903.59 increased sharply from the previous hour 584.16.
6057,2013-11-03 03:00:00,ACTIVITY_DROP,727.3615999999998,1631.1529999999998,ACTIVITY_DROP: current activity 727.36 is 0.45x the baseline 1631.15.
6057,2013-11-03 04:00:00,ACTIVITY_DROP,603.3428999999999,1631.1529999999998,ACTIVITY_DROP: current activity 603.34 is 0.37x the baseline 1631.15.
6057,2013-11-03 05:00:00,ACTIVITY_DROP,568.1974999999999,1631.1529999999998,ACTIVITY_DROP: current activity 568.20 is 0.35x the baseline 1631.15.
6057,2013-11-03 06:00:00,ACTIVITY_DROP,564.7179000000001,1631.1529999999998,ACTIVITY_DROP: current activity 564.72 is 0.35x the baseline 1631.15.
6057,2013-11-03 07:00:00,ACTIVITY_DROP,642.2482,1631.1529999999998,ACTIVITY_DROP: current activity 642.25 is 0.39x the baseline 1631.15.
6057,2013-11-03 08:00:00,ACTIVITY_SPIKE,1105.3865,1631.1529999999998,ACTIVITY_SPIKE: current activity 1105.39 increased sharply from the previous hour 642.25.
6057,2013-11-03 14:00:00,HIGH_ACTIVITY,2585.3574,1576.4669,HIGH_ACTIVITY: current activity 2585.36 is 1.64x the baseline 1576.47.
6057,2013-11-03 15:00:00,HIGH_ACTIVITY,2742.2282999999998,1576.4669,HIGH_ACTIVITY: current activity 2742.23 is 1.74x the baseline 1576.47.
6057,2013-11-03 19:00:00,HIGH_ACTIVITY,2703.2096999999994,1576.4669,HIGH_ACTIVITY: current activity 2703.21 is 1.71x the baseline 1576.47.
6058,2013-11-03 03:00:00,ACTIVITY_DROP,1626.7291,3744.8194,ACTIVITY_DROP: current activity 1626.73 is 0.43x the baseline 3744.82.
6058,2013-11-03 04:00:00,ACTIVITY_DROP,1275.3013000000003,3744.8194,ACTIVITY_DROP: current activity 1275.30 is 0.34x the baseline 3744.82.
6058,2013-11-03 05:00:00,ACTIVITY_DROP,1229.6584999999998,3744.8194,ACTIVITY_DROP: current activity 1229.66 is 0.33x the baseline 3744.82.
6058,2013-11-03 06:00:00,ACTIVITY_DROP,1697.9625,3744.8194,ACTIVITY_DROP: current activity 1697.96 is 0.45x the baseline 3744.82.
6058,2013-11-03 10:00:00,HIGH_ACTIVITY,5328.9099,3414.8252,HIGH_ACTIVITY: current activity 5328.91 is 1.56x the baseline 3414.83.
6058,2013-11-03 10:00:00,ACTIVITY_SPIKE,5328.9099,3414.8252,ACTIVITY_SPIKE: current activity 5328.91 increased sharply from the previous hour 3389.56.
6058,2013-11-03 15:00:00,HIGH_ACTIVITY,5692.9592999999995,3414.8252,HIGH_ACTIVITY: current activity 5692.96 is 1.67x the baseline 3414.83.
6058,2013-11-03 16:00:00,HIGH_ACTIVITY,5532.777400000001,3414.8252,HIGH_ACTIVITY: current activity 5532.78 is 1.62x the baseline 3414.83.
6058,2013-11-03 17:00:00,HIGH_ACTIVITY,5449.643000000001,3414.8252,HIGH_ACTIVITY: current activity 5449.64 is 1.60x the baseline 3414.83.
6058,2013-11-03 18:00:00,HIGH_ACTIVITY,5636.1077,3414.8252,HIGH_ACTIVITY: current activity 5636.11 is 1.65x the baseline 3414.83.
6058,2013-11-03 19:00:00,HIGH_ACTIVITY,5407.0288,3414.8252,HIGH_ACTIVITY: current activity 5407.03 is 1.58x the baseline 3414.83.
6059,2013-11-03 02:00:00,HIGH_ACTIVITY,3686.2129,2152.3876999999998,HIGH_ACTIVITY: current activity 3686.21 is 1.71x the baseline 2152.39.
6059,2013-11-03 05:00:00,ACTIVITY_DROP,1029.7943,2252.4687,ACTIVITY_DROP: current activity 1029.79 is 0.46x the baseline 2252.47.
6059,2013-11-03 06:00:00,ACTIVITY_DROP,796.5591,2252.4687,ACTIVITY_DROP: current activity 796.56 is 0.35x the baseline 2252.47.
6059,2013-11-03 07:00:00,ACTIVITY_SPIKE,1313.9288999999999,2252.4687,ACTIVITY_SPIKE: current activity 1313.93 increased sharply from the previous hour 796.56.
6059,2013-11-03 10:00:00,ACTIVITY_SPIKE,2702.2711999999997,2152.3876999999998,ACTIVITY_SPIKE: current activity 2702.27 increased sharply from the previous hour 1577.40.
6061,2013-11-03 03:00:00,ACTIVITY_DROP,444.89189999999996,992.7946000000001,ACTIVITY_DROP: current activity 444.89 is 0.45x the baseline 992.79.
6061,2013-11-03 04:00:00,ACTIVITY_DROP,446.3106,992.7946000000001,ACTIVITY_DROP: current activity 446.31 is 0.45x the baseline 992.79.
6061,2013-11-03 05:00:00,ACTIVITY_DROP,412.8225,992.7946000000001,ACTIVITY_DROP: current activity 412.82 is 0.42x the baseline 992.79.
6061,2013-11-03 06:00:00,ACTIVITY_DROP,404.5154,992.7946000000001,ACTIVITY_DROP: current activity 404.52 is 0.41x the baseline 992.79.
6061,2013-11-03 07:00:00,ACTIVITY_DROP,414.6525,992.7946000000001,ACTIVITY_DROP: current activity 414.65 is 0.42x the baseline 992.79.
6061,2013-11-03 09:00:00,ACTIVITY_SPIKE,868.5739,992.7946000000001,ACTIVITY_SPIKE: current activity 868.57 increased sharply from the previous hour 554.69.
6061,2013-11-03 11:00:00,ACTIVITY_SPIKE,1389.2535999999998,948.1064,ACTIVITY_SPIKE: current activity 1389.25 increased sharply from the previous hour 918.89.
6061,2013-11-03 17:00:00,HIGH_ACTIVITY,1451.643,948.1064,HIGH_ACTIVITY: current activity 1451.64 is 1.53x the baseline 948.11.
6061,2013-11-03 18:00:00,HIGH_ACTIVITY,1458.5006999999998,948.1064,HIGH_ACTIVITY: current activity 1458.50 is 1.54x the baseline 948.11.
6061,2013-11-03 23:00:00,HIGH_ACTIVITY,1656.5189,948.1064,HIGH_ACTIVITY: current activity 1656.52 is 1.75x the baseline 948.11.
6061,2013-11-03 23:00:00,ACTIVITY_SPIKE,1656.5189,948.1064,ACTIVITY_SPIKE: current activity 1656.52 increased sharply from the previous hour 992.79.
6062,2013-11-03 03:00:00,ACTIVITY_DROP,636.2257000000001,1406.1659999999997,ACTIVITY_DROP: current activity 636.23 is 0.45x the baseline 1406.17.
6062,2013-11-03 04:00:00,ACTIVITY_DROP,598.6592999999999,1406.1659999999997,ACTIVITY_DROP: current activity 598.66 is 0.43x the baseline 1406.17.
6062,2013-11-03 05:00:00,ACTIVITY_DROP,603.5044999999999,1406.1659999999997,ACTIVITY_DROP: current activity 603.50 is 0.43x the baseline 1406.17.
6062,2013-11-03 06:00:00,ACTIVITY_DROP,570.1169,1406.1659999999997,ACTIVITY_DROP: current activity 570.12 is 0.41x the baseline 1406.17.
6062,2013-11-03 07:00:00,ACTIVITY_DROP,593.6714000000001,1406.1659999999997,ACTIVITY_DROP: current activity 593.67 is 0.42x the baseline 1406.17.
6063,2013-11-03 04:00:00,ACTIVITY_DROP,1042.1313,2164.8048999999996,ACTIVITY_DROP: current activity 1042.13 is 0.48x the baseline 2164.80.
6063,2013-11-03 05:00:00,ACTIVITY_DROP,1070.8757,2164.8048999999996,ACTIVITY_DROP: current activity 1070.88 is 0.49x the baseline 2164.80.
6063,2013-11-03 06:00:00,ACTIVITY_DROP,986.8506,2164.8048999999996,ACTIVITY_DROP: current activity 986.85 is 0.46x the baseline 2164.80.
6063,2013-11-03 07:00:00,ACTIVITY_DROP,1075.6821,2164.8048999999996,ACTIVITY_DROP: current activity 1075.68 is 0.50x the baseline 2164.80.
6063,2013-11-03 08:00:00,ACTIVITY_SPIKE,1666.2218,2164.8048999999996,ACTIVITY_SPIKE: current activity 1666.22 increased sharply from the previous hour 1075.68.
6064,2013-11-03 01:00:00,ACTIVITY_DROP,2103.6055,4961.411,ACTIVITY_DROP: current activity 2103.61 is 0.42x the baseline 4961.41.
6064,2013-11-03 02:00:00,ACTIVITY_DROP,1597.5838999999999,4961.411,ACTIVITY_DROP: current activity 1597.58 is 0.32x the baseline 4961.41.
6064,2013-11-03 03:00:00,ACTIVITY_DROP,1504.4593,4961.411,ACTIVITY_DROP: current activity 1504.46 is 0.30x the baseline 4961.41.
6064,2013-11-03 04:00:00,ACTIVITY_DROP,1456.8793,4961.411,ACTIVITY_DROP: current activity 1456.88 is 0.29x the baseline 4961.41.
6064,2013-11-03 05:00:00,ACTIVITY_DROP,1547.1713,4961.411,ACTIVITY_DROP: current activity 1547.17 is 0.31x the baseline 4961.41.
6064,2013-11-03 06:00:00,ACTIVITY_DROP,1724.9207,4961.411,ACTIVITY_DROP: current activity 1724.92 is 0.35x the baseline 4961.41.
6064,2013-11-03 07:00:00,ACTIVITY_DROP,2142.2587000000003,4961.411,ACTIVITY_DROP: current activity 2142.26 is 0.43x the baseline 4961.41.
6064,2013-11-03 08:00:00,ACTIVITY_SPIKE,3507.6259,4961.411,ACTIVITY_SPIKE: current activity 3507.63 increased sharply from the previous hour 2142.26.
6064,2013-11-03 13:00:00,HIGH_ACTIVITY,7257.6474,4655.964099999999,HIGH_ACTIVITY: current activity 7257.65 is 1.56x the baseline 4655.96.
6064,2013-11-03 14:00:00,HIGH_ACTIVITY,7166.454599999999,4655.964099999999,HIGH_ACTIVITY: current activity 7166.45 is 1.54x the baseline 4655.96.
6064,2013-11-03 15:00:00,HIGH_ACTIVITY,8558.1476,4655.964099999999,HIGH_ACTIVITY: current activity 8558.15 is 1.84x the baseline 4655.96.
6064,2013-11-03 16:00:00,HIGH_ACTIVITY,8841.9262,4655.964099999999,HIGH_ACTIVITY: current activity 8841.93 is 1.90x the baseline 4655.96.
6064,2013-11-03 17:00:00,HIGH_ACTIVITY,10901.7412,4655.964099999999,HIGH_ACTIVITY: current activity 10901.74 is 2.34x the baseline 4655.96.
6064,2013-11-03 18:00:00,HIGH_ACTIVITY,9358.5874,4655.964099999999,HIGH_ACTIVITY: current activity 9358.59 is 2.01x the baseline 4655.96.
6064,2013-11-03 19:00:00,HIGH_ACTIVITY,7442.493600000001,4655.964099999999,HIGH_ACTIVITY: current activity 7442.49 is 1.60x the baseline 4655.96.
6065,2013-11-03 02:00:00,ACTIVITY_DROP,1582.8137000000002,4151.7886,ACTIVITY_DROP: current activity 1582.81 is 0.38x the baseline 4151.79.
6065,2013-11-03 03:00:00,ACTIVITY_DROP,1352.3708000000004,4151.7886,ACTIVITY_DROP: current activity 1352.37 is 0.33x the baseline 4151.79.
6065,2013-11-03 04:00:00,ACTIVITY_DROP,1346.3523,4151.7886,ACTIVITY_DROP: current activity 1346.35 is 0.32x the baseline 4151.79.
6065,2013-11-03 05:00:00,ACTIVITY_DROP,1396.4154,4151.7886,ACTIVITY_DROP: current activity 1396.42 is 0.34x the baseline 4151.79.
6065,2013-11-03 06:00:00,ACTIVITY_DROP,1628.9723,4151.7886,ACTIVITY_DROP: current activity 1628.97 is 0.39x the baseline 4151.79.
6065,2013-11-03 17:00:00,HIGH_ACTIVITY,6477.0277,4061.1528,HIGH_ACTIVITY: current activity 6477.03 is 1.59x the baseline 4061.15.
6066,2013-11-03 04:00:00,ACTIVITY_DROP,1551.3988,3480.6188,ACTIVITY_DROP: current activity 1551.40 is 0.45x the baseline 3480.62.
6066,2013-11-03 05:00:00,ACTIVITY_DROP,1599.5292000000002,3480.6188,ACTIVITY_DROP: current activity 1599.53 is 0.46x the baseline 3480.62.
6066,2013-11-03 06:00:00,ACTIVITY_DROP,1629.6214,3480.6188,ACTIVITY_DROP: current activity 1629.62 is 0.47x the baseline 3480.62.
6067,2013-11-03 02:00:00,ACTIVITY_DROP,1903.0964,4050.3105000000005,ACTIVITY_DROP: current activity 1903.10 is 0.47x the baseline 4050.31.
6067,2013-11-03 03:00:00,ACTIVITY_DROP,1802.8507,4050.3105000000005,ACTIVITY_DROP: current activity 1802.85 is 0.45x the baseline 4050.31.
6067,2013-11-03 04:00:00,ACTIVITY_DROP,1658.7874000000002,4050.3105000000005,ACTIVITY_DROP: current activity 1658.79 is 0.41x the baseline 4050.31.
6067,2013-11-03 05:00:00,ACTIVITY_DROP,1615.0936000000002,4050.3105000000005,ACTIVITY_DROP: current activity 1615.09 is 0.40x the baseline 4050.31.
6067,2013-11-03 06:00:00,ACTIVITY_DROP,1613.5013000000001,4050.3105000000005,ACTIVITY_DROP: current activity 1613.50 is 0.40x the baseline 4050.31.
6067,2013-11-03 07:00:00,ACTIVITY_DROP,1725.3305,4050.3105000000005,ACTIVITY_DROP: current activity 1725.33 is 0.43x the baseline 4050.31.
6067,2013-11-03 18:00:00,HIGH_ACTIVITY,6348.9754,3862.8102,HIGH_ACTIVITY: current activity 6348.98 is 1.64x the baseline 3862.81.
6068,2013-11-03 03:00:00,ACTIVITY_DROP,1520.5512,3381.009,ACTIVITY_DROP: current activity 1520.55 is 0.45x the baseline 3381.01.
6068,2013-11-03 04:00:00,ACTIVITY_DROP,1438.2117,3381.009,ACTIVITY_DROP: current activity 1438.21 is 0.43x the baseline 3381.01.
6068,2013-11-03 05:00:00,ACTIVITY_DROP,1366.7570999999998,3381.009,ACTIVITY_DROP: current activity 1366.76 is 0.40x the baseline 3381.01.
6068,2013-11-03 06:00:00,ACTIVITY_DROP,1335.7689,3381.009,ACTIVITY_DROP: current activity 1335.77 is 0.40x the baseline 3381.01.
6068,2013-11-03 07:00:00,ACTIVITY_DROP,1431.2591,3381.009,ACTIVITY_DROP: current activity 1431.26 is 0.42x the baseline 3381.01.
6068,2013-11-03 18:00:00,HIGH_ACTIVITY,5452.2342,3363.5838999999996,HIGH_ACTIVITY: current activity 5452.23 is 1.62x the baseline 3363.58.
6069,2013-11-03 04:00:00,ACTIVITY_DROP,1505.6984,3156.9301,ACTIVITY_DROP: current activity 1505.70 is 0.48x the baseline 3156.93.
6069,2013-11-03 05:00:00,ACTIVITY_DROP,1228.2946999999997,3156.9301,ACTIVITY_DROP: current activity 1228.29 is 0.39x the baseline 3156.93.
6069,2013-11-03 06:00:00,ACTIVITY_DROP,1237.6473999999998,3156.9301,ACTIVITY_DROP: current activity 1237.65 is 0.39x the baseline 3156.93.
6069,2013-11-03 07:00:00,ACTIVITY_DROP,1371.9889,3156.9301,ACTIVITY_DROP: current activity 1371.99 is 0.43x the baseline 3156.93.
6069,2013-11-03 22:00:00,HIGH_ACTIVITY,4564.0749,2906.6652999999997,HIGH_ACTIVITY: current activity 4564.07 is 1.57x the baseline 2906.67.
6069,2013-11-03 23:00:00,HIGH_ACTIVITY,4815.2807,2906.6652999999997,HIGH_ACTIVITY: current activity 4815.28 is 1.66x the baseline 2906.67.
6070,2013-11-03 05:00:00,ACTIVITY_DROP,1054.4513,2477.885,ACTIVITY_DROP: current activity 1054.45 is 0.43x the baseline 2477.89.
6070,2013-11-03 06:00:00,ACTIVITY_DROP,1094.1322999999998,2477.885,ACTIVITY_DROP: current activity 1094.13 is 0.44x the baseline 2477.89.
6070,2013-11-03 07:00:00,ACTIVITY_DROP,1187.2085,2477.885,ACTIVITY_DROP: current activity 1187.21 is 0.48x the baseline 2477.89.
6071,2013-11-03 02:00:00,ACTIVITY_DROP,791.5353,1737.0942,ACTIVITY_DROP: current activity 791.54 is 0.46x the baseline 1737.09.
6071,2013-11-03 03:00:00,ACTIVITY_DROP,693.2082999999999,1737.0942,ACTIVITY_DROP: current activity 693.21 is 0.40x the baseline 1737.09.
6071,2013-11-03 04:00:00,ACTIVITY_DROP,737.8327,1737.0942,ACTIVITY_DROP: current activity 737.83 is 0.42x the baseline 1737.09.
6071,2013-11-03 05:00:00,ACTIVITY_DROP,601.6877999999999,1737.0942,ACTIVITY_DROP: current activity 601.69 is 0.35x the baseline 1737.09.
6071,2013-11-03 06:00:00,ACTIVITY_DROP,585.6068,1737.0942,ACTIVITY_DROP: current activity 585.61 is 0.34x the baseline 1737.09.
6071,2013-11-03 07:00:00,ACTIVITY_DROP,688.4249000000001,1737.0942,ACTIVITY_DROP: current activity 688.42 is 0.40x the baseline 1737.09.
6071,2013-11-03 08:00:00,ACTIVITY_DROP,792.4181999999998,1737.0942,ACTIVITY_DROP: current activity 792.42 is 0.46x the baseline 1737.09.
6071,2013-11-03 09:00:00,ACTIVITY_SPIKE,1588.8288000000002,1737.0942,ACTIVITY_SPIKE: current activity 1588.83 increased sharply from the previous hour 792.42.
6072,2013-11-03 02:00:00,ACTIVITY_DROP,2434.7236,5245.5691,ACTIVITY_DROP: current activity 2434.72 is 0.46x the baseline 5245.57.
6072,2013-11-03 03:00:00,ACTIVITY_DROP,2232.1498,5245.5691,ACTIVITY_DROP: current activity 2232.15 is 0.43x the baseline 5245.57.
6072,2013-11-03 04:00:00,ACTIVITY_DROP,1941.0047,5245.5691,ACTIVITY_DROP: current activity 1941.00 is 0.37x the baseline 5245.57.
6072,2013-11-03 05:00:00,ACTIVITY_DROP,1950.6870000000001,5245.5691,ACTIVITY_DROP: current activity 1950.69 is 0.37x the baseline 5245.57.
6072,2013-11-03 06:00:00,ACTIVITY_DROP,1886.0365,5245.5691,ACTIVITY_DROP: current activity 1886.04 is 0.36x the baseline 5245.57.
6072,2013-11-03 07:00:00,ACTIVITY_DROP,2243.3536,5245.5691,ACTIVITY_DROP: current activity 2243.35 is 0.43x the baseline 5245.57.
6073,2013-11-03 03:00:00,ACTIVITY_DROP,2037.8175,5070.5645,ACTIVITY_DROP: current activity 2037.82 is 0.40x the baseline 5070.56.
6073,2013-11-03 04:00:00,ACTIVITY_DROP,1832.8956999999998,5070.5645,ACTIVITY_DROP: current activity 1832.90 is 0.36x the baseline 5070.56.
6073,2013-11-03 05:00:00,ACTIVITY_DROP,1735.5012,5070.5645,ACTIVITY_DROP: current activity 1735.50 is 0.34x the baseline 5070.56.
6073,2013-11-03 06:00:00,ACTIVITY_DROP,1803.2057,5070.5645,ACTIVITY_DROP: current activity 1803.21 is 0.36x the baseline 5070.56.
6073,2013-11-03 07:00:00,ACTIVITY_DROP,2291.5614,5070.5645,ACTIVITY_DROP: current activity 2291.56 is 0.45x the baseline 5070.56.
6073,2013-11-03 09:00:00,ACTIVITY_SPIKE,4719.0767,5070.5645,ACTIVITY_SPIKE: current activity 4719.08 increased sharply from the previous hour 3082.10.
6074,2013-11-03 03:00:00,ACTIVITY_DROP,1532.123,3354.5908,ACTIVITY_DROP: current activity 1532.12 is 0.46x the baseline 3354.59.
6074,2013-11-03 04:00:00,ACTIVITY_DROP,1608.8733,3354.5908,ACTIVITY_DROP: current activity 1608.87 is 0.48x the baseline 3354.59.
6074,2013-11-03 05:00:00,ACTIVITY_DROP,1486.6083,3354.5908,ACTIVITY_DROP: current activity 1486.61 is 0.44x the baseline 3354.59.
6074,2013-11-03 06:00:00,ACTIVITY_DROP,1601.8685,3354.5908,ACTIVITY_DROP: current activity 1601.87 is 0.48x the baseline 3354.59.
6075,2013-11-03 03:00:00,ACTIVITY_DROP,1013.2368,2299.1918,ACTIVITY_DROP: current activity 1013.24 is 0.44x the baseline 2299.19.
6075,2013-11-03 04:00:00,ACTIVITY_DROP,992.8452,2299.1918,ACTIVITY_DROP: current activity 992.85 is 0.43x the baseline 2299.19.
6075,2013-11-03 05:00:00,ACTIVITY_DROP,1010.0764999999999,2299.1918,ACTIVITY_DROP: current activity 1010.08 is 0.44x the baseline 2299.19.
6075,2013-11-03 06:00:00,ACTIVITY_DROP,1113.4048,2299.1918,ACTIVITY_DROP: current activity 1113.40 is 0.48x the baseline 2299.19.
6076,2013-11-03 02:00:00,ACTIVITY_DROP,715.0965,1452.5884999999998,ACTIVITY_DROP: current activity 715.10 is 0.49x the baseline 1452.59.
6076,2013-11-03 03:00:00,ACTIVITY_DROP,639.1196,1452.5884999999998,ACTIVITY_DROP: current activity 639.12 is 0.44x the baseline 1452.59.
6076,2013-11-03 04:00:00,ACTIVITY_DROP,601.7694,1452.5884999999998,ACTIVITY_DROP: current activity 601.77 is 0.41x the baseline 1452.59.
6076,2013-11-03 05:00:00,ACTIVITY_DROP,655.4662000000001,1452.5884999999998,ACTIVITY_DROP: current activity 655.47 is 0.45x the baseline 1452.59.
6076,2013-11-03 19:00:00,HIGH_ACTIVITY,2214.6799,1417.0491,HIGH_ACTIVITY: current activity 2214.68 is 1.56x the baseline 1417.05.
6076,2013-11-03 20:00:00,HIGH_ACTIVITY,2195.7822,1417.0491,HIGH_ACTIVITY: current activity 2195.78 is 1.55x the baseline 1417.05.
6076,2013-11-03 21:00:00,HIGH_ACTIVITY,2130.1617,1417.0491,HIGH_ACTIVITY: current activity 2130.16 is 1.50x the baseline 1417.05.
6077,2013-11-03 02:00:00,ACTIVITY_DROP,631.0581999999999,1352.8086,ACTIVITY_DROP: current activity 631.06 is 0.47x the baseline 1352.81.
6077,2013-11-03 03:00:00,ACTIVITY_DROP,575.7937000000001,1352.8086,ACTIVITY_DROP: current activity 575.79 is 0.43x the baseline 1352.81.
6077,2013-11-03 04:00:00,ACTIVITY_DROP,569.7932999999999,1352.8086,ACTIVITY_DROP: current activity 569.79 is 0.42x the baseline 1352.81.
6077,2013-11-03 05:00:00,ACTIVITY_DROP,602.7291,1352.8086,ACTIVITY_DROP: current activity 602.73 is 0.45x the baseline 1352.81.
6077,2013-11-03 06:00:00,ACTIVITY_DROP,664.3201999999999,1352.8086,ACTIVITY_DROP: current activity 664.32 is 0.49x the baseline 1352.81.
6077,2013-11-03 15:00:00,HIGH_ACTIVITY,2229.7125,1282.9033,HIGH_ACTIVITY: current activity 2229.71 is 1.74x the baseline 1282.90.
6077,2013-11-03 16:00:00,HIGH_ACTIVITY,2765.1083,1282.9033,HIGH_ACTIVITY: current activity 2765.11 is 2.16x the baseline 1282.90.
6077,2013-11-03 19:00:00,HIGH_ACTIVITY,2166.4691000000003,1282.9033,HIGH_ACTIVITY: current activity 2166.47 is 1.69x the baseline 1282.90.
6077,2013-11-03 20:00:00,HIGH_ACTIVITY,2276.8521,1282.9033,HIGH_ACTIVITY: current activity 2276.85 is 1.77x the baseline 1282.90.
6078,2013-11-03 02:00:00,ACTIVITY_DROP,439.0157,1033.0141,ACTIVITY_DROP: current activity 439.02 is 0.42x the baseline 1033.01.
6078,2013-11-03 03:00:00,ACTIVITY_DROP,402.7938,1033.0141,ACTIVITY_DROP: current activity 402.79 is 0.39x the baseline 1033.01.
6078,2013-11-03 04:00:00,ACTIVITY_DROP,403.3805,1033.0141,ACTIVITY_DROP: current activity 403.38 is 0.39x the baseline 1033.01.
6078,2013-11-03 05:00:00,ACTIVITY_DROP,414.856,1033.0141,ACTIVITY_DROP: current activity 414.86 is 0.40x the baseline 1033.01.
6078,2013-11-03 06:00:00,ACTIVITY_DROP,442.3352,1033.0141,ACTIVITY_DROP: current activity 442.34 is 0.43x the baseline 1033.01.
6078,2013-11-03 07:00:00,ACTIVITY_DROP,475.74379999999996,1033.0141,ACTIVITY_DROP: current activity 475.74 is 0.46x the baseline 1033.01.
6078,2013-11-03 15:00:00,HIGH_ACTIVITY,1722.469,975.2618,HIGH_ACTIVITY: current activity 1722.47 is 1.77x the baseline 975.26.
6078,2013-11-03 16:00:00,HIGH_ACTIVITY,2131.8662,975.2618,HIGH_ACTIVITY: current activity 2131.87 is 2.19x the baseline 975.26.
6078,2013-11-03 19:00:00,HIGH_ACTIVITY,1497.8373,975.2618,HIGH_ACTIVITY: current activity 1497.84 is 1.54x the baseline 975.26.
6078,2013-11-03 20:00:00,HIGH_ACTIVITY,1578.9276,975.2618,HIGH_ACTIVITY: current activity 1578.93 is 1.62x the baseline 975.26.
6144,2013-11-03 02:00:00,ACTIVITY_DROP,391.39009999999996,960.0959,ACTIVITY_DROP: current activity 391.39 is 0.41x the baseline 960.10.
6144,2013-11-03 03:00:00,ACTIVITY_DROP,318.20070000000004,960.0959,ACTIVITY_DROP: current activity 318.20 is 0.33x the baseline 960.10.
6144,2013-11-03 04:00:00,ACTIVITY_DROP,325.41110000000003,960.0959,ACTIVITY_DROP: current activity 325.41 is 0.34x the baseline 960.10.
6144,2013-11-03 05:00:00,ACTIVITY_DROP,285.3613,960.0959,ACTIVITY_DROP: current activity 285.36 is 0.30x the baseline 960.10.
6144,2013-11-03 06:00:00,ACTIVITY_DROP,355.957,960.0959,ACTIVITY_DROP: current activity 355.96 is 0.37x the baseline 960.10.
6144,2013-11-03 07:00:00,ACTIVITY_DROP,416.1145,960.0959,ACTIVITY_DROP: current activity 416.11 is 0.43x the baseline 960.10.
6144,2013-11-03 08:00:00,ACTIVITY_DROP,429.5907,960.0959,ACTIVITY_DROP: current activity 429.59 is 0.45x the baseline 960.10.
6145,2013-11-03 02:00:00,ACTIVITY_DROP,398.7298,983.9885,ACTIVITY_DROP: current activity 398.73 is 0.41x the baseline 983.99.
6145,2013-11-03 03:00:00,ACTIVITY_DROP,324.5895,983.9885,ACTIVITY_DROP: current activity 324.59 is 0.33x the baseline 983.99.
6145,2013-11-03 04:00:00,ACTIVITY_DROP,332.32869999999997,983.9885,ACTIVITY_DROP: current activity 332.33 is 0.34x the baseline 983.99.
6145,2013-11-03 05:00:00,ACTIVITY_DROP,290.76189999999997,983.9885,ACTIVITY_DROP: current activity 290.76 is 0.30x the baseline 983.99.
6145,2013-11-03 06:00:00,ACTIVITY_DROP,363.3078,983.9885,ACTIVITY_DROP: current activity 363.31 is 0.37x the baseline 983.99.
6145,2013-11-03 07:00:00,ACTIVITY_DROP,425.4885,983.9885,ACTIVITY_DROP: current activity 425.49 is 0.43x the baseline 983.99.
6145,2013-11-03 08:00:00,ACTIVITY_DROP,438.58729999999997,983.9885,ACTIVITY_DROP: current activity 438.59 is 0.45x the baseline 983.99.
6146,2013-11-03 02:00:00,ACTIVITY_DROP,454.1556,1052.4278,ACTIVITY_DROP: current activity 454.16 is 0.43x the baseline 1052.43.
6146,2013-11-03 03:00:00,ACTIVITY_DROP,420.26290000000006,1052.4278,ACTIVITY_DROP: current activity 420.26 is 0.40x the baseline 1052.43.
6146,2013-11-03 04:00:00,ACTIVITY_DROP,417.01610000000005,1052.4278,ACTIVITY_DROP: current activity 417.02 is 0.40x the baseline 1052.43.
6146,2013-11-03 05:00:00,ACTIVITY_DROP,398.29630000000003,1052.4278,ACTIVITY_DROP: current activity 398.30 is 0.38x the baseline 1052.43.
6146,2013-11-03 06:00:00,ACTIVITY_DROP,473.5756,1052.4278,ACTIVITY_DROP: current activity 473.58 is 0.45x the baseline 1052.43.
6148,2013-11-03 03:00:00,ACTIVITY_DROP,1174.3125,2502.936,ACTIVITY_DROP: current activity 1174.31 is 0.47x the baseline 2502.94.
6148,2013-11-03 04:00:00,ACTIVITY_DROP,1014.5914,2502.936,ACTIVITY_DROP: current activity 1014.59 is 0.41x the baseline 2502.94.
6148,2013-11-03 05:00:00,ACTIVITY_DROP,979.1742,2502.936,ACTIVITY_DROP: current activity 979.17 is 0.39x the baseline 2502.94.
6148,2013-11-03 06:00:00,ACTIVITY_DROP,1076.3497,2502.936,ACTIVITY_DROP: current activity 1076.35 is 0.43x the baseline 2502.94.
6148,2013-11-03 07:00:00,ACTIVITY_DROP,1224.1386000000002,2502.936,ACTIVITY_DROP: current activity 1224.14 is 0.49x the baseline 2502.94.
6148,2013-11-03 11:00:00,ACTIVITY_SPIKE,3007.3422,2478.4021000000002,ACTIVITY_SPIKE: current activity 3007.34 increased sharply from the previous hour 1958.36.
6149,2013-11-03 04:00:00,ACTIVITY_DROP,1218.2340000000002,2748.4543,ACTIVITY_DROP: current activity 1218.23 is 0.44x the baseline 2748.45.
6149,2013-11-03 05:00:00,ACTIVITY_DROP,1054.7655,2748.4543,ACTIVITY_DROP: current activity 1054.77 is 0.38x the baseline 2748.45.
6149,2013-11-03 06:00:00,ACTIVITY_DROP,1194.7776,2748.4543,ACTIVITY_DROP: current activity 1194.78 is 0.43x the baseline 2748.45.
6149,2013-11-03 07:00:00,ACTIVITY_DROP,1225.4547,2748.4543,ACTIVITY_DROP: current activity 1225.45 is 0.45x the baseline 2748.45.
6150,2013-11-03 05:00:00,ACTIVITY_DROP,843.6686000000001,1998.1935,ACTIVITY_DROP: current activity 843.67 is 0.42x the baseline 1998.19.
6150,2013-11-03 06:00:00,ACTIVITY_DROP,988.3181000000001,1998.1935,ACTIVITY_DROP: current activity 988.32 is 0.49x the baseline 1998.19.
6150,2013-11-03 07:00:00,ACTIVITY_DROP,887.2249,1998.1935,ACTIVITY_DROP: current activity 887.22 is 0.44x the baseline 1998.19.
6150,2013-11-03 20:00:00,HIGH_ACTIVITY,2978.4752,1981.9737000000002,HIGH_ACTIVITY: current activity 2978.48 is 1.50x the baseline 1981.97.
6150,2013-11-03 21:00:00,HIGH_ACTIVITY,3187.7248,1981.9737000000002,HIGH_ACTIVITY: current activity 3187.72 is 1.61x the baseline 1981.97.
6151,2013-11-03 04:00:00,ACTIVITY_DROP,1348.1130999999998,3134.061,ACTIVITY_DROP: current activity 1348.11 is 0.43x the baseline 3134.06.
6151,2013-11-03 05:00:00,ACTIVITY_DROP,1148.4595,3134.061,ACTIVITY_DROP: current activity 1148.46 is 0.37x the baseline 3134.06.
6151,2013-11-03 06:00:00,ACTIVITY_DROP,1145.5040000000001,3134.061,ACTIVITY_DROP: current activity 1145.50 is 0.37x the baseline 3134.06.
6151,2013-11-03 07:00:00,ACTIVITY_DROP,1191.1481999999999,3134.061,ACTIVITY_DROP: current activity 1191.15 is 0.38x the baseline 3134.06.
6151,2013-11-03 08:00:00,ACTIVITY_DROP,1424.6763999999998,3134.061,ACTIVITY_DROP: current activity 1424.68 is 0.45x the baseline 3134.06.
6151,2013-11-03 09:00:00,ACTIVITY_SPIKE,2139.5199000000002,3134.061,ACTIVITY_SPIKE: current activity 2139.52 increased sharply from the previous hour 1424.68.
6151,2013-11-03 17:00:00,HIGH_ACTIVITY,4759.275200000001,3123.8918999999996,HIGH_ACTIVITY: current activity 4759.28 is 1.52x the baseline 3123.89.
6152,2013-11-03 02:00:00,ACTIVITY_DROP,872.877,1798.6740000000002,ACTIVITY_DROP: current activity 872.88 is 0.49x the baseline 1798.67.
6152,2013-11-03 03:00:00,ACTIVITY_DROP,776.6308,1798.6740000000002,ACTIVITY_DROP: current activity 776.63 is 0.43x the baseline 1798.67.
6152,2013-11-03 04:00:00,ACTIVITY_DROP,691.8996999999999,1798.6740000000002,ACTIVITY_DROP: current activity 691.90 is 0.38x the baseline 1798.67.
6152,2013-11-03 05:00:00,ACTIVITY_DROP,651.1608,1798.6740000000002,ACTIVITY_DROP: current activity 651.16 is 0.36x the baseline 1798.67.
6152,2013-11-03 06:00:00,ACTIVITY_DROP,602.3926,1798.6740000000002,ACTIVITY_DROP: current activity 602.39 is 0.33x the baseline 1798.67.
6152,2013-11-03 07:00:00,ACTIVITY_DROP,675.3184,1798.6740000000002,ACTIVITY_DROP: current activity 675.32 is 0.38x the baseline 1798.67.
6152,2013-11-03 09:00:00,ACTIVITY_SPIKE,1430.3123999999998,1798.6740000000002,ACTIVITY_SPIKE: current activity 1430.31 increased sharply from the previous hour 902.31.
6152,2013-11-03 22:00:00,HIGH_ACTIVITY,2549.0297,1678.0103000000001,HIGH_ACTIVITY: current activity 2549.03 is 1.52x the baseline 1678.01.
6153,2013-11-03 05:00:00,ACTIVITY_DROP,508.6032,1135.5076,ACTIVITY_DROP: current activity 508.60 is 0.45x the baseline 1135.51.
6153,2013-11-03 06:00:00,ACTIVITY_DROP,491.9804,1135.5076,ACTIVITY_DROP: current activity 491.98 is 0.43x the baseline 1135.51.
6153,2013-11-03 07:00:00,ACTIVITY_DROP,487.0733,1135.5076,ACTIVITY_DROP: current activity 487.07 is 0.43x the baseline 1135.51.
6155,2013-11-03 06:00:00,ACTIVITY_DROP,398.07519999999994,1065.6149,ACTIVITY_DROP: current activity 398.08 is 0.37x the baseline 1065.61.
6155,2013-11-03 07:00:00,ACTIVITY_DROP,390.98069999999996,1065.6149,ACTIVITY_DROP: current activity 390.98 is 0.37x the baseline 1065.61.
6155,2013-11-03 08:00:00,ACTIVITY_DROP,474.903,1065.6149,ACTIVITY_DROP: current activity 474.90 is 0.45x the baseline 1065.61.
6155,2013-11-03 09:00:00,ACTIVITY_SPIKE,716.0479,1065.6149,ACTIVITY_SPIKE: current activity 716.05 increased sharply from the previous hour 474.90.
6156,2013-11-03 03:00:00,ACTIVITY_DROP,685.8809,1413.3724000000002,ACTIVITY_DROP: current activity 685.88 is 0.49x the baseline 1413.37.
6156,2013-11-03 04:00:00,ACTIVITY_DROP,692.1687000000001,1413.3724000000002,ACTIVITY_DROP: current activity 692.17 is 0.49x the baseline 1413.37.
6156,2013-11-03 05:00:00,ACTIVITY_DROP,585.2686000000001,1413.3724000000002,ACTIVITY_DROP: current activity 585.27 is 0.41x the baseline 1413.37.
6156,2013-11-03 06:00:00,ACTIVITY_DROP,508.6564,1413.3724000000002,ACTIVITY_DROP: current activity 508.66 is 0.36x the baseline 1413.37.
6156,2013-11-03 07:00:00,ACTIVITY_DROP,568.9828,1413.3724000000002,ACTIVITY_DROP: current activity 568.98 is 0.40x the baseline 1413.37.
6157,2013-11-03 02:00:00,ACTIVITY_DROP,676.8176000000001,1365.5095999999999,ACTIVITY_DROP: current activity 676.82 is 0.50x the baseline 1365.51.
6157,2013-11-03 03:00:00,ACTIVITY_DROP,537.6141999999999,1365.5095999999999,ACTIVITY_DROP: current activity 537.61 is 0.39x the baseline 1365.51.
6157,2013-11-03 04:00:00,ACTIVITY_DROP,528.1475,1365.5095999999999,ACTIVITY_DROP: current activity 528.15 is 0.39x the baseline 1365.51.
6157,2013-11-03 05:00:00,ACTIVITY_DROP,522.3888000000001,1365.5095999999999,ACTIVITY_DROP: current activity 522.39 is 0.38x the baseline 1365.51.
6157,2013-11-03 06:00:00,ACTIVITY_DROP,553.8885,1365.5095999999999,ACTIVITY_DROP: current activity 553.89 is 0.41x the baseline 1365.51.
6157,2013-11-03 07:00:00,ACTIVITY_DROP,681.2972,1365.5095999999999,ACTIVITY_DROP: current activity 681.30 is 0.50x the baseline 1365.51.
6157,2013-11-03 14:00:00,HIGH_ACTIVITY,2004.2202,1320.7082000000003,HIGH_ACTIVITY: current activity 2004.22 is 1.52x the baseline 1320.71.
6157,2013-11-03 14:00:00,ACTIVITY_SPIKE,2004.2202,1320.7082000000003,ACTIVITY_SPIKE: current activity 2004.22 increased sharply from the previous hour 1207.95.
6157,2013-11-03 15:00:00,HIGH_ACTIVITY,2097.7117000000003,1320.7082000000003,HIGH_ACTIVITY: current activity 2097.71 is 1.59x the baseline 1320.71.
6157,2013-11-03 17:00:00,HIGH_ACTIVITY,2107.2389,1320.7082000000003,HIGH_ACTIVITY: current activity 2107.24 is 1.60x the baseline 1320.71.
6158,2013-11-03 03:00:00,ACTIVITY_DROP,860.3601999999998,2205.4932,ACTIVITY_DROP: current activity 860.36 is 0.39x the baseline 2205.49.
6158,2013-11-03 04:00:00,ACTIVITY_DROP,789.6185,2205.4932,ACTIVITY_DROP: current activity 789.62 is 0.36x the baseline 2205.49.
6158,2013-11-03 05:00:00,ACTIVITY_DROP,726.0221999999999,2205.4932,ACTIVITY_DROP: current activity 726.02 is 0.33x the baseline 2205.49.
6158,2013-11-03 06:00:00,ACTIVITY_DROP,1034.8884,2205.4932,ACTIVITY_DROP: current activity 1034.89 is 0.47x the baseline 2205.49.
6158,2013-11-03 16:00:00,HIGH_ACTIVITY,3350.7739,2068.8946,HIGH_ACTIVITY: current activity 3350.77 is 1.62x the baseline 2068.89.
6158,2013-11-03 17:00:00,HIGH_ACTIVITY,3338.1391,2068.8946,HIGH_ACTIVITY: current activity 3338.14 is 1.61x the baseline 2068.89.
6159,2013-11-03 04:00:00,ACTIVITY_DROP,804.7967000000001,1679.3484,ACTIVITY_DROP: current activity 804.80 is 0.48x the baseline 1679.35.
6159,2013-11-03 05:00:00,ACTIVITY_DROP,727.9206,1679.3484,ACTIVITY_DROP: current activity 727.92 is 0.43x the baseline 1679.35.
6159,2013-11-03 06:00:00,ACTIVITY_DROP,712.1559,1679.3484,ACTIVITY_DROP: current activity 712.16 is 0.42x the baseline 1679.35.
6159,2013-11-03 07:00:00,ACTIVITY_DROP,822.5609999999999,1679.3484,ACTIVITY_DROP: current activity 822.56 is 0.49x the baseline 1679.35.
6160,2013-11-03 03:00:00,ACTIVITY_DROP,632.3453000000001,1297.9915999999998,ACTIVITY_DROP: current activity 632.35 is 0.49x the baseline 1297.99.
6160,2013-11-03 04:00:00,ACTIVITY_DROP,643.7078,1297.9915999999998,ACTIVITY_DROP: current activity 643.71 is 0.50x the baseline 1297.99.
6160,2013-11-03 06:00:00,ACTIVITY_DROP,610.5355,1297.9915999999998,ACTIVITY_DROP: current activity 610.54 is 0.47x the baseline 1297.99.
6160,2013-11-03 20:00:00,HIGH_ACTIVITY,1921.0774000000001,1263.7024000000001,HIGH_ACTIVITY: current activity 1921.08 is 1.52x the baseline 1263.70.
6160,2013-11-03 21:00:00,HIGH_ACTIVITY,2256.3117,1263.7024000000001,HIGH_ACTIVITY: current activity 2256.31 is 1.79x the baseline 1263.70.
6161,2013-11-03 03:00:00,ACTIVITY_DROP,495.348,1023.0938,ACTIVITY_DROP: current activity 495.35 is 0.48x the baseline 1023.09.
6161,2013-11-03 09:00:00,ACTIVITY_SPIKE,1076.3648,943.2342,ACTIVITY_SPIKE: current activity 1076.36 increased sharply from the previous hour 641.98.
6161,2013-11-03 19:00:00,HIGH_ACTIVITY,1425.191,943.2342,HIGH_ACTIVITY: current activity 1425.19 is 1.51x the baseline 943.23.
6162,2013-11-03 03:00:00,ACTIVITY_DROP,517.2578,1084.2515,ACTIVITY_DROP: current activity 517.26 is 0.48x the baseline 1084.25.
6162,2013-11-03 04:00:00,ACTIVITY_DROP,454.5277,1084.2515,ACTIVITY_DROP: current activity 454.53 is 0.42x the baseline 1084.25.
6162,2013-11-03 05:00:00,ACTIVITY_DROP,443.09939999999995,1084.2515,ACTIVITY_DROP: current activity 443.10 is 0.41x the baseline 1084.25.
6162,2013-11-03 06:00:00,ACTIVITY_DROP,416.13509999999997,1084.2515,ACTIVITY_DROP: current activity 416.14 is 0.38x the baseline 1084.25.
6162,2013-11-03 07:00:00,ACTIVITY_DROP,529.2744,1084.2515,ACTIVITY_DROP: current activity 529.27 is 0.49x the baseline 1084.25.
6162,2013-11-03 09:00:00,ACTIVITY_SPIKE,1144.3057,1030.2947000000001,ACTIVITY_SPIKE: current activity 1144.31 increased sharply from the previous hour 618.94.
6163,2013-11-03 04:00:00,ACTIVITY_DROP,455.6918,1154.396,ACTIVITY_DROP: current activity 455.69 is 0.39x the baseline 1154.40.
6163,2013-11-03 05:00:00,ACTIVITY_DROP,471.5317,1154.396,ACTIVITY_DROP: current activity 471.53 is 0.41x the baseline 1154.40.
6163,2013-11-03 06:00:00,ACTIVITY_DROP,533.4446,1154.396,ACTIVITY_DROP: current activity 533.44 is 0.46x the baseline 1154.40.
6163,2013-11-03 07:00:00,ACTIVITY_DROP,573.2810000000001,1154.396,ACTIVITY_DROP: current activity 573.28 is 0.50x the baseline 1154.40.
6163,2013-11-03 18:00:00,HIGH_ACTIVITY,1794.4485,1148.0284,HIGH_ACTIVITY: current activity 1794.45 is 1.56x the baseline 1148.03.
6163,2013-11-03 21:00:00,HIGH_ACTIVITY,1855.8634000000002,1148.0284,HIGH_ACTIVITY: current activity 1855.86 is 1.62x the baseline 1148.03.
6164,2013-11-03 00:00:00,ACTIVITY_DROP,1630.0250999999998,3410.1849,ACTIVITY_DROP: current activity 1630.03 is 0.48x the baseline 3410.18.
6164,2013-11-03 01:00:00,ACTIVITY_DROP,1294.9737,3410.1849,ACTIVITY_DROP: current activity 1294.97 is 0.38x the baseline 3410.18.
6164,2013-11-03 02:00:00,ACTIVITY_DROP,1148.6130999999998,3410.1849,ACTIVITY_DROP: current activity 1148.61 is 0.34x the baseline 3410.18.
6164,2013-11-03 03:00:00,ACTIVITY_DROP,1054.1366,3410.1849,ACTIVITY_DROP: current activity 1054.14 is 0.31x the baseline 3410.18.
6164,2013-11-03 04:00:00,ACTIVITY_DROP,896.3844,3410.1849,ACTIVITY_DROP: current activity 896.38 is 0.26x the baseline 3410.18.
6164,2013-11-03 05:00:00,ACTIVITY_DROP,978.4980999999999,3410.1849,ACTIVITY_DROP: current activity 978.50 is 0.29x the baseline 3410.18.
6164,2013-11-03 06:00:00,ACTIVITY_DROP,1144.6609,3410.1849,ACTIVITY_DROP: current activity 1144.66 is 0.34x the baseline 3410.18.
6164,2013-11-03 07:00:00,ACTIVITY_DROP,1443.374,3410.1849,ACTIVITY_DROP: current activity 1443.37 is 0.42x the baseline 3410.18.
6164,2013-11-03 15:00:00,HIGH_ACTIVITY,5513.197,3318.6466,HIGH_ACTIVITY: current activity 5513.20 is 1.66x the baseline 3318.65.
6164,2013-11-03 16:00:00,HIGH_ACTIVITY,5963.2446,3318.6466,HIGH_ACTIVITY: current activity 5963.24 is 1.80x the baseline 3318.65.
6164,2013-11-03 17:00:00,HIGH_ACTIVITY,7541.2737,3318.6466,HIGH_ACTIVITY: current activity 7541.27 is 2.27x the baseline 3318.65.
6164,2013-11-03 18:00:00,HIGH_ACTIVITY,6691.0406,3318.6466,HIGH_ACTIVITY: current activity 6691.04 is 2.02x the baseline 3318.65.
6164,2013-11-03 19:00:00,HIGH_ACTIVITY,5292.4462,3318.6466,HIGH_ACTIVITY: current activity 5292.45 is 1.59x the baseline 3318.65.
6165,2013-11-03 00:00:00,ACTIVITY_DROP,1980.8093,3997.8770999999997,ACTIVITY_DROP: current activity 1980.81 is 0.50x the baseline 3997.88.
6165,2013-11-03 01:00:00,ACTIVITY_DROP,1546.5804,3997.8770999999997,ACTIVITY_DROP: current activity 1546.58 is 0.39x the baseline 3997.88.
6165,2013-11-03 02:00:00,ACTIVITY_DROP,1313.8906,3997.8770999999997,ACTIVITY_DROP: current activity 1313.89 is 0.33x the baseline 3997.88.
6165,2013-11-03 03:00:00,ACTIVITY_DROP,1183.1420000000003,3997.8770999999997,ACTIVITY_DROP: current activity 1183.14 is 0.30x the baseline 3997.88.
6165,2013-11-03 04:00:00,ACTIVITY_DROP,1085.2889,3997.8770999999997,ACTIVITY_DROP: current activity 1085.29 is 0.27x the baseline 3997.88.
6165,2013-11-03 05:00:00,ACTIVITY_DROP,1221.7058,3997.8770999999997,ACTIVITY_DROP: current activity 1221.71 is 0.31x the baseline 3997.88.
6165,2013-11-03 06:00:00,ACTIVITY_DROP,1425.0438,3997.8770999999997,ACTIVITY_DROP: current activity 1425.04 is 0.36x the baseline 3997.88.
6165,2013-11-03 07:00:00,ACTIVITY_DROP,1825.3631,3997.8770999999997,ACTIVITY_DROP: current activity 1825.36 is 0.46x the baseline 3997.88.
6165,2013-11-03 15:00:00,HIGH_ACTIVITY,6931.5378,3977.1822,HIGH_ACTIVITY: current activity 6931.54 is 1.74x the baseline 3977.18.
6165,2013-11-03 16:00:00,HIGH_ACTIVITY,8089.357999999999,3977.1822,HIGH_ACTIVITY: current activity 8089.36 is 2.03x the baseline 3977.18.
6165,2013-11-03 17:00:00,HIGH_ACTIVITY,10246.2509,3977.1822,HIGH_ACTIVITY: current activity 10246.25 is 2.58x the baseline 3977.18.
6165,2013-11-03 18:00:00,HIGH_ACTIVITY,8761.5299,3977.1822,HIGH_ACTIVITY: current activity 8761.53 is 2.20x the baseline 3977.18.
6165,2013-11-03 19:00:00,HIGH_ACTIVITY,7420.6439,3977.1822,HIGH_ACTIVITY: current activity 7420.64 is 1.87x the baseline 3977.18.
6166,2013-11-03 00:00:00,ACTIVITY_DROP,1327.3223999999998,2781.1982,ACTIVITY_DROP: current activity 1327.32 is 0.48x the baseline 2781.20.
6166,2013-11-03 01:00:00,ACTIVITY_DROP,1008.9207999999999,2781.1982,ACTIVITY_DROP: current activity 1008.92 is 0.36x the baseline 2781.20.
6166,2013-11-03 02:00:00,ACTIVITY_DROP,953.9839,2781.1982,ACTIVITY_DROP: current activity 953.98 is 0.34x the baseline 2781.20.
6166,2013-11-03 03:00:00,ACTIVITY_DROP,911.3734000000001,2781.1982,ACTIVITY_DROP: current activity 911.37 is 0.33x the baseline 2781.20.
6166,2013-11-03 04:00:00,ACTIVITY_DROP,893.4406999999999,2781.1982,ACTIVITY_DROP: current activity 893.44 is 0.32x the baseline 2781.20.
6166,2013-11-03 05:00:00,ACTIVITY_DROP,991.7201000000001,2781.1982,ACTIVITY_DROP: current activity 991.72 is 0.36x the baseline 2781.20.
6166,2013-11-03 06:00:00,ACTIVITY_DROP,1093.5272,2781.1982,ACTIVITY_DROP: current activity 1093.53 is 0.39x the baseline 2781.20.
6166,2013-11-03 07:00:00,ACTIVITY_DROP,1188.5864,2781.1982,ACTIVITY_DROP: current activity 1188.59 is 0.43x the baseline 2781.20.
6166,2013-11-03 15:00:00,HIGH_ACTIVITY,3902.8557,2557.3382,HIGH_ACTIVITY: current activity 3902.86 is 1.53x the baseline 2557.34.
6166,2013-11-03 16:00:00,HIGH_ACTIVITY,5899.172699999999,2557.3382,HIGH_ACTIVITY: current activity 5899.17 is 2.31x the baseline 2557.34.
6166,2013-11-03 16:00:00,ACTIVITY_SPIKE,5899.172699999999,2557.3382,ACTIVITY_SPIKE: current activity 5899.17 increased sharply from the previous hour 3902.86.
6166,2013-11-03 17:00:00,HIGH_ACTIVITY,6852.0838,2557.3382,HIGH_ACTIVITY: current activity 6852.08 is 2.68x the baseline 2557.34.
6166,2013-11-03 18:00:00,HIGH_ACTIVITY,5836.4197,2557.3382,HIGH_ACTIVITY: current activity 5836.42 is 2.28x the baseline 2557.34.
6166,2013-11-03 19:00:00,HIGH_ACTIVITY,4735.1801,2557.3382,HIGH_ACTIVITY: current activity 4735.18 is 1.85x the baseline 2557.34.
6167,2013-11-03 04:00:00,ACTIVITY_DROP,952.8412,2000.3346999999999,ACTIVITY_DROP: current activity 952.84 is 0.48x the baseline 2000.33.
6167,2013-11-03 05:00:00,ACTIVITY_DROP,983.2467999999999,2000.3346999999999,ACTIVITY_DROP: current activity 983.25 is 0.49x the baseline 2000.33.
6167,2013-11-03 19:00:00,HIGH_ACTIVITY,3001.6893000000005,1978.9286000000002,HIGH_ACTIVITY: current activity 3001.69 is 1.52x the baseline 1978.93.
6168,2013-11-03 04:00:00,ACTIVITY_DROP,1070.8819999999998,2207.2692,ACTIVITY_DROP: current activity 1070.88 is 0.49x the baseline 2207.27.
6168,2013-11-03 05:00:00,ACTIVITY_DROP,1038.7413000000001,2207.2692,ACTIVITY_DROP: current activity 1038.74 is 0.47x the baseline 2207.27.
6168,2013-11-03 06:00:00,ACTIVITY_DROP,1018.481,2207.2692,ACTIVITY_DROP: current activity 1018.48 is 0.46x the baseline 2207.27.
6168,2013-11-03 07:00:00,ACTIVITY_DROP,1041.8173,2207.2692,ACTIVITY_DROP: current activity 1041.82 is 0.47x the baseline 2207.27.
6169,2013-11-03 02:00:00,ACTIVITY_DROP,2489.3928,5225.9669,ACTIVITY_DROP: current activity 2489.39 is 0.48x the baseline 5225.97.
6169,2013-11-03 03:00:00,ACTIVITY_SPIKE,4689.7576,5225.9669,ACTIVITY_SPIKE: current activity 4689.76 increased sharply from the previous hour 2489.39.
6169,2013-11-03 04:00:00,ACTIVITY_DROP,1962.3528999999999,5225.9669,ACTIVITY_DROP: current activity 1962.35 is 0.38x the baseline 5225.97.
6169,2013-11-03 05:00:00,ACTIVITY_DROP,1919.8502999999998,5225.9669,ACTIVITY_DROP: current activity 1919.85 is 0.37x the baseline 5225.97.
6169,2013-11-03 06:00:00,ACTIVITY_DROP,1681.8245,5225.9669,ACTIVITY_DROP: current activity 1681.82 is 0.32x the baseline 5225.97.
6169,2013-11-03 07:00:00,ACTIVITY_DROP,2033.9502,5225.9669,ACTIVITY_DROP: current activity 2033.95 is 0.39x the baseline 5225.97.
6169,2013-11-03 18:00:00,HIGH_ACTIVITY,10196.915700000001,4953.885700000001,HIGH_ACTIVITY: current activity 10196.92 is 2.06x the baseline 4953.89.
6169,2013-11-03 18:00:00,ACTIVITY_SPIKE,10196.915700000001,4953.885700000001,ACTIVITY_SPIKE: current activity 10196.92 increased sharply from the previous hour 6044.12.
6170,2013-11-03 05:00:00,ACTIVITY_DROP,908.0901,2191.1133,ACTIVITY_DROP: current activity 908.09 is 0.41x the baseline 2191.11.
6170,2013-11-03 06:00:00,ACTIVITY_DROP,904.2875,2191.1133,ACTIVITY_DROP: current activity 904.29 is 0.41x the baseline 2191.11.
6170,2013-11-03 07:00:00,ACTIVITY_DROP,946.9762000000001,2191.1133,ACTIVITY_DROP: current activity 946.98 is 0.43x the baseline 2191.11.
6171,2013-11-03 02:00:00,ACTIVITY_DROP,887.0567,1871.9208,ACTIVITY_DROP: current activity 887.06 is 0.47x the baseline 1871.92.
6171,2013-11-03 03:00:00,ACTIVITY_DROP,772.3706,1871.9208,ACTIVITY_DROP: current activity 772.37 is 0.41x the baseline 1871.92.
6171,2013-11-03 04:00:00,ACTIVITY_DROP,757.4861000000001,1871.9208,ACTIVITY_DROP: current activity 757.49 is 0.40x the baseline 1871.92.
6171,2013-11-03 05:00:00,ACTIVITY_DROP,675.343,1871.9208,ACTIVITY_DROP: current activity 675.34 is 0.36x the baseline 1871.92.
6171,2013-11-03 06:00:00,ACTIVITY_DROP,685.0908000000001,1871.9208,ACTIVITY_DROP: current activity 685.09 is 0.37x the baseline 1871.92.
6171,2013-11-03 07:00:00,ACTIVITY_DROP,736.6065,1871.9208,ACTIVITY_DROP: current activity 736.61 is 0.39x the baseline 1871.92.
6171,2013-11-03 08:00:00,ACTIVITY_DROP,874.5287,1871.9208,ACTIVITY_DROP: current activity 874.53 is 0.47x the baseline 1871.92.
6171,2013-11-03 09:00:00,ACTIVITY_SPIKE,1439.6883,1871.9208,ACTIVITY_SPIKE: current activity 1439.69 increased sharply from the previous hour 874.53.
6172,2013-11-03 03:00:00,ACTIVITY_DROP,1328.2422,2811.9804,ACTIVITY_DROP: current activity 1328.24 is 0.47x the baseline 2811.98.
6172,2013-11-03 04:00:00,ACTIVITY_DROP,968.5304000000001,2811.9804,ACTIVITY_DROP: current activity 968.53 is 0.34x the baseline 2811.98.
6172,2013-11-03 05:00:00,ACTIVITY_DROP,898.4248,2811.9804,ACTIVITY_DROP: current activity 898.42 is 0.32x the baseline 2811.98.
6172,2013-11-03 06:00:00,ACTIVITY_DROP,930.1948,2811.9804,ACTIVITY_DROP: current activity 930.19 is 0.33x the baseline 2811.98.
6172,2013-11-03 07:00:00,ACTIVITY_DROP,997.6372,2811.9804,ACTIVITY_DROP: current activity 997.64 is 0.35x the baseline 2811.98.
6172,2013-11-03 08:00:00,ACTIVITY_SPIKE,1607.3883,2811.9804,ACTIVITY_SPIKE: current activity 1607.39 increased sharply from the previous hour 997.64.
6173,2013-11-03 04:00:00,ACTIVITY_DROP,1039.6964,2092.6884999999997,ACTIVITY_DROP: current activity 1039.70 is 0.50x the baseline 2092.69.
6173,2013-11-03 05:00:00,ACTIVITY_DROP,831.6569,2092.6884999999997,ACTIVITY_DROP: current activity 831.66 is 0.40x the baseline 2092.69.
6173,2013-11-03 06:00:00,ACTIVITY_DROP,904.5648,2092.6884999999997,ACTIVITY_DROP: current activity 904.56 is 0.43x the baseline 2092.69.
6173,2013-11-03 07:00:00,ACTIVITY_DROP,961.1088000000001,2092.6884999999997,ACTIVITY_DROP: current activity 961.11 is 0.46x the baseline 2092.69.
6173,2013-11-03 20:00:00,HIGH_ACTIVITY,3148.0330000000004,2027.9891,HIGH_ACTIVITY: current activity 3148.03 is 1.55x the baseline 2027.99.
6173,2013-11-03 21:00:00,HIGH_ACTIVITY,3418.0177000000003,2027.9891,HIGH_ACTIVITY: current activity 3418.02 is 1.69x the baseline 2027.99.
6174,2013-11-03 03:00:00,ACTIVITY_DROP,1128.2101,2665.2652,ACTIVITY_DROP: current activity 1128.21 is 0.42x the baseline 2665.27.
6174,2013-11-03 04:00:00,ACTIVITY_DROP,1316.8227,2665.2652,ACTIVITY_DROP: current activity 1316.82 is 0.49x the baseline 2665.27.
6174,2013-11-03 05:00:00,ACTIVITY_DROP,1041.6544999999999,2665.2652,ACTIVITY_DROP: current activity 1041.65 is 0.39x the baseline 2665.27.
6174,2013-11-03 06:00:00,ACTIVITY_DROP,1063.6473999999998,2665.2652,ACTIVITY_DROP: current activity 1063.65 is 0.40x the baseline 2665.27.
6174,2013-11-03 07:00:00,ACTIVITY_DROP,1196.2903000000001,2665.2652,ACTIVITY_DROP: current activity 1196.29 is 0.45x the baseline 2665.27.
6174,2013-11-03 19:00:00,HIGH_ACTIVITY,4198.9624,2626.2509000000005,HIGH_ACTIVITY: current activity 4198.96 is 1.60x the baseline 2626.25.
6174,2013-11-03 20:00:00,HIGH_ACTIVITY,4414.7928,2626.2509000000005,HIGH_ACTIVITY: current activity 4414.79 is 1.68x the baseline 2626.25.
6174,2013-11-03 21:00:00,HIGH_ACTIVITY,4188.5082,2626.2509000000005,HIGH_ACTIVITY: current activity 4188.51 is 1.59x the baseline 2626.25.
6175,2013-11-03 02:00:00,ACTIVITY_DROP,1072.574,2553.6371999999997,ACTIVITY_DROP: current activity 1072.57 is 0.42x the baseline 2553.64.
6175,2013-11-03 03:00:00,ACTIVITY_DROP,983.6217999999999,2553.6371999999997,ACTIVITY_DROP: current activity 983.62 is 0.39x the baseline 2553.64.
6175,2013-11-03 04:00:00,ACTIVITY_DROP,927.6163,2553.6371999999997,ACTIVITY_DROP: current activity 927.62 is 0.36x the baseline 2553.64.
6175,2013-11-03 05:00:00,ACTIVITY_DROP,910.6725000000001,2553.6371999999997,ACTIVITY_DROP: current activity 910.67 is 0.36x the baseline 2553.64.
6175,2013-11-03 06:00:00,ACTIVITY_DROP,930.5672000000001,2553.6371999999997,ACTIVITY_DROP: current activity 930.57 is 0.36x the baseline 2553.64.
6175,2013-11-03 07:00:00,ACTIVITY_DROP,1113.6317000000001,2553.6371999999997,ACTIVITY_DROP: current activity 1113.63 is 0.44x the baseline 2553.64.
6175,2013-11-03 17:00:00,HIGH_ACTIVITY,3664.4056,2420.2085,HIGH_ACTIVITY: current activity 3664.41 is 1.51x the baseline 2420.21.
6175,2013-11-03 18:00:00,HIGH_ACTIVITY,4161.1502,2420.2085,HIGH_ACTIVITY: current activity 4161.15 is 1.72x the baseline 2420.21.
6175,2013-11-03 19:00:00,HIGH_ACTIVITY,4160.2005,2420.2085,HIGH_ACTIVITY: current activity 4160.20 is 1.72x the baseline 2420.21.
6175,2013-11-03 20:00:00,HIGH_ACTIVITY,4238.9435,2420.2085,HIGH_ACTIVITY: current activity 4238.94 is 1.75x the baseline 2420.21.
6175,2013-11-03 22:00:00,HIGH_ACTIVITY,4527.2509,2420.2085,HIGH_ACTIVITY: current activity 4527.25 is 1.87x the baseline 2420.21.
6176,2013-11-03 02:00:00,ACTIVITY_DROP,857.7330000000001,1966.4722,ACTIVITY_DROP: current activity 857.73 is 0.44x the baseline 1966.47.
6176,2013-11-03 03:00:00,ACTIVITY_DROP,785.3633,1966.4722,ACTIVITY_DROP: current activity 785.36 is 0.40x the baseline 1966.47.
6176,2013-11-03 04:00:00,ACTIVITY_DROP,761.0179,1966.4722,ACTIVITY_DROP: current activity 761.02 is 0.39x the baseline 1966.47.
6176,2013-11-03 05:00:00,ACTIVITY_DROP,762.8107,1966.4722,ACTIVITY_DROP: current activity 762.81 is 0.39x the baseline 1966.47.
6176,2013-11-03 06:00:00,ACTIVITY_DROP,800.3046,1966.4722,ACTIVITY_DROP: current activity 800.30 is 0.41x the baseline 1966.47.
6176,2013-11-03 07:00:00,ACTIVITY_DROP,917.0029,1966.4722,ACTIVITY_DROP: current activity 917.00 is 0.47x the baseline 1966.47.
6176,2013-11-03 18:00:00,HIGH_ACTIVITY,2956.2141,1915.3747,HIGH_ACTIVITY: current activity 2956.21 is 1.54x the baseline 1915.37.
6176,2013-11-03 19:00:00,HIGH_ACTIVITY,3219.6967000000004,1915.3747,HIGH_ACTIVITY: current activity 3219.70 is 1.68x the baseline 1915.37.
6176,2013-11-03 20:00:00,HIGH_ACTIVITY,3244.5407999999998,1915.3747,HIGH_ACTIVITY: current activity 3244.54 is 1.69x the baseline 1915.37.
6176,2013-11-03 22:00:00,HIGH_ACTIVITY,3118.3801000000003,1915.3747,HIGH_ACTIVITY: current activity 3118.38 is 1.63x the baseline 1915.37.
6177,2013-11-03 02:00:00,ACTIVITY_DROP,577.3985999999999,1274.4018,ACTIVITY_DROP: current activity 577.40 is 0.45x the baseline 1274.40.
6177,2013-11-03 03:00:00,ACTIVITY_DROP,529.8050000000001,1274.4018,ACTIVITY_DROP: current activity 529.81 is 0.42x the baseline 1274.40.
6177,2013-11-03 04:00:00,ACTIVITY_DROP,540.7969,1274.4018,ACTIVITY_DROP: current activity 540.80 is 0.42x the baseline 1274.40.
6177,2013-11-03 05:00:00,ACTIVITY_DROP,559.4746,1274.4018,ACTIVITY_DROP: current activity 559.47 is 0.44x the baseline 1274.40.
6177,2013-11-03 06:00:00,ACTIVITY_DROP,595.1784,1274.4018,ACTIVITY_DROP: current activity 595.18 is 0.47x the baseline 1274.40.
6177,2013-11-03 07:00:00,ACTIVITY_DROP,633.8097,1274.4018,ACTIVITY_DROP: current activity 633.81 is 0.50x the baseline 1274.40.
6177,2013-11-03 08:00:00,ACTIVITY_SPIKE,952.9263000000001,1274.4018,ACTIVITY_SPIKE: current activity 952.93 increased sharply from the previous hour 633.81.
6177,2013-11-03 15:00:00,HIGH_ACTIVITY,2417.8165,1229.6135,HIGH_ACTIVITY: current activity 2417.82 is 1.97x the baseline 1229.61.
6177,2013-11-03 16:00:00,HIGH_ACTIVITY,3047.9798,1229.6135,HIGH_ACTIVITY: current activity 3047.98 is 2.48x the baseline 1229.61.
6177,2013-11-03 19:00:00,HIGH_ACTIVITY,2120.5437,1229.6135,HIGH_ACTIVITY: current activity 2120.54 is 1.72x the baseline 1229.61.
6177,2013-11-03 20:00:00,HIGH_ACTIVITY,2279.6648999999998,1229.6135,HIGH_ACTIVITY: current activity 2279.66 is 1.85x the baseline 1229.61.
6178,2013-11-03 01:00:00,ACTIVITY_DROP,584.8951999999999,1188.4019,ACTIVITY_DROP: current activity 584.90 is 0.49x the baseline 1188.40.
6178,2013-11-03 02:00:00,ACTIVITY_DROP,528.8052,1188.4019,ACTIVITY_DROP: current activity 528.81 is 0.44x the baseline 1188.40.
6178,2013-11-03 03:00:00,ACTIVITY_DROP,506.5572,1188.4019,ACTIVITY_DROP: current activity 506.56 is 0.43x the baseline 1188.40.
6178,2013-11-03 04:00:00,ACTIVITY_DROP,457.6681,1188.4019,ACTIVITY_DROP: current activity 457.67 is 0.39x the baseline 1188.40.
6178,2013-11-03 05:00:00,ACTIVITY_DROP,465.5484,1188.4019,ACTIVITY_DROP: current activity 465.55 is 0.39x the baseline 1188.40.
6178,2013-11-03 06:00:00,ACTIVITY_DROP,481.734,1188.4019,ACTIVITY_DROP: current activity 481.73 is 0.41x the baseline 1188.40.
6178,2013-11-03 07:00:00,ACTIVITY_DROP,510.2446,1188.4019,ACTIVITY_DROP: current activity 510.24 is 0.43x the baseline 1188.40.
6178,2013-11-03 09:00:00,ACTIVITY_SPIKE,1149.3354,1188.4019,ACTIVITY_SPIKE: current activity 1149.34 increased sharply from the previous hour 749.64.
6178,2013-11-03 16:00:00,HIGH_ACTIVITY,2057.0694,1149.3354,HIGH_ACTIVITY: current activity 2057.07 is 1.79x the baseline 1149.34.
6245,2013-11-03 02:00:00,ACTIVITY_DROP,605.4386,1404.0341999999998,ACTIVITY_DROP: current activity 605.44 is 0.43x the baseline 1404.03.
6245,2013-11-03 03:00:00,ACTIVITY_DROP,589.7384,1404.0341999999998,ACTIVITY_DROP: current activity 589.74 is 0.42x the baseline 1404.03.
6245,2013-11-03 04:00:00,ACTIVITY_DROP,582.3386,1404.0341999999998,ACTIVITY_DROP: current activity 582.34 is 0.41x the baseline 1404.03.
6245,2013-11-03 05:00:00,ACTIVITY_DROP,575.4397,1404.0341999999998,ACTIVITY_DROP: current activity 575.44 is 0.41x the baseline 1404.03.
6245,2013-11-03 06:00:00,ACTIVITY_DROP,637.1765999999999,1404.0341999999998,ACTIVITY_DROP: current activity 637.18 is 0.45x the baseline 1404.03.
6245,2013-11-03 07:00:00,ACTIVITY_DROP,641.9051000000001,1404.0341999999998,ACTIVITY_DROP: current activity 641.91 is 0.46x the baseline 1404.03.
6245,2013-11-03 12:00:00,HIGH_ACTIVITY,2025.7309000000002,1163.4506999999999,HIGH_ACTIVITY: current activity 2025.73 is 1.74x the baseline 1163.45.
6245,2013-11-03 13:00:00,HIGH_ACTIVITY,1879.0765999999999,1163.4506999999999,HIGH_ACTIVITY: current activity 1879.08 is 1.62x the baseline 1163.45.
6245,2013-11-03 15:00:00,HIGH_ACTIVITY,2077.194,1163.4506999999999,HIGH_ACTIVITY: current activity 2077.19 is 1.79x the baseline 1163.45.
6245,2013-11-03 16:00:00,HIGH_ACTIVITY,2361.4028,1163.4506999999999,HIGH_ACTIVITY: current activity 2361.40 is 2.03x the baseline 1163.45.
6245,2013-11-03 17:00:00,HIGH_ACTIVITY,2573.5961,1163.4506999999999,HIGH_ACTIVITY: current activity 2573.60 is 2.21x the baseline 1163.45.
6245,2013-11-03 18:00:00,HIGH_ACTIVITY,2420.3857,1163.4506999999999,HIGH_ACTIVITY: current activity 2420.39 is 2.08x the baseline 1163.45.
6245,2013-11-03 19:00:00,HIGH_ACTIVITY,1988.2588999999998,1163.4506999999999,HIGH_ACTIVITY: current activity 1988.26 is 1.71x the baseline 1163.45.
6246,2013-11-03 08:00:00,ACTIVITY_SPIKE,1299.4845,1564.6309999999999,ACTIVITY_SPIKE: current activity 1299.48 increased sharply from the previous hour 811.52.
6246,2013-11-03 12:00:00,HIGH_ACTIVITY,2414.8641,1531.1362,HIGH_ACTIVITY: current activity 2414.86 is 1.58x the baseline 1531.14.
6246,2013-11-03 13:00:00,HIGH_ACTIVITY,2412.9222999999997,1531.1362,HIGH_ACTIVITY: current activity 2412.92 is 1.58x the baseline 1531.14.
6246,2013-11-03 15:00:00,HIGH_ACTIVITY,2497.172,1531.1362,HIGH_ACTIVITY: current activity 2497.17 is 1.63x the baseline 1531.14.
6246,2013-11-03 15:00:00,ACTIVITY_SPIKE,2497.172,1531.1362,ACTIVITY_SPIKE: current activity 2497.17 increased sharply from the previous hour 1634.12.
6246,2013-11-03 16:00:00,HIGH_ACTIVITY,2409.8887,1531.1362,HIGH_ACTIVITY: current activity 2409.89 is 1.57x the baseline 1531.14.
6246,2013-11-03 17:00:00,HIGH_ACTIVITY,2451.0233,1531.1362,HIGH_ACTIVITY: current activity 2451.02 is 1.60x the baseline 1531.14.
6247,2013-11-03 04:00:00,ACTIVITY_DROP,807.9952,1624.7977,ACTIVITY_DROP: current activity 808.00 is 0.50x the baseline 1624.80.
6247,2013-11-03 07:00:00,ACTIVITY_DROP,805.9884000000001,1624.7977,ACTIVITY_DROP: current activity 805.99 is 0.50x the baseline 1624.80.
6247,2013-11-03 08:00:00,ACTIVITY_SPIKE,1233.9404000000002,1624.7977,ACTIVITY_SPIKE: current activity 1233.94 increased sharply from the previous hour 805.99.
6247,2013-11-03 12:00:00,HIGH_ACTIVITY,2280.5854,1511.8371000000002,HIGH_ACTIVITY: current activity 2280.59 is 1.51x the baseline 1511.84.
6247,2013-11-03 13:00:00,HIGH_ACTIVITY,2334.936,1511.8371000000002,HIGH_ACTIVITY: current activity 2334.94 is 1.54x the baseline 1511.84.
6247,2013-11-03 15:00:00,HIGH_ACTIVITY,2380.7484999999997,1511.8371000000002,HIGH_ACTIVITY: current activity 2380.75 is 1.57x the baseline 1511.84.
6247,2013-11-03 16:00:00,HIGH_ACTIVITY,2303.4251999999997,1511.8371000000002,HIGH_ACTIVITY: current activity 2303.43 is 1.52x the baseline 1511.84.
6247,2013-11-03 17:00:00,HIGH_ACTIVITY,2312.8698,1511.8371000000002,HIGH_ACTIVITY: current activity 2312.87 is 1.53x the baseline 1511.84.
6248,2013-11-03 03:00:00,ACTIVITY_DROP,996.6536,2217.336,ACTIVITY_DROP: current activity 996.65 is 0.45x the baseline 2217.34.
6248,2013-11-03 04:00:00,ACTIVITY_DROP,949.5242,2217.336,ACTIVITY_DROP: current activity 949.52 is 0.43x the baseline 2217.34.
6248,2013-11-03 05:00:00,ACTIVITY_DROP,936.4231,2217.336,ACTIVITY_DROP: current activity 936.42 is 0.42x the baseline 2217.34.
6248,2013-11-03 06:00:00,ACTIVITY_DROP,978.2155,2217.336,ACTIVITY_DROP: current activity 978.22 is 0.44x the baseline 2217.34.
6249,2013-11-03 03:00:00,ACTIVITY_DROP,991.0551000000002,2106.3084,ACTIVITY_DROP: current activity 991.06 is 0.47x the baseline 2106.31.
6249,2013-11-03 04:00:00,ACTIVITY_DROP,885.9913,2106.3084,ACTIVITY_DROP: current activity 885.99 is 0.42x the baseline 2106.31.
6249,2013-11-03 05:00:00,ACTIVITY_DROP,849.7601999999999,2106.3084,ACTIVITY_DROP: current activity 849.76 is 0.40x the baseline 2106.31.
6249,2013-11-03 06:00:00,ACTIVITY_DROP,936.6628000000001,2106.3084,ACTIVITY_DROP: current activity 936.66 is 0.44x the baseline 2106.31.
6249,2013-11-03 08:00:00,ACTIVITY_SPIKE,1609.2006,2106.3084,ACTIVITY_SPIKE: current activity 1609.20 increased sharply from the previous hour 1053.94.
6250,2013-11-03 04:00:00,ACTIVITY_DROP,944.5092,1950.1454999999999,ACTIVITY_DROP: current activity 944.51 is 0.48x the baseline 1950.15.
6250,2013-11-03 05:00:00,ACTIVITY_DROP,794.4146000000001,1950.1454999999999,ACTIVITY_DROP: current activity 794.41 is 0.41x the baseline 1950.15.
6250,2013-11-03 06:00:00,ACTIVITY_DROP,877.0066,1950.1454999999999,ACTIVITY_DROP: current activity 877.01 is 0.45x the baseline 1950.15.
6250,2013-11-03 07:00:00,ACTIVITY_DROP,909.814,1950.1454999999999,ACTIVITY_DROP: current activity 909.81 is 0.47x the baseline 1950.15.
6251,2013-11-03 04:00:00,ACTIVITY_DROP,1058.3995,2457.5742,ACTIVITY_DROP: current activity 1058.40 is 0.43x the baseline 2457.57.
6251,2013-11-03 05:00:00,ACTIVITY_DROP,982.7733000000001,2457.5742,ACTIVITY_DROP: current activity 982.77 is 0.40x the baseline 2457.57.
6251,2013-11-03 06:00:00,ACTIVITY_DROP,968.5295,2457.5742,ACTIVITY_DROP: current activity 968.53 is 0.39x the baseline 2457.57.
6251,2013-11-03 07:00:00,ACTIVITY_DROP,1070.2647,2457.5742,ACTIVITY_DROP: current activity 1070.26 is 0.44x the baseline 2457.57.
6252,2013-11-03 03:00:00,ACTIVITY_DROP,987.6855,2086.1643999999997,ACTIVITY_DROP: current activity 987.69 is 0.47x the baseline 2086.16.
6252,2013-11-03 04:00:00,ACTIVITY_DROP,945.6304000000001,2086.1643999999997,ACTIVITY_DROP: current activity 945.63 is 0.45x the baseline 2086.16.
6252,2013-11-03 05:00:00,ACTIVITY_DROP,915.4025000000001,2086.1643999999997,ACTIVITY_DROP: current activity 915.40 is 0.44x the baseline 2086.16.
6252,2013-11-03 06:00:00,ACTIVITY_DROP,881.8067,2086.1643999999997,ACTIVITY_DROP: current activity 881.81 is 0.42x the baseline 2086.16.
6252,2013-11-03 07:00:00,ACTIVITY_DROP,1011.5231,2086.1643999999997,ACTIVITY_DROP: current activity 1011.52 is 0.48x the baseline 2086.16.
6252,2013-11-03 22:00:00,HIGH_ACTIVITY,3165.3940000000002,2072.0397000000003,HIGH_ACTIVITY: current activity 3165.39 is 1.53x the baseline 2072.04.
6253,2013-11-03 03:00:00,ACTIVITY_DROP,633.7332000000001,1353.9593,ACTIVITY_DROP: current activity 633.73 is 0.47x the baseline 1353.96.
6253,2013-11-03 04:00:00,ACTIVITY_DROP,622.7725,1353.9593,ACTIVITY_DROP: current activity 622.77 is 0.46x the baseline 1353.96.
6253,2013-11-03 05:00:00,ACTIVITY_DROP,598.1249,1353.9593,ACTIVITY_DROP: current activity 598.12 is 0.44x the baseline 1353.96.
6253,2013-11-03 06:00:00,ACTIVITY_DROP,547.9663,1353.9593,ACTIVITY_DROP: current activity 547.97 is 0.40x the baseline 1353.96.
6253,2013-11-03 07:00:00,ACTIVITY_DROP,633.707,1353.9593,ACTIVITY_DROP: current activity 633.71 is 0.47x the baseline 1353.96.
6253,2013-11-03 22:00:00,HIGH_ACTIVITY,1963.155,1298.1798,HIGH_ACTIVITY: current activity 1963.15 is 1.51x the baseline 1298.18.
6257,2013-11-03 03:00:00,ACTIVITY_DROP,459.62059999999997,1000.3155999999999,ACTIVITY_DROP: current activity 459.62 is 0.46x the baseline 1000.32.
6257,2013-11-03 04:00:00,ACTIVITY_DROP,411.0457,1000.3155999999999,ACTIVITY_DROP: current activity 411.05 is 0.41x the baseline 1000.32.
6257,2013-11-03 05:00:00,ACTIVITY_DROP,407.6612,1000.3155999999999,ACTIVITY_DROP: current activity 407.66 is 0.41x the baseline 1000.32.
6257,2013-11-03 06:00:00,ACTIVITY_DROP,411.72920000000005,1000.3155999999999,ACTIVITY_DROP: current activity 411.73 is 0.41x the baseline 1000.32.
6257,2013-11-03 07:00:00,ACTIVITY_DROP,475.655,1000.3155999999999,ACTIVITY_DROP: current activity 475.65 is 0.48x the baseline 1000.32.
6258,2013-11-03 03:00:00,ACTIVITY_DROP,688.8806,1470.7473999999997,ACTIVITY_DROP: current activity 688.88 is 0.47x the baseline 1470.75.
6258,2013-11-03 05:00:00,ACTIVITY_DROP,685.6574999999999,1470.7473999999997,ACTIVITY_DROP: current activity 685.66 is 0.47x the baseline 1470.75.
6258,2013-11-03 06:00:00,ACTIVITY_DROP,686.3766,1470.7473999999997,ACTIVITY_DROP: current activity 686.38 is 0.47x the baseline 1470.75.
6258,2013-11-03 16:00:00,HIGH_ACTIVITY,2211.5367,1434.5751,HIGH_ACTIVITY: current activity 2211.54 is 1.54x the baseline 1434.58.
6259,2013-11-03 03:00:00,ACTIVITY_DROP,701.9807,1472.7595000000001,ACTIVITY_DROP: current activity 701.98 is 0.48x the baseline 1472.76.
6259,2013-11-03 04:00:00,ACTIVITY_DROP,720.2855,1472.7595000000001,ACTIVITY_DROP: current activity 720.29 is 0.49x the baseline 1472.76.
6259,2013-11-03 05:00:00,ACTIVITY_DROP,691.3726,1472.7595000000001,ACTIVITY_DROP: current activity 691.37 is 0.47x the baseline 1472.76.
6259,2013-11-03 06:00:00,ACTIVITY_DROP,665.4821,1472.7595000000001,ACTIVITY_DROP: current activity 665.48 is 0.45x the baseline 1472.76.
6259,2013-11-03 21:00:00,HIGH_ACTIVITY,2264.4444,1431.2866999999999,HIGH_ACTIVITY: current activity 2264.44 is 1.58x the baseline 1431.29.
6261,2013-11-03 04:00:00,ACTIVITY_SPIKE,1716.362,1544.1729,ACTIVITY_SPIKE: current activity 1716.36 increased sharply from the previous hour 1109.20.
6263,2013-11-03 04:00:00,ACTIVITY_DROP,439.2527,1144.5296,ACTIVITY_DROP: current activity 439.25 is 0.38x the baseline 1144.53.
6263,2013-11-03 05:00:00,ACTIVITY_DROP,447.4397,1144.5296,ACTIVITY_DROP: current activity 447.44 is 0.39x the baseline 1144.53.
6263,2013-11-03 06:00:00,ACTIVITY_DROP,531.3422999999999,1144.5296,ACTIVITY_DROP: current activity 531.34 is 0.46x the baseline 1144.53.
6263,2013-11-03 07:00:00,ACTIVITY_DROP,555.1659,1144.5296,ACTIVITY_DROP: current activity 555.17 is 0.49x the baseline 1144.53.
6263,2013-11-03 18:00:00,HIGH_ACTIVITY,1610.5939999999998,1017.3912,HIGH_ACTIVITY: current activity 1610.59 is 1.58x the baseline 1017.39.
6263,2013-11-03 21:00:00,HIGH_ACTIVITY,1699.5123,1017.3912,HIGH_ACTIVITY: current activity 1699.51 is 1.67x the baseline 1017.39.
6263,2013-11-03 22:00:00,HIGH_ACTIVITY,1616.3204,1017.3912,HIGH_ACTIVITY: current activity 1616.32 is 1.59x the baseline 1017.39.
6264,2013-11-03 02:00:00,ACTIVITY_DROP,1481.2184,3054.6384000000003,ACTIVITY_DROP: current activity 1481.22 is 0.48x the baseline 3054.64.
6264,2013-11-03 03:00:00,ACTIVITY_DROP,1138.594,3054.6384000000003,ACTIVITY_DROP: current activity 1138.59 is 0.37x the baseline 3054.64.
6264,2013-11-03 04:00:00,ACTIVITY_DROP,911.6023,3054.6384000000003,ACTIVITY_DROP: current activity 911.60 is 0.30x the baseline 3054.64.
6264,2013-11-03 05:00:00,ACTIVITY_DROP,967.1250000000001,3054.6384000000003,ACTIVITY_DROP: current activity 967.13 is 0.32x the baseline 3054.64.
6264,2013-11-03 06:00:00,ACTIVITY_DROP,1130.3627000000001,3054.6384000000003,ACTIVITY_DROP: current activity 1130.36 is 0.37x the baseline 3054.64.
6264,2013-11-03 07:00:00,ACTIVITY_DROP,1262.4459000000002,3054.6384000000003,ACTIVITY_DROP: current activity 1262.45 is 0.41x the baseline 3054.64.
6264,2013-11-03 09:00:00,ACTIVITY_SPIKE,2405.6608,3054.6384000000003,ACTIVITY_SPIKE: current activity 2405.66 increased sharply from the previous hour 1587.45.
6264,2013-11-03 16:00:00,HIGH_ACTIVITY,4551.5977,2936.5664,HIGH_ACTIVITY: current activity 4551.60 is 1.55x the baseline 2936.57.
6264,2013-11-03 17:00:00,HIGH_ACTIVITY,5892.136100000001,2936.5664,HIGH_ACTIVITY: current activity 5892.14 is 2.01x the baseline 2936.57.
6264,2013-11-03 18:00:00,HIGH_ACTIVITY,5323.7618,2936.5664,HIGH_ACTIVITY: current activity 5323.76 is 1.81x the baseline 2936.57.
6264,2013-11-03 19:00:00,HIGH_ACTIVITY,4940.1854,2936.5664,HIGH_ACTIVITY: current activity 4940.19 is 1.68x the baseline 2936.57.
6265,2013-11-03 01:00:00,ACTIVITY_DROP,1624.189,3290.9232,ACTIVITY_DROP: current activity 1624.19 is 0.49x the baseline 3290.92.
6265,2013-11-03 03:00:00,ACTIVITY_DROP,1562.524,3290.9232,ACTIVITY_DROP: current activity 1562.52 is 0.47x the baseline 3290.92.
6265,2013-11-03 04:00:00,ACTIVITY_DROP,1228.904,3290.9232,ACTIVITY_DROP: current activity 1228.90 is 0.37x the baseline 3290.92.
6265,2013-11-03 05:00:00,ACTIVITY_DROP,1237.3406999999997,3290.9232,ACTIVITY_DROP: current activity 1237.34 is 0.38x the baseline 3290.92.
6265,2013-11-03 06:00:00,ACTIVITY_DROP,1440.97,3290.9232,ACTIVITY_DROP: current activity 1440.97 is 0.44x the baseline 3290.92.
6265,2013-11-03 07:00:00,ACTIVITY_DROP,1600.3784999999998,3290.9232,ACTIVITY_DROP: current activity 1600.38 is 0.49x the baseline 3290.92.
6265,2013-11-03 17:00:00,HIGH_ACTIVITY,6270.4757,3242.3228,HIGH_ACTIVITY: current activity 6270.48 is 1.93x the baseline 3242.32.
6265,2013-11-03 18:00:00,HIGH_ACTIVITY,6454.039200000001,3242.3228,HIGH_ACTIVITY: current activity 6454.04 is 1.99x the baseline 3242.32.
6265,2013-11-03 19:00:00,HIGH_ACTIVITY,5476.2024,3242.3228,HIGH_ACTIVITY: current activity 5476.20 is 1.69x the baseline 3242.32.
6266,2013-11-03 04:00:00,ACTIVITY_DROP,921.9317000000001,2154.9432,ACTIVITY_DROP: current activity 921.93 is 0.43x the baseline 2154.94.
6266,2013-11-03 05:00:00,ACTIVITY_DROP,907.1631,2154.9432,ACTIVITY_DROP: current activity 907.16 is 0.42x the baseline 2154.94.
6266,2013-11-03 17:00:00,HIGH_ACTIVITY,3399.4119,2123.7196,HIGH_ACTIVITY: current activity 3399.41 is 1.60x the baseline 2123.72.
6266,2013-11-03 18:00:00,HIGH_ACTIVITY,3937.3348,2123.7196,HIGH_ACTIVITY: current activity 3937.33 is 1.85x the baseline 2123.72.
6266,2013-11-03 19:00:00,HIGH_ACTIVITY,3382.3098000000005,2123.7196,HIGH_ACTIVITY: current activity 3382.31 is 1.59x the baseline 2123.72.
6267,2013-11-03 02:00:00,ACTIVITY_DROP,1005.0787000000001,2135.888,ACTIVITY_DROP: current activity 1005.08 is 0.47x the baseline 2135.89.
6267,2013-11-03 03:00:00,ACTIVITY_DROP,913.5504000000001,2135.888,ACTIVITY_DROP: current activity 913.55 is 0.43x the baseline 2135.89.
6267,2013-11-03 04:00:00,ACTIVITY_DROP,845.5157,2135.888,ACTIVITY_DROP: current activity 845.52 is 0.40x the baseline 2135.89.
6267,2013-11-03 05:00:00,ACTIVITY_DROP,880.4710999999999,2135.888,ACTIVITY_DROP: current activity 880.47 is 0.41x the baseline 2135.89.
6267,2013-11-03 06:00:00,ACTIVITY_DROP,1029.5615,2135.888,ACTIVITY_DROP: current activity 1029.56 is 0.48x the baseline 2135.89.
6267,2013-11-03 07:00:00,ACTIVITY_DROP,1041.3795,2135.888,ACTIVITY_DROP: current activity 1041.38 is 0.49x the baseline 2135.89.
6267,2013-11-03 16:00:00,HIGH_ACTIVITY,3214.0692,2078.4952000000003,HIGH_ACTIVITY: current activity 3214.07 is 1.55x the baseline 2078.50.
6267,2013-11-03 17:00:00,HIGH_ACTIVITY,3533.6452,2078.4952000000003,HIGH_ACTIVITY: current activity 3533.65 is 1.70x the baseline 2078.50.
6267,2013-11-03 18:00:00,HIGH_ACTIVITY,3300.9378,2078.4952000000003,HIGH_ACTIVITY: current activity 3300.94 is 1.59x the baseline 2078.50.
6268,2013-11-03 04:00:00,ACTIVITY_DROP,1609.0964999999999,3298.499,ACTIVITY_DROP: current activity 1609.10 is 0.49x the baseline 3298.50.
6268,2013-11-03 05:00:00,ACTIVITY_DROP,1490.2970000000003,3298.499,ACTIVITY_DROP: current activity 1490.30 is 0.45x the baseline 3298.50.
6268,2013-11-03 06:00:00,ACTIVITY_DROP,1403.8456,3298.499,ACTIVITY_DROP: current activity 1403.85 is 0.43x the baseline 3298.50.
6268,2013-11-03 07:00:00,ACTIVITY_DROP,1533.8136,3298.499,ACTIVITY_DROP: current activity 1533.81 is 0.47x the baseline 3298.50.
6268,2013-11-03 08:00:00,ACTIVITY_DROP,1623.1918,3298.499,ACTIVITY_DROP: current activity 1623.19 is 0.49x the baseline 3298.50.
6269,2013-11-03 04:00:00,ACTIVITY_DROP,1589.0908,3227.3206,ACTIVITY_DROP: current activity 1589.09 is 0.49x the baseline 3227.32.
6269,2013-11-03 05:00:00,ACTIVITY_DROP,1459.9992,3227.3206,ACTIVITY_DROP: current activity 1460.00 is 0.45x the baseline 3227.32.
6269,2013-11-03 06:00:00,ACTIVITY_DROP,1304.962,3227.3206,ACTIVITY_DROP: current activity 1304.96 is 0.40x the baseline 3227.32.
6269,2013-11-03 07:00:00,ACTIVITY_DROP,1446.609,3227.3206,ACTIVITY_DROP: current activity 1446.61 is 0.45x the baseline 3227.32.
6269,2013-11-03 08:00:00,ACTIVITY_DROP,1568.0395,3227.3206,ACTIVITY_DROP: current activity 1568.04 is 0.49x the baseline 3227.32.
6270,2013-11-03 03:00:00,ACTIVITY_DROP,1061.1538000000003,2251.9651999999996,ACTIVITY_DROP: current activity 1061.15 is 0.47x the baseline 2251.97.
6270,2013-11-03 04:00:00,ACTIVITY_DROP,1001.4850999999999,2251.9651999999996,ACTIVITY_DROP: current activity 1001.49 is 0.44x the baseline 2251.97.
6270,2013-11-03 05:00:00,ACTIVITY_DROP,908.6271999999999,2251.9651999999996,ACTIVITY_DROP: current activity 908.63 is 0.40x the baseline 2251.97.
6270,2013-11-03 06:00:00,ACTIVITY_DROP,784.5299000000001,2251.9651999999996,ACTIVITY_DROP: current activity 784.53 is 0.35x the baseline 2251.97.
6270,2013-11-03 07:00:00,ACTIVITY_DROP,960.7214999999999,2251.9651999999996,ACTIVITY_DROP: current activity 960.72 is 0.43x the baseline 2251.97.
6270,2013-11-03 10:00:00,ACTIVITY_SPIKE,2808.3615,2152.833,ACTIVITY_SPIKE: current activity 2808.36 increased sharply from the previous hour 1823.93.
6271,2013-11-03 02:00:00,ACTIVITY_DROP,788.5417000000001,1916.1158,ACTIVITY_DROP: current activity 788.54 is 0.41x the baseline 1916.12.
6271,2013-11-03 03:00:00,ACTIVITY_DROP,742.8732000000001,1916.1158,ACTIVITY_DROP: current activity 742.87 is 0.39x the baseline 1916.12.
6271,2013-11-03 04:00:00,ACTIVITY_DROP,705.576,1916.1158,ACTIVITY_DROP: current activity 705.58 is 0.37x the baseline 1916.12.
6271,2013-11-03 05:00:00,ACTIVITY_DROP,796.1082000000001,1916.1158,ACTIVITY_DROP: current activity 796.11 is 0.42x the baseline 1916.12.
6271,2013-11-03 06:00:00,ACTIVITY_DROP,779.5008,1916.1158,ACTIVITY_DROP: current activity 779.50 is 0.41x the baseline 1916.12.
6271,2013-11-03 07:00:00,ACTIVITY_DROP,855.122,1916.1158,ACTIVITY_DROP: current activity 855.12 is 0.45x the baseline 1916.12.
6271,2013-11-03 21:00:00,HIGH_ACTIVITY,2854.3789,1888.7072999999998,HIGH_ACTIVITY: current activity 2854.38 is 1.51x the baseline 1888.71.
6272,2013-11-03 02:00:00,ACTIVITY_DROP,809.7567,1672.7863999999997,ACTIVITY_DROP: current activity 809.76 is 0.48x the baseline 1672.79.
6272,2013-11-03 03:00:00,ACTIVITY_DROP,729.4557,1672.7863999999997,ACTIVITY_DROP: current activity 729.46 is 0.44x the baseline 1672.79.
6272,2013-11-03 04:00:00,ACTIVITY_DROP,627.4309999999999,1672.7863999999997,ACTIVITY_DROP: current activity 627.43 is 0.38x the baseline 1672.79.
6272,2013-11-03 05:00:00,ACTIVITY_DROP,701.1598,1672.7863999999997,ACTIVITY_DROP: current activity 701.16 is 0.42x the baseline 1672.79.
6272,2013-11-03 06:00:00,ACTIVITY_DROP,713.0485,1672.7863999999997,ACTIVITY_DROP: current activity 713.05 is 0.43x the baseline 1672.79.
6272,2013-11-03 07:00:00,ACTIVITY_DROP,751.6220999999999,1672.7863999999997,ACTIVITY_DROP: current activity 751.62 is 0.45x the baseline 1672.79.
6272,2013-11-03 21:00:00,HIGH_ACTIVITY,2659.8571,1625.4232,HIGH_ACTIVITY: current activity 2659.86 is 1.64x the baseline 1625.42.
6273,2013-11-03 02:00:00,ACTIVITY_DROP,1257.9944,2615.2015,ACTIVITY_DROP: current activity 1257.99 is 0.48x the baseline 2615.20.
6273,2013-11-03 03:00:00,ACTIVITY_DROP,1090.021,2615.2015,ACTIVITY_DROP: current activity 1090.02 is 0.42x the baseline 2615.20.
6273,2013-11-03 04:00:00,ACTIVITY_DROP,1016.183,2615.2015,ACTIVITY_DROP: current activity 1016.18 is 0.39x the baseline 2615.20.
6273,2013-11-03 05:00:00,ACTIVITY_DROP,987.6845,2615.2015,ACTIVITY_DROP: current activity 987.68 is 0.38x the baseline 2615.20.
6273,2013-11-03 06:00:00,ACTIVITY_DROP,1027.4963,2615.2015,ACTIVITY_DROP: current activity 1027.50 is 0.39x the baseline 2615.20.
6273,2013-11-03 07:00:00,ACTIVITY_DROP,1173.2584,2615.2015,ACTIVITY_DROP: current activity 1173.26 is 0.45x the baseline 2615.20.
6273,2013-11-03 08:00:00,ACTIVITY_SPIKE,1776.2510999999997,2615.2015,ACTIVITY_SPIKE: current activity 1776.25 increased sharply from the previous hour 1173.26.
6274,2013-11-03 03:00:00,ACTIVITY_DROP,1263.7848999999999,2528.7585,ACTIVITY_DROP: current activity 1263.78 is 0.50x the baseline 2528.76.
6274,2013-11-03 04:00:00,ACTIVITY_DROP,1194.0917,2528.7585,ACTIVITY_DROP: current activity 1194.09 is 0.47x the baseline 2528.76.
6274,2013-11-03 05:00:00,ACTIVITY_DROP,1137.6852,2528.7585,ACTIVITY_DROP: current activity 1137.69 is 0.45x the baseline 2528.76.
6274,2013-11-03 06:00:00,ACTIVITY_DROP,1110.6840000000002,2528.7585,ACTIVITY_DROP: current activity 1110.68 is 0.44x the baseline 2528.76.
6274,2013-11-03 07:00:00,ACTIVITY_DROP,1215.3454,2528.7585,ACTIVITY_DROP: current activity 1215.35 is 0.48x the baseline 2528.76.
6274,2013-11-03 18:00:00,HIGH_ACTIVITY,3583.8036,2388.9294,HIGH_ACTIVITY: current activity 3583.80 is 1.50x the baseline 2388.93.
6274,2013-11-03 19:00:00,HIGH_ACTIVITY,3783.3353,2388.9294,HIGH_ACTIVITY: current activity 3783.34 is 1.58x the baseline 2388.93.
6274,2013-11-03 20:00:00,HIGH_ACTIVITY,3749.8738000000003,2388.9294,HIGH_ACTIVITY: current activity 3749.87 is 1.57x the baseline 2388.93.
6274,2013-11-03 21:00:00,HIGH_ACTIVITY,3708.3295,2388.9294,HIGH_ACTIVITY: current activity 3708.33 is 1.55x the baseline 2388.93.
6275,2013-11-03 02:00:00,ACTIVITY_DROP,771.5053,1615.1961,ACTIVITY_DROP: current activity 771.51 is 0.48x the baseline 1615.20.
6275,2013-11-03 03:00:00,ACTIVITY_DROP,713.0216,1615.1961,ACTIVITY_DROP: current activity 713.02 is 0.44x the baseline 1615.20.
6275,2013-11-03 04:00:00,ACTIVITY_DROP,691.6852,1615.1961,ACTIVITY_DROP: current activity 691.69 is 0.43x the baseline 1615.20.
6275,2013-11-03 05:00:00,ACTIVITY_DROP,667.0715,1615.1961,ACTIVITY_DROP: current activity 667.07 is 0.41x the baseline 1615.20.
6275,2013-11-03 06:00:00,ACTIVITY_DROP,684.2828999999999,1615.1961,ACTIVITY_DROP: current activity 684.28 is 0.42x the baseline 1615.20.
6275,2013-11-03 07:00:00,ACTIVITY_DROP,747.7058000000001,1615.1961,ACTIVITY_DROP: current activity 747.71 is 0.46x the baseline 1615.20.
6276,2013-11-03 02:00:00,ACTIVITY_DROP,630.9618,1339.5635,ACTIVITY_DROP: current activity 630.96 is 0.47x the baseline 1339.56.
6276,2013-11-03 03:00:00,ACTIVITY_DROP,584.0735999999999,1339.5635,ACTIVITY_DROP: current activity 584.07 is 0.44x the baseline 1339.56.
6276,2013-11-03 04:00:00,ACTIVITY_DROP,578.8063999999999,1339.5635,ACTIVITY_DROP: current activity 578.81 is 0.43x the baseline 1339.56.
6276,2013-11-03 05:00:00,ACTIVITY_DROP,556.338,1339.5635,ACTIVITY_DROP: current activity 556.34 is 0.42x the baseline 1339.56.
6276,2013-11-03 06:00:00,ACTIVITY_DROP,581.0897,1339.5635,ACTIVITY_DROP: current activity 581.09 is 0.43x the baseline 1339.56.
6276,2013-11-03 07:00:00,ACTIVITY_DROP,618.047,1339.5635,ACTIVITY_DROP: current activity 618.05 is 0.46x the baseline 1339.56.
6277,2013-11-03 01:00:00,ACTIVITY_DROP,655.6424000000001,1378.9586000000002,ACTIVITY_DROP: current activity 655.64 is 0.48x the baseline 1378.96.
6277,2013-11-03 02:00:00,ACTIVITY_DROP,595.9774,1378.9586000000002,ACTIVITY_DROP: current activity 595.98 is 0.43x the baseline 1378.96.
6277,2013-11-03 03:00:00,ACTIVITY_DROP,572.419,1378.9586000000002,ACTIVITY_DROP: current activity 572.42 is 0.42x the baseline 1378.96.
6277,2013-11-03 04:00:00,ACTIVITY_DROP,517.1756,1378.9586000000002,ACTIVITY_DROP: current activity 517.18 is 0.38x the baseline 1378.96.
6277,2013-11-03 05:00:00,ACTIVITY_DROP,513.1842,1378.9586000000002,ACTIVITY_DROP: current activity 513.18 is 0.37x the baseline 1378.96.
6277,2013-11-03 06:00:00,ACTIVITY_DROP,520.654,1378.9586000000002,ACTIVITY_DROP: current activity 520.65 is 0.38x the baseline 1378.96.
6277,2013-11-03 07:00:00,ACTIVITY_DROP,559.4281,1378.9586000000002,ACTIVITY_DROP: current activity 559.43 is 0.41x the baseline 1378.96.
6277,2013-11-03 09:00:00,ACTIVITY_SPIKE,1267.397,1378.9586000000002,ACTIVITY_SPIKE: current activity 1267.40 increased sharply from the previous hour 808.71.
6277,2013-11-03 16:00:00,HIGH_ACTIVITY,2095.8806,1339.0686999999998,HIGH_ACTIVITY: current activity 2095.88 is 1.57x the baseline 1339.07.
6278,2013-11-03 01:00:00,ACTIVITY_DROP,582.2841999999999,1288.6191,ACTIVITY_DROP: current activity 582.28 is 0.45x the baseline 1288.62.
6278,2013-11-03 02:00:00,ACTIVITY_DROP,570.7119,1288.6191,ACTIVITY_DROP: current activity 570.71 is 0.44x the baseline 1288.62.
6278,2013-11-03 03:00:00,ACTIVITY_DROP,569.8851000000001,1288.6191,ACTIVITY_DROP: current activity 569.89 is 0.44x the baseline 1288.62.
6278,2013-11-03 04:00:00,ACTIVITY_DROP,461.7352,1288.6191,ACTIVITY_DROP: current activity 461.74 is 0.36x the baseline 1288.62.
6278,2013-11-03 05:00:00,ACTIVITY_DROP,461.65749999999997,1288.6191,ACTIVITY_DROP: current activity 461.66 is 0.36x the baseline 1288.62.
6278,2013-11-03 06:00:00,ACTIVITY_DROP,464.8267,1288.6191,ACTIVITY_DROP: current activity 464.83 is 0.36x the baseline 1288.62.
6278,2013-11-03 07:00:00,ACTIVITY_DROP,488.4778,1288.6191,ACTIVITY_DROP: current activity 488.48 is 0.38x the baseline 1288.62.
6278,2013-11-03 09:00:00,ACTIVITY_SPIKE,1288.6191,1263.7732,ACTIVITY_SPIKE: current activity 1288.62 increased sharply from the previous hour 692.73.
6279,2013-11-03 01:00:00,ACTIVITY_DROP,501.59299999999996,1115.7697,ACTIVITY_DROP: current activity 501.59 is 0.45x the baseline 1115.77.
6279,2013-11-03 02:00:00,ACTIVITY_DROP,488.0008,1115.7697,ACTIVITY_DROP: current activity 488.00 is 0.44x the baseline 1115.77.
6279,2013-11-03 03:00:00,ACTIVITY_DROP,482.0504,1115.7697,ACTIVITY_DROP: current activity 482.05 is 0.43x the baseline 1115.77.
6279,2013-11-03 04:00:00,ACTIVITY_DROP,393.62550000000005,1115.7697,ACTIVITY_DROP: current activity 393.63 is 0.35x the baseline 1115.77.
6279,2013-11-03 05:00:00,ACTIVITY_DROP,393.264,1115.7697,ACTIVITY_DROP: current activity 393.26 is 0.35x the baseline 1115.77.
6279,2013-11-03 06:00:00,ACTIVITY_DROP,395.7974,1115.7697,ACTIVITY_DROP: current activity 395.80 is 0.35x the baseline 1115.77.
6279,2013-11-03 07:00:00,ACTIVITY_DROP,418.78229999999996,1115.7697,ACTIVITY_DROP: current activity 418.78 is 0.38x the baseline 1115.77.
6279,2013-11-03 09:00:00,ACTIVITY_SPIKE,1128.6109000000001,1109.6649,ACTIVITY_SPIKE: current activity 1128.61 increased sharply from the previous hour 594.02.
6345,2013-11-03 02:00:00,ACTIVITY_DROP,917.1861,2265.5014,ACTIVITY_DROP: current activity 917.19 is 0.40x the baseline 2265.50.
6345,2013-11-03 03:00:00,ACTIVITY_DROP,895.6392,2265.5014,ACTIVITY_DROP: current activity 895.64 is 0.40x the baseline 2265.50.
6345,2013-11-03 04:00:00,ACTIVITY_DROP,840.1117,2265.5014,ACTIVITY_DROP: current activity 840.11 is 0.37x the baseline 2265.50.
6345,2013-11-03 05:00:00,ACTIVITY_DROP,862.2727,2265.5014,ACTIVITY_DROP: current activity 862.27 is 0.38x the baseline 2265.50.
6345,2013-11-03 06:00:00,ACTIVITY_DROP,873.2521,2265.5014,ACTIVITY_DROP: current activity 873.25 is 0.39x the baseline 2265.50.
6345,2013-11-03 07:00:00,ACTIVITY_DROP,1000.1565,2265.5014,ACTIVITY_DROP: current activity 1000.16 is 0.44x the baseline 2265.50.
6345,2013-11-03 08:00:00,ACTIVITY_SPIKE,1585.9699,2265.5014,ACTIVITY_SPIKE: current activity 1585.97 increased sharply from the previous hour 1000.16.
6345,2013-11-03 10:00:00,HIGH_ACTIVITY,4221.892699999999,2158.2164,HIGH_ACTIVITY: current activity 4221.89 is 1.96x the baseline 2158.22.
6345,2013-11-03 10:00:00,ACTIVITY_SPIKE,4221.892699999999,2158.2164,ACTIVITY_SPIKE: current activity 4221.89 increased sharply from the previous hour 2265.50.
6345,2013-11-03 11:00:00,HIGH_ACTIVITY,5060.7509,2158.2164,HIGH_ACTIVITY: current activity 5060.75 is 2.34x the baseline 2158.22.
6345,2013-11-03 12:00:00,HIGH_ACTIVITY,4815.802600000001,2158.2164,HIGH_ACTIVITY: current activity 4815.80 is 2.23x the baseline 2158.22.
6345,2013-11-03 13:00:00,HIGH_ACTIVITY,4222.8435,2158.2164,HIGH_ACTIVITY: current activity 4222.84 is 1.96x the baseline 2158.22.
6345,2013-11-03 14:00:00,HIGH_ACTIVITY,4201.938,2158.2164,HIGH_ACTIVITY: current activity 4201.94 is 1.95x the baseline 2158.22.
6345,2013-11-03 15:00:00,HIGH_ACTIVITY,5596.6539999999995,2158.2164,HIGH_ACTIVITY: current activity 5596.65 is 2.59x the baseline 2158.22.
6345,2013-11-03 16:00:00,HIGH_ACTIVITY,6821.9502999999995,2158.2164,HIGH_ACTIVITY: current activity 6821.95 is 3.16x the baseline 2158.22.
6345,2013-11-03 17:00:00,HIGH_ACTIVITY,7696.242400000001,2158.2164,HIGH_ACTIVITY: current activity 7696.24 is 3.57x the baseline 2158.22.
6345,2013-11-03 18:00:00,HIGH_ACTIVITY,6742.1467,2158.2164,HIGH_ACTIVITY: current activity 6742.15 is 3.12x the baseline 2158.22.
6345,2013-11-03 19:00:00,HIGH_ACTIVITY,4605.099700000001,2158.2164,HIGH_ACTIVITY: current activity 4605.10 is 2.13x the baseline 2158.22.
6346,2013-11-03 08:00:00,ACTIVITY_SPIKE,1328.4641000000001,1599.5611000000001,ACTIVITY_SPIKE: current activity 1328.46 increased sharply from the previous hour 818.20.
6346,2013-11-03 12:00:00,HIGH_ACTIVITY,2454.5065000000004,1572.7828,HIGH_ACTIVITY: current activity 2454.51 is 1.56x the baseline 1572.78.
6346,2013-11-03 13:00:00,HIGH_ACTIVITY,2456.2514000000006,1572.7828,HIGH_ACTIVITY: current activity 2456.25 is 1.56x the baseline 1572.78.
6346,2013-11-03 15:00:00,HIGH_ACTIVITY,2571.1215,1572.7828,HIGH_ACTIVITY: current activity 2571.12 is 1.63x the baseline 1572.78.
6346,2013-11-03 15:00:00,ACTIVITY_SPIKE,2571.1215,1572.7828,ACTIVITY_SPIKE: current activity 2571.12 increased sharply from the previous hour 1665.84.
6346,2013-11-03 16:00:00,HIGH_ACTIVITY,2443.2997,1572.7828,HIGH_ACTIVITY: current activity 2443.30 is 1.55x the baseline 1572.78.
6346,2013-11-03 17:00:00,HIGH_ACTIVITY,2465.5366000000004,1572.7828,HIGH_ACTIVITY: current activity 2465.54 is 1.57x the baseline 1572.78.
6347,2013-11-03 07:00:00,ACTIVITY_DROP,821.5803,1650.413,ACTIVITY_DROP: current activity 821.58 is 0.50x the baseline 1650.41.
6347,2013-11-03 08:00:00,ACTIVITY_SPIKE,1299.3813,1650.413,ACTIVITY_SPIKE: current activity 1299.38 increased sharply from the previous hour 821.58.
6347,2013-11-03 13:00:00,HIGH_ACTIVITY,2392.8690000000006,1593.3333,HIGH_ACTIVITY: current activity 2392.87 is 1.50x the baseline 1593.33.
6347,2013-11-03 15:00:00,HIGH_ACTIVITY,2490.6749999999997,1593.3333,HIGH_ACTIVITY: current activity 2490.67 is 1.56x the baseline 1593.33.
6347,2013-11-03 15:00:00,ACTIVITY_SPIKE,2490.6749999999997,1593.3333,ACTIVITY_SPIKE: current activity 2490.67 increased sharply from the previous hour 1650.41.
6347,2013-11-03 16:00:00,HIGH_ACTIVITY,2404.6036,1593.3333,HIGH_ACTIVITY: current activity 2404.60 is 1.51x the baseline 1593.33.
6347,2013-11-03 17:00:00,HIGH_ACTIVITY,2404.1339000000003,1593.3333,HIGH_ACTIVITY: current activity 2404.13 is 1.51x the baseline 1593.33.
6348,2013-11-03 03:00:00,ACTIVITY_DROP,682.6233,1459.6784,ACTIVITY_DROP: current activity 682.62 is 0.47x the baseline 1459.68.
6348,2013-11-03 04:00:00,ACTIVITY_DROP,720.0552,1459.6784,ACTIVITY_DROP: current activity 720.06 is 0.49x the baseline 1459.68.
6348,2013-11-03 05:00:00,ACTIVITY_DROP,724.7112999999999,1459.6784,ACTIVITY_DROP: current activity 724.71 is 0.50x the baseline 1459.68.
6348,2013-11-03 06:00:00,ACTIVITY_DROP,707.8077999999999,1459.6784,ACTIVITY_DROP: current activity 707.81 is 0.48x the baseline 1459.68.
6348,2013-11-03 10:00:00,ACTIVITY_SPIKE,1996.2776000000001,1354.8763,ACTIVITY_SPIKE: current activity 1996.28 increased sharply from the previous hour 1191.50.
6348,2013-11-03 22:00:00,HIGH_ACTIVITY,2110.377,1354.8763,HIGH_ACTIVITY: current activity 2110.38 is 1.56x the baseline 1354.88.
6349,2013-11-03 02:00:00,ACTIVITY_DROP,647.0301,1389.5221,ACTIVITY_DROP: current activity 647.03 is 0.47x the baseline 1389.52.
6349,2013-11-03 03:00:00,ACTIVITY_DROP,583.0061,1389.5221,ACTIVITY_DROP: current activity 583.01 is 0.42x the baseline 1389.52.
6349,2013-11-03 04:00:00,ACTIVITY_DROP,569.2856,1389.5221,ACTIVITY_DROP: current activity 569.29 is 0.41x the baseline 1389.52.
6349,2013-11-03 05:00:00,ACTIVITY_DROP,582.0252999999999,1389.5221,ACTIVITY_DROP: current activity 582.03 is 0.42x the baseline 1389.52.
6349,2013-11-03 06:00:00,ACTIVITY_DROP,610.1972999999999,1389.5221,ACTIVITY_DROP: current activity 610.20 is 0.44x the baseline 1389.52.
6349,2013-11-03 08:00:00,ACTIVITY_SPIKE,1391.0382,1366.5369,ACTIVITY_SPIKE: current activity 1391.04 increased sharply from the previous hour 745.45.
6350,2013-11-03 02:00:00,ACTIVITY_DROP,821.5638000000001,1744.7719000000002,ACTIVITY_DROP: current activity 821.56 is 0.47x the baseline 1744.77.
6350,2013-11-03 03:00:00,ACTIVITY_DROP,781.1868999999999,1744.7719000000002,ACTIVITY_DROP: current activity 781.19 is 0.45x the baseline 1744.77.
6350,2013-11-03 04:00:00,ACTIVITY_DROP,728.8456,1744.7719000000002,ACTIVITY_DROP: current activity 728.85 is 0.42x the baseline 1744.77.
6350,2013-11-03 05:00:00,ACTIVITY_DROP,731.6728,1744.7719000000002,ACTIVITY_DROP: current activity 731.67 is 0.42x the baseline 1744.77.
6350,2013-11-03 06:00:00,ACTIVITY_DROP,765.9921999999999,1744.7719000000002,ACTIVITY_DROP: current activity 765.99 is 0.44x the baseline 1744.77.
6350,2013-11-03 08:00:00,ACTIVITY_SPIKE,1376.3782,1744.7719000000002,ACTIVITY_SPIKE: current activity 1376.38 increased sharply from the previous hour 894.68.
6351,2013-11-03 02:00:00,ACTIVITY_DROP,1024.0825,2248.1784,ACTIVITY_DROP: current activity 1024.08 is 0.46x the baseline 2248.18.
6351,2013-11-03 03:00:00,ACTIVITY_DROP,995.4186,2248.1784,ACTIVITY_DROP: current activity 995.42 is 0.44x the baseline 2248.18.
6351,2013-11-03 04:00:00,ACTIVITY_DROP,927.5456,2248.1784,ACTIVITY_DROP: current activity 927.55 is 0.41x the baseline 2248.18.
6351,2013-11-03 05:00:00,ACTIVITY_DROP,897.4791,2248.1784,ACTIVITY_DROP: current activity 897.48 is 0.40x the baseline 2248.18.
6351,2013-11-03 06:00:00,ACTIVITY_DROP,918.6697,2248.1784,ACTIVITY_DROP: current activity 918.67 is 0.41x the baseline 2248.18.
6351,2013-11-03 07:00:00,ACTIVITY_DROP,1030.0918000000001,2248.1784,ACTIVITY_DROP: current activity 1030.09 is 0.46x the baseline 2248.18.
6352,2013-11-03 03:00:00,ACTIVITY_DROP,1114.1389000000001,2384.4755,ACTIVITY_DROP: current activity 1114.14 is 0.47x the baseline 2384.48.
6352,2013-11-03 04:00:00,ACTIVITY_DROP,1093.4451999999999,2384.4755,ACTIVITY_DROP: current activity 1093.45 is 0.46x the baseline 2384.48.
6352,2013-11-03 05:00:00,ACTIVITY_DROP,1064.3319,2384.4755,ACTIVITY_DROP: current activity 1064.33 is 0.45x the baseline 2384.48.
6352,2013-11-03 06:00:00,ACTIVITY_DROP,1052.9647000000002,2384.4755,ACTIVITY_DROP: current activity 1052.96 is 0.44x the baseline 2384.48.
6352,2013-11-03 22:00:00,HIGH_ACTIVITY,3510.7727,2308.0638,HIGH_ACTIVITY: current activity 3510.77 is 1.52x the baseline 2308.06.
6353,2013-11-03 02:00:00,ACTIVITY_DROP,798.3279,1635.7197999999999,ACTIVITY_DROP: current activity 798.33 is 0.49x the baseline 1635.72.
6353,2013-11-03 03:00:00,ACTIVITY_DROP,695.7049999999999,1635.7197999999999,ACTIVITY_DROP: current activity 695.70 is 0.43x the baseline 1635.72.
6353,2013-11-03 04:00:00,ACTIVITY_DROP,701.8826999999999,1635.7197999999999,ACTIVITY_DROP: current activity 701.88 is 0.43x the baseline 1635.72.
6353,2013-11-03 05:00:00,ACTIVITY_DROP,685.8027,1635.7197999999999,ACTIVITY_DROP: current activity 685.80 is 0.42x the baseline 1635.72.
6353,2013-11-03 06:00:00,ACTIVITY_DROP,650.2127,1635.7197999999999,ACTIVITY_DROP: current activity 650.21 is 0.40x the baseline 1635.72.
6353,2013-11-03 07:00:00,ACTIVITY_DROP,767.1691999999999,1635.7197999999999,ACTIVITY_DROP: current activity 767.17 is 0.47x the baseline 1635.72.
6358,2013-11-03 03:00:00,ACTIVITY_DROP,1318.7227,3137.9563,ACTIVITY_DROP: current activity 1318.72 is 0.42x the baseline 3137.96.
6358,2013-11-03 04:00:00,ACTIVITY_DROP,1365.5779,3137.9563,ACTIVITY_DROP: current activity 1365.58 is 0.44x the baseline 3137.96.
6358,2013-11-03 05:00:00,ACTIVITY_DROP,1399.0524,3137.9563,ACTIVITY_DROP: current activity 1399.05 is 0.45x the baseline 3137.96.
6358,2013-11-03 06:00:00,ACTIVITY_DROP,1376.9121999999998,3137.9563,ACTIVITY_DROP: current activity 1376.91 is 0.44x the baseline 3137.96.
6358,2013-11-03 07:00:00,ACTIVITY_DROP,1535.6801,3137.9563,ACTIVITY_DROP: current activity 1535.68 is 0.49x the baseline 3137.96.
6359,2013-11-03 03:00:00,ACTIVITY_DROP,964.1288999999999,2034.715,ACTIVITY_DROP: current activity 964.13 is 0.47x the baseline 2034.71.
6359,2013-11-03 04:00:00,ACTIVITY_DROP,940.8798,2034.715,ACTIVITY_DROP: current activity 940.88 is 0.46x the baseline 2034.71.
6359,2013-11-03 05:00:00,ACTIVITY_DROP,876.0103,2034.715,ACTIVITY_DROP: current activity 876.01 is 0.43x the baseline 2034.71.
6359,2013-11-03 06:00:00,ACTIVITY_DROP,898.2796000000001,2034.715,ACTIVITY_DROP: current activity 898.28 is 0.44x the baseline 2034.71.
6360,2013-11-03 04:00:00,ACTIVITY_DROP,968.0799,2079.0247,ACTIVITY_DROP: current activity 968.08 is 0.47x the baseline 2079.02.
6360,2013-11-03 05:00:00,ACTIVITY_DROP,891.8646,2079.0247,ACTIVITY_DROP: current activity 891.86 is 0.43x the baseline 2079.02.
6360,2013-11-03 22:00:00,HIGH_ACTIVITY,3171.3252999999995,2053.3931,HIGH_ACTIVITY: current activity 3171.33 is 1.54x the baseline 2053.39.
6361,2013-11-03 04:00:00,ACTIVITY_DROP,664.1274000000001,1476.29,ACTIVITY_DROP: current activity 664.13 is 0.45x the baseline 1476.29.
6361,2013-11-03 05:00:00,ACTIVITY_DROP,631.6677000000001,1476.29,ACTIVITY_DROP: current activity 631.67 is 0.43x the baseline 1476.29.
6362,2013-11-03 03:00:00,ACTIVITY_DROP,450.7002,1003.991,ACTIVITY_DROP: current activity 450.70 is 0.45x the baseline 1003.99.
6362,2013-11-03 04:00:00,ACTIVITY_DROP,435.9575,1003.991,ACTIVITY_DROP: current activity 435.96 is 0.43x the baseline 1003.99.
6362,2013-11-03 05:00:00,ACTIVITY_DROP,443.84680000000003,1003.991,ACTIVITY_DROP: current activity 443.85 is 0.44x the baseline 1003.99.
6362,2013-11-03 06:00:00,ACTIVITY_DROP,459.6061,1003.991,ACTIVITY_DROP: current activity 459.61 is 0.46x the baseline 1003.99.
6363,2013-11-03 04:00:00,ACTIVITY_DROP,557.0083,1145.2853,ACTIVITY_DROP: current activity 557.01 is 0.49x the baseline 1145.29.
6363,2013-11-03 05:00:00,ACTIVITY_DROP,519.04,1145.2853,ACTIVITY_DROP: current activity 519.04 is 0.45x the baseline 1145.29.
6364,2013-11-03 05:00:00,ACTIVITY_DROP,807.6602,1775.5982999999999,ACTIVITY_DROP: current activity 807.66 is 0.45x the baseline 1775.60.
6364,2013-11-03 07:00:00,ACTIVITY_DROP,851.6984,1775.5982999999999,ACTIVITY_DROP: current activity 851.70 is 0.48x the baseline 1775.60.
6364,2013-11-03 09:00:00,ACTIVITY_SPIKE,1433.5417,1775.5982999999999,ACTIVITY_SPIKE: current activity 1433.54 increased sharply from the previous hour 954.63.
6364,2013-11-03 18:00:00,HIGH_ACTIVITY,2687.5427,1768.7901,HIGH_ACTIVITY: current activity 2687.54 is 1.52x the baseline 1768.79.
6365,2013-11-03 04:00:00,ACTIVITY_DROP,655.6423000000001,1429.0782000000002,ACTIVITY_DROP: current activity 655.64 is 0.46x the baseline 1429.08.
6365,2013-11-03 05:00:00,ACTIVITY_DROP,598.6495,1429.0782000000002,ACTIVITY_DROP: current activity 598.65 is 0.42x the baseline 1429.08.
6365,2013-11-03 06:00:00,ACTIVITY_DROP,708.5368,1429.0782000000002,ACTIVITY_DROP: current activity 708.54 is 0.50x the baseline 1429.08.
6365,2013-11-03 17:00:00,HIGH_ACTIVITY,2016.9084000000003,1258.8314,HIGH_ACTIVITY: current activity 2016.91 is 1.60x the baseline 1258.83.
6365,2013-11-03 18:00:00,HIGH_ACTIVITY,2431.7142,1258.8314,HIGH_ACTIVITY: current activity 2431.71 is 1.93x the baseline 1258.83.
6365,2013-11-03 19:00:00,HIGH_ACTIVITY,2084.3551,1258.8314,HIGH_ACTIVITY: current activity 2084.36 is 1.66x the baseline 1258.83.
6366,2013-11-03 04:00:00,ACTIVITY_DROP,480.48130000000003,1039.4508999999998,ACTIVITY_DROP: current activity 480.48 is 0.46x the baseline 1039.45.
6366,2013-11-03 05:00:00,ACTIVITY_DROP,450.82939999999996,1039.4508999999998,ACTIVITY_DROP: current activity 450.83 is 0.43x the baseline 1039.45.
6366,2013-11-03 17:00:00,HIGH_ACTIVITY,1751.0492000000002,1020.7565,HIGH_ACTIVITY: current activity 1751.05 is 1.72x the baseline 1020.76.
6366,2013-11-03 18:00:00,HIGH_ACTIVITY,1890.9114,1020.7565,HIGH_ACTIVITY: current activity 1890.91 is 1.85x the baseline 1020.76.
6367,2013-11-03 04:00:00,ACTIVITY_DROP,657.6733999999999,1324.8001,ACTIVITY_DROP: current activity 657.67 is 0.50x the baseline 1324.80.
6367,2013-11-03 05:00:00,ACTIVITY_DROP,652.8562,1324.8001,ACTIVITY_DROP: current activity 652.86 is 0.49x the baseline 1324.80.
6368,2013-11-03 04:00:00,ACTIVITY_DROP,1217.1792,2516.3942,ACTIVITY_DROP: current activity 1217.18 is 0.48x the baseline 2516.39.
6368,2013-11-03 05:00:00,ACTIVITY_DROP,1132.5971000000002,2516.3942,ACTIVITY_DROP: current activity 1132.60 is 0.45x the baseline 2516.39.
6368,2013-11-03 06:00:00,ACTIVITY_DROP,1135.2583,2516.3942,ACTIVITY_DROP: current activity 1135.26 is 0.45x the baseline 2516.39.
6368,2013-11-03 07:00:00,ACTIVITY_DROP,1251.9033,2516.3942,ACTIVITY_DROP: current activity 1251.90 is 0.50x the baseline 2516.39.
6369,2013-11-03 04:00:00,ACTIVITY_DROP,1062.8280000000002,2235.2605,ACTIVITY_DROP: current activity 1062.83 is 0.48x the baseline 2235.26.
6369,2013-11-03 05:00:00,ACTIVITY_DROP,866.278,2235.2605,ACTIVITY_DROP: current activity 866.28 is 0.39x the baseline 2235.26.
6369,2013-11-03 06:00:00,ACTIVITY_DROP,884.1926,2235.2605,ACTIVITY_DROP: current activity 884.19 is 0.40x the baseline 2235.26.
6369,2013-11-03 07:00:00,ACTIVITY_DROP,1043.9942,2235.2605,ACTIVITY_DROP: current activity 1043.99 is 0.47x the baseline 2235.26.
6370,2013-11-03 00:00:00,HIGH_ACTIVITY,3641.0371000000005,2358.9454,HIGH_ACTIVITY: current activity 3641.04 is 1.54x the baseline 2358.95.
6370,2013-11-03 04:00:00,ACTIVITY_DROP,1119.1715000000002,2389.4294,ACTIVITY_DROP: current activity 1119.17 is 0.47x the baseline 2389.43.
6370,2013-11-03 05:00:00,ACTIVITY_DROP,937.9223000000001,2389.4294,ACTIVITY_DROP: current activity 937.92 is 0.39x the baseline 2389.43.
6370,2013-11-03 06:00:00,ACTIVITY_DROP,979.6095,2389.4294,ACTIVITY_DROP: current activity 979.61 is 0.41x the baseline 2389.43.
6370,2013-11-03 09:00:00,ACTIVITY_SPIKE,2419.4255000000003,2358.9454,ACTIVITY_SPIKE: current activity 2419.43 increased sharply from the previous hour 1563.43.
6370,2013-11-03 10:00:00,HIGH_ACTIVITY,4177.449299999999,2358.9454,HIGH_ACTIVITY: current activity 4177.45 is 1.77x the baseline 2358.95.
6370,2013-11-03 10:00:00,ACTIVITY_SPIKE,4177.449299999999,2358.9454,ACTIVITY_SPIKE: current activity 4177.45 increased sharply from the previous hour 2419.43.
6371,2013-11-03 03:00:00,ACTIVITY_DROP,1682.4029,3402.5171,ACTIVITY_DROP: current activity 1682.40 is 0.49x the baseline 3402.52.
6371,2013-11-03 04:00:00,ACTIVITY_DROP,1567.844,3402.5171,ACTIVITY_DROP: current activity 1567.84 is 0.46x the baseline 3402.52.
6371,2013-11-03 05:00:00,ACTIVITY_DROP,1425.1916,3402.5171,ACTIVITY_DROP: current activity 1425.19 is 0.42x the baseline 3402.52.
6371,2013-11-03 06:00:00,ACTIVITY_DROP,1459.0870000000002,3402.5171,ACTIVITY_DROP: current activity 1459.09 is 0.43x the baseline 3402.52.
6372,2013-11-03 03:00:00,ACTIVITY_DROP,1576.8419000000001,3207.4205,ACTIVITY_DROP: current activity 1576.84 is 0.49x the baseline 3207.42.
6372,2013-11-03 04:00:00,ACTIVITY_DROP,1438.0122999999999,3207.4205,ACTIVITY_DROP: current activity 1438.01 is 0.45x the baseline 3207.42.
6372,2013-11-03 05:00:00,ACTIVITY_DROP,1309.2855,3207.4205,ACTIVITY_DROP: current activity 1309.29 is 0.41x the baseline 3207.42.
6372,2013-11-03 06:00:00,ACTIVITY_DROP,1320.9159,3207.4205,ACTIVITY_DROP: current activity 1320.92 is 0.41x the baseline 3207.42.
6372,2013-11-03 07:00:00,ACTIVITY_DROP,1575.5599,3207.4205,ACTIVITY_DROP: current activity 1575.56 is 0.49x the baseline 3207.42.
6373,2013-11-03 03:00:00,ACTIVITY_DROP,1252.0684999999999,2637.9827999999998,ACTIVITY_DROP: current activity 1252.07 is 0.47x the baseline 2637.98.
6373,2013-11-03 04:00:00,ACTIVITY_DROP,1001.3838999999999,2637.9827999999998,ACTIVITY_DROP: current activity 1001.38 is 0.38x the baseline 2637.98.
6373,2013-11-03 05:00:00,ACTIVITY_DROP,965.7432,2637.9827999999998,ACTIVITY_DROP: current activity 965.74 is 0.37x the baseline 2637.98.
6373,2013-11-03 06:00:00,ACTIVITY_DROP,1037.7688,2637.9827999999998,ACTIVITY_DROP: current activity 1037.77 is 0.39x the baseline 2637.98.
6373,2013-11-03 07:00:00,ACTIVITY_DROP,1174.8003,2637.9827999999998,ACTIVITY_DROP: current activity 1174.80 is 0.45x the baseline 2637.98.
6374,2013-11-03 02:00:00,ACTIVITY_DROP,1171.9598,2435.7224,ACTIVITY_DROP: current activity 1171.96 is 0.48x the baseline 2435.72.
6374,2013-11-03 03:00:00,ACTIVITY_DROP,1086.1482,2435.7224,ACTIVITY_DROP: current activity 1086.15 is 0.45x the baseline 2435.72.
6374,2013-11-03 04:00:00,ACTIVITY_DROP,990.3246,2435.7224,ACTIVITY_DROP: current activity 990.32 is 0.41x the baseline 2435.72.
6374,2013-11-03 05:00:00,ACTIVITY_DROP,961.5868,2435.7224,ACTIVITY_DROP: current activity 961.59 is 0.39x the baseline 2435.72.
6374,2013-11-03 06:00:00,ACTIVITY_DROP,1034.8087,2435.7224,ACTIVITY_DROP: current activity 1034.81 is 0.42x the baseline 2435.72.
6374,2013-11-03 07:00:00,ACTIVITY_DROP,1151.807,2435.7224,ACTIVITY_DROP: current activity 1151.81 is 0.47x the baseline 2435.72.
6375,2013-11-03 02:00:00,ACTIVITY_DROP,897.5832,1960.2375000000002,ACTIVITY_DROP: current activity 897.58 is 0.46x the baseline 1960.24.
6375,2013-11-03 03:00:00,ACTIVITY_DROP,833.5512,1960.2375000000002,ACTIVITY_DROP: current activity 833.55 is 0.43x the baseline 1960.24.
6375,2013-11-03 04:00:00,ACTIVITY_DROP,772.4018,1960.2375000000002,ACTIVITY_DROP: current activity 772.40 is 0.39x the baseline 1960.24.
6375,2013-11-03 05:00:00,ACTIVITY_DROP,757.2973000000001,1960.2375000000002,ACTIVITY_DROP: current activity 757.30 is 0.39x the baseline 1960.24.
6375,2013-11-03 06:00:00,ACTIVITY_DROP,845.0951,1960.2375000000002,ACTIVITY_DROP: current activity 845.10 is 0.43x the baseline 1960.24.
6375,2013-11-03 07:00:00,ACTIVITY_DROP,939.2983,1960.2375000000002,ACTIVITY_DROP: current activity 939.30 is 0.48x the baseline 1960.24.
6376,2013-11-03 02:00:00,ACTIVITY_DROP,569.4727,1198.9684,ACTIVITY_DROP: current activity 569.47 is 0.47x the baseline 1198.97.
6376,2013-11-03 03:00:00,ACTIVITY_DROP,530.1217,1198.9684,ACTIVITY_DROP: current activity 530.12 is 0.44x the baseline 1198.97.
6376,2013-11-03 04:00:00,ACTIVITY_DROP,508.845,1198.9684,ACTIVITY_DROP: current activity 508.85 is 0.42x the baseline 1198.97.
6376,2013-11-03 05:00:00,ACTIVITY_DROP,490.2035,1198.9684,ACTIVITY_DROP: current activity 490.20 is 0.41x the baseline 1198.97.
6376,2013-11-03 06:00:00,ACTIVITY_DROP,520.5539,1198.9684,ACTIVITY_DROP: current activity 520.55 is 0.43x the baseline 1198.97.
6376,2013-11-03 07:00:00,ACTIVITY_DROP,552.6901,1198.9684,ACTIVITY_DROP: current activity 552.69 is 0.46x the baseline 1198.97.
6377,2013-11-03 02:00:00,ACTIVITY_DROP,501.1959,1064.9422,ACTIVITY_DROP: current activity 501.20 is 0.47x the baseline 1064.94.
6377,2013-11-03 03:00:00,ACTIVITY_DROP,484.4035,1064.9422,ACTIVITY_DROP: current activity 484.40 is 0.45x the baseline 1064.94.
6377,2013-11-03 04:00:00,ACTIVITY_DROP,417.3164,1064.9422,ACTIVITY_DROP: current activity 417.32 is 0.39x the baseline 1064.94.
6377,2013-11-03 05:00:00,ACTIVITY_DROP,405.2444,1064.9422,ACTIVITY_DROP: current activity 405.24 is 0.38x the baseline 1064.94.
6377,2013-11-03 06:00:00,ACTIVITY_DROP,412.0592,1064.9422,ACTIVITY_DROP: current activity 412.06 is 0.39x the baseline 1064.94.
6377,2013-11-03 07:00:00,ACTIVITY_DROP,449.5903,1064.9422,ACTIVITY_DROP: current activity 449.59 is 0.42x the baseline 1064.94.
6377,2013-11-03 09:00:00,ACTIVITY_SPIKE,1007.8425,1064.9422,ACTIVITY_SPIKE: current activity 1007.84 increased sharply from the previous hour 603.77.
6396,2013-11-03 05:00:00,ACTIVITY_DROP,511.7651,1025.4884,ACTIVITY_DROP: current activity 511.77 is 0.50x the baseline 1025.49.
6397,2013-11-03 05:00:00,ACTIVITY_DROP,507.0026,1019.2474,ACTIVITY_DROP: current activity 507.00 is 0.50x the baseline 1019.25.
6445,2013-11-03 02:00:00,ACTIVITY_DROP,928.7221,2149.2861,ACTIVITY_DROP: current activity 928.72 is 0.43x the baseline 2149.29.
6445,2013-11-03 03:00:00,ACTIVITY_DROP,831.3365,2149.2861,ACTIVITY_DROP: current activity 831.34 is 0.39x the baseline 2149.29.
6445,2013-11-03 04:00:00,ACTIVITY_DROP,765.2448999999999,2149.2861,ACTIVITY_DROP: current activity 765.24 is 0.36x the baseline 2149.29.
6445,2013-11-03 05:00:00,ACTIVITY_DROP,762.1562,2149.2861,ACTIVITY_DROP: current activity 762.16 is 0.35x the baseline 2149.29.
6445,2013-11-03 06:00:00,ACTIVITY_DROP,716.5367,2149.2861,ACTIVITY_DROP: current activity 716.54 is 0.33x the baseline 2149.29.
6445,2013-11-03 07:00:00,ACTIVITY_DROP,844.6379999999999,2149.2861,ACTIVITY_DROP: current activity 844.64 is 0.39x the baseline 2149.29.
6445,2013-11-03 10:00:00,ACTIVITY_SPIKE,2542.0223,1940.7317999999998,ACTIVITY_SPIKE: current activity 2542.02 increased sharply from the previous hour 1617.34.
6445,2013-11-03 15:00:00,HIGH_ACTIVITY,2911.9284999999995,1940.7317999999998,HIGH_ACTIVITY: current activity 2911.93 is 1.50x the baseline 1940.73.
6445,2013-11-03 16:00:00,HIGH_ACTIVITY,3244.623,1940.7317999999998,HIGH_ACTIVITY: current activity 3244.62 is 1.67x the baseline 1940.73.
6445,2013-11-03 17:00:00,HIGH_ACTIVITY,3359.8017,1940.7317999999998,HIGH_ACTIVITY: current activity 3359.80 is 1.73x the baseline 1940.73.
6445,2013-11-03 18:00:00,HIGH_ACTIVITY,2932.4961,1940.7317999999998,HIGH_ACTIVITY: current activity 2932.50 is 1.51x the baseline 1940.73.
6446,2013-11-03 02:00:00,ACTIVITY_DROP,1003.6691,2022.5866999999998,ACTIVITY_DROP: current activity 1003.67 is 0.50x the baseline 2022.59.
6446,2013-11-03 03:00:00,ACTIVITY_DROP,978.3172,2022.5866999999998,ACTIVITY_DROP: current activity 978.32 is 0.48x the baseline 2022.59.
6446,2013-11-03 04:00:00,ACTIVITY_DROP,948.8015,2022.5866999999998,ACTIVITY_DROP: current activity 948.80 is 0.47x the baseline 2022.59.
6446,2013-11-03 05:00:00,ACTIVITY_DROP,915.1562,2022.5866999999998,ACTIVITY_DROP: current activity 915.16 is 0.45x the baseline 2022.59.
6446,2013-11-03 07:00:00,ACTIVITY_DROP,988.6419,2022.5866999999998,ACTIVITY_DROP: current activity 988.64 is 0.49x the baseline 2022.59.
6447,2013-11-03 20:00:00,HIGH_ACTIVITY,2936.522,1639.812,HIGH_ACTIVITY: current activity 2936.52 is 1.79x the baseline 1639.81.
6448,2013-11-03 06:00:00,ACTIVITY_DROP,824.6005,1690.4418,ACTIVITY_DROP: current activity 824.60 is 0.49x the baseline 1690.44.
6448,2013-11-03 20:00:00,HIGH_ACTIVITY,2939.0874999999996,1554.7512000000002,HIGH_ACTIVITY: current activity 2939.09 is 1.89x the baseline 1554.75.
6449,2013-11-03 02:00:00,ACTIVITY_DROP,582.4015,1166.0049000000001,ACTIVITY_DROP: current activity 582.40 is 0.50x the baseline 1166.00.
6449,2013-11-03 03:00:00,ACTIVITY_DROP,514.8281,1166.0049000000001,ACTIVITY_DROP: current activity 514.83 is 0.44x the baseline 1166.00.
6449,2013-11-03 04:00:00,ACTIVITY_DROP,501.05330000000004,1166.0049000000001,ACTIVITY_DROP: current activity 501.05 is 0.43x the baseline 1166.00.
6449,2013-11-03 05:00:00,ACTIVITY_DROP,479.56919999999997,1166.0049000000001,ACTIVITY_DROP: current activity 479.57 is 0.41x the baseline 1166.00.
6449,2013-11-03 06:00:00,ACTIVITY_DROP,489.48209999999995,1166.0049000000001,ACTIVITY_DROP: current activity 489.48 is 0.42x the baseline 1166.00.
6449,2013-11-03 08:00:00,ACTIVITY_SPIKE,995.7531999999999,1166.0049000000001,ACTIVITY_SPIKE: current activity 995.75 increased sharply from the previous hour 588.80.
6450,2013-11-03 02:00:00,ACTIVITY_DROP,606.11,1264.2603,ACTIVITY_DROP: current activity 606.11 is 0.48x the baseline 1264.26.
6450,2013-11-03 03:00:00,ACTIVITY_DROP,541.2417,1264.2603,ACTIVITY_DROP: current activity 541.24 is 0.43x the baseline 1264.26.
6450,2013-11-03 04:00:00,ACTIVITY_DROP,490.80249999999995,1264.2603,ACTIVITY_DROP: current activity 490.80 is 0.39x the baseline 1264.26.
6450,2013-11-03 05:00:00,ACTIVITY_DROP,467.00960000000003,1264.2603,ACTIVITY_DROP: current activity 467.01 is 0.37x the baseline 1264.26.
6450,2013-11-03 06:00:00,ACTIVITY_DROP,512.543,1264.2603,ACTIVITY_DROP: current activity 512.54 is 0.41x the baseline 1264.26.
6450,2013-11-03 07:00:00,ACTIVITY_DROP,614.0207,1264.2603,ACTIVITY_DROP: current activity 614.02 is 0.49x the baseline 1264.26.
6450,2013-11-03 09:00:00,ACTIVITY_SPIKE,1235.6496999999997,1264.2603,ACTIVITY_SPIKE: current activity 1235.65 increased sharply from the previous hour 770.91.
6451,2013-11-03 02:00:00,ACTIVITY_DROP,956.2516,2074.536,ACTIVITY_DROP: current activity 956.25 is 0.46x the baseline 2074.54.
6451,2013-11-03 03:00:00,ACTIVITY_DROP,724.4757,2074.536,ACTIVITY_DROP: current activity 724.48 is 0.35x the baseline 2074.54.
6451,2013-11-03 04:00:00,ACTIVITY_DROP,678.7953,2074.536,ACTIVITY_DROP: current activity 678.80 is 0.33x the baseline 2074.54.
6451,2013-11-03 05:00:00,ACTIVITY_DROP,653.0903,2074.536,ACTIVITY_DROP: current activity 653.09 is 0.31x the baseline 2074.54.
6451,2013-11-03 06:00:00,ACTIVITY_DROP,702.0459,2074.536,ACTIVITY_DROP: current activity 702.05 is 0.34x the baseline 2074.54.
6451,2013-11-03 07:00:00,ACTIVITY_DROP,819.2206,2074.536,ACTIVITY_DROP: current activity 819.22 is 0.39x the baseline 2074.54.
6451,2013-11-03 08:00:00,ACTIVITY_DROP,945.1074000000001,2074.536,ACTIVITY_DROP: current activity 945.11 is 0.46x the baseline 2074.54.
6451,2013-11-03 10:00:00,ACTIVITY_SPIKE,2074.536,2052.7329,ACTIVITY_SPIKE: current activity 2074.54 increased sharply from the previous hour 1344.26.
6452,2013-11-03 04:00:00,ACTIVITY_DROP,860.9894999999999,1858.3011999999999,ACTIVITY_DROP: current activity 860.99 is 0.46x the baseline 1858.30.
6452,2013-11-03 05:00:00,ACTIVITY_DROP,882.9839999999999,1858.3011999999999,ACTIVITY_DROP: current activity 882.98 is 0.48x the baseline 1858.30.
6452,2013-11-03 06:00:00,ACTIVITY_DROP,920.9717,1858.3011999999999,ACTIVITY_DROP: current activity 920.97 is 0.50x the baseline 1858.30.
6453,2013-11-03 03:00:00,ACTIVITY_DROP,737.3235000000001,1540.6486,ACTIVITY_DROP: current activity 737.32 is 0.48x the baseline 1540.65.
6453,2013-11-03 04:00:00,ACTIVITY_DROP,684.076,1540.6486,ACTIVITY_DROP: current activity 684.08 is 0.44x the baseline 1540.65.
6453,2013-11-03 05:00:00,ACTIVITY_DROP,693.2707,1540.6486,ACTIVITY_DROP: current activity 693.27 is 0.45x the baseline 1540.65.
6453,2013-11-03 06:00:00,ACTIVITY_DROP,720.8646,1540.6486,ACTIVITY_DROP: current activity 720.86 is 0.47x the baseline 1540.65.
6456,2013-11-03 06:00:00,ACTIVITY_DROP,623.6963999999999,1287.4364,ACTIVITY_DROP: current activity 623.70 is 0.48x the baseline 1287.44.
6457,2013-11-03 07:00:00,ACTIVITY_DROP,1035.942,2142.8869999999997,ACTIVITY_DROP: current activity 1035.94 is 0.48x the baseline 2142.89.
6458,2013-11-03 06:00:00,ACTIVITY_DROP,1045.4029,2159.0572,ACTIVITY_DROP: current activity 1045.40 is 0.48x the baseline 2159.06.
6458,2013-11-03 07:00:00,ACTIVITY_DROP,1026.1399000000001,2159.0572,ACTIVITY_DROP: current activity 1026.14 is 0.48x the baseline 2159.06.
6459,2013-11-03 04:00:00,ACTIVITY_DROP,997.9257,2239.0379,ACTIVITY_DROP: current activity 997.93 is 0.45x the baseline 2239.04.
6459,2013-11-03 05:00:00,ACTIVITY_DROP,931.1733,2239.0379,ACTIVITY_DROP: current activity 931.17 is 0.42x the baseline 2239.04.
6459,2013-11-03 06:00:00,ACTIVITY_DROP,1108.8839,2239.0379,ACTIVITY_DROP: current activity 1108.88 is 0.50x the baseline 2239.04.
6459,2013-11-03 07:00:00,ACTIVITY_DROP,1050.4768,2239.0379,ACTIVITY_DROP: current activity 1050.48 is 0.47x the baseline 2239.04.
6460,2013-11-03 04:00:00,ACTIVITY_DROP,1316.0508,3008.9898,ACTIVITY_DROP: current activity 1316.05 is 0.44x the baseline 3008.99.
6460,2013-11-03 05:00:00,ACTIVITY_DROP,1212.0375999999999,3008.9898,ACTIVITY_DROP: current activity 1212.04 is 0.40x the baseline 3008.99.
6460,2013-11-03 06:00:00,ACTIVITY_DROP,1455.0192,3008.9898,ACTIVITY_DROP: current activity 1455.02 is 0.48x the baseline 3008.99.
6460,2013-11-03 07:00:00,ACTIVITY_DROP,1358.704,3008.9898,ACTIVITY_DROP: current activity 1358.70 is 0.45x the baseline 3008.99.
6461,2013-11-03 03:00:00,ACTIVITY_DROP,958.6043000000001,1927.904,ACTIVITY_DROP: current activity 958.60 is 0.50x the baseline 1927.90.
6461,2013-11-03 04:00:00,ACTIVITY_DROP,847.9403000000001,1927.904,ACTIVITY_DROP: current activity 847.94 is 0.44x the baseline 1927.90.
6461,2013-11-03 05:00:00,ACTIVITY_DROP,775.9316,1927.904,ACTIVITY_DROP: current activity 775.93 is 0.40x the baseline 1927.90.
6461,2013-11-03 06:00:00,ACTIVITY_DROP,821.237,1927.904,ACTIVITY_DROP: current activity 821.24 is 0.43x the baseline 1927.90.
6461,2013-11-03 07:00:00,ACTIVITY_DROP,838.8588000000001,1927.904,ACTIVITY_DROP: current activity 838.86 is 0.44x the baseline 1927.90.
6461,2013-11-03 16:00:00,HIGH_ACTIVITY,3083.6250000000005,1913.3595999999998,HIGH_ACTIVITY: current activity 3083.63 is 1.61x the baseline 1913.36.
6462,2013-11-03 03:00:00,ACTIVITY_DROP,622.2158,1349.9266,ACTIVITY_DROP: current activity 622.22 is 0.46x the baseline 1349.93.
6462,2013-11-03 04:00:00,ACTIVITY_DROP,564.7846,1349.9266,ACTIVITY_DROP: current activity 564.78 is 0.42x the baseline 1349.93.
6462,2013-11-03 05:00:00,ACTIVITY_DROP,531.0956,1349.9266,ACTIVITY_DROP: current activity 531.10 is 0.39x the baseline 1349.93.
6462,2013-11-03 06:00:00,ACTIVITY_DROP,592.2934,1349.9266,ACTIVITY_DROP: current activity 592.29 is 0.44x the baseline 1349.93.
6462,2013-11-03 07:00:00,ACTIVITY_DROP,638.2519,1349.9266,ACTIVITY_DROP: current activity 638.25 is 0.47x the baseline 1349.93.
6463,2013-11-03 03:00:00,ACTIVITY_DROP,535.8119,1105.4099999999999,ACTIVITY_DROP: current activity 535.81 is 0.48x the baseline 1105.41.
6463,2013-11-03 04:00:00,ACTIVITY_DROP,501.0394,1105.4099999999999,ACTIVITY_DROP: current activity 501.04 is 0.45x the baseline 1105.41.
6463,2013-11-03 05:00:00,ACTIVITY_DROP,481.6766,1105.4099999999999,ACTIVITY_DROP: current activity 481.68 is 0.44x the baseline 1105.41.
6463,2013-11-03 06:00:00,ACTIVITY_DROP,527.9538,1105.4099999999999,ACTIVITY_DROP: current activity 527.95 is 0.48x the baseline 1105.41.
6464,2013-11-03 04:00:00,ACTIVITY_DROP,585.17,1238.4959,ACTIVITY_DROP: current activity 585.17 is 0.47x the baseline 1238.50.
6464,2013-11-03 05:00:00,ACTIVITY_DROP,528.3469,1238.4959,ACTIVITY_DROP: current activity 528.35 is 0.43x the baseline 1238.50.
6464,2013-11-03 06:00:00,ACTIVITY_DROP,613.1247000000002,1238.4959,ACTIVITY_DROP: current activity 613.12 is 0.50x the baseline 1238.50.
6464,2013-11-03 07:00:00,ACTIVITY_DROP,576.9037,1238.4959,ACTIVITY_DROP: current activity 576.90 is 0.47x the baseline 1238.50.
6468,2013-11-03 04:00:00,ACTIVITY_DROP,774.0989,1808.4645999999998,ACTIVITY_DROP: current activity 774.10 is 0.43x the baseline 1808.46.
6468,2013-11-03 05:00:00,ACTIVITY_DROP,732.5038,1808.4645999999998,ACTIVITY_DROP: current activity 732.50 is 0.41x the baseline 1808.46.
6468,2013-11-03 06:00:00,ACTIVITY_DROP,808.7529999999999,1808.4645999999998,ACTIVITY_DROP: current activity 808.75 is 0.45x the baseline 1808.46.
6468,2013-11-03 07:00:00,ACTIVITY_DROP,878.345,1808.4645999999998,ACTIVITY_DROP: current activity 878.35 is 0.49x the baseline 1808.46.
6469,2013-11-03 04:00:00,ACTIVITY_DROP,885.7273,1921.2060999999999,ACTIVITY_DROP: current activity 885.73 is 0.46x the baseline 1921.21.
6469,2013-11-03 05:00:00,ACTIVITY_DROP,707.6243,1921.2060999999999,ACTIVITY_DROP: current activity 707.62 is 0.37x the baseline 1921.21.
6469,2013-11-03 06:00:00,ACTIVITY_DROP,770.7674,1921.2060999999999,ACTIVITY_DROP: current activity 770.77 is 0.40x the baseline 1921.21.
6469,2013-11-03 07:00:00,ACTIVITY_DROP,898.9415,1921.2060999999999,ACTIVITY_DROP: current activity 898.94 is 0.47x the baseline 1921.21.
6470,2013-11-03 04:00:00,ACTIVITY_DROP,977.1323000000001,2047.0810999999999,ACTIVITY_DROP: current activity 977.13 is 0.48x the baseline 2047.08.
6470,2013-11-03 05:00:00,ACTIVITY_DROP,992.2252999999998,2047.0810999999999,ACTIVITY_DROP: current activity 992.23 is 0.48x the baseline 2047.08.
6471,2013-11-03 03:00:00,ACTIVITY_DROP,1204.9918000000002,2436.3262000000004,ACTIVITY_DROP: current activity 1204.99 is 0.49x the baseline 2436.33.
6471,2013-11-03 04:00:00,ACTIVITY_DROP,1105.3347999999999,2436.3262000000004,ACTIVITY_DROP: current activity 1105.33 is 0.45x the baseline 2436.33.
6471,2013-11-03 05:00:00,ACTIVITY_DROP,1081.3919,2436.3262000000004,ACTIVITY_DROP: current activity 1081.39 is 0.44x the baseline 2436.33.
6471,2013-11-03 06:00:00,ACTIVITY_DROP,1098.6513000000002,2436.3262000000004,ACTIVITY_DROP: current activity 1098.65 is 0.45x the baseline 2436.33.
6472,2013-11-03 02:00:00,ACTIVITY_DROP,803.0892999999999,1635.1570000000002,ACTIVITY_DROP: current activity 803.09 is 0.49x the baseline 1635.16.
6472,2013-11-03 03:00:00,ACTIVITY_DROP,766.3643,1635.1570000000002,ACTIVITY_DROP: current activity 766.36 is 0.47x the baseline 1635.16.
6472,2013-11-03 04:00:00,ACTIVITY_DROP,674.4269,1635.1570000000002,ACTIVITY_DROP: current activity 674.43 is 0.41x the baseline 1635.16.
6472,2013-11-03 05:00:00,ACTIVITY_DROP,654.9626,1635.1570000000002,ACTIVITY_DROP: current activity 654.96 is 0.40x the baseline 1635.16.
6472,2013-11-03 06:00:00,ACTIVITY_DROP,558.5744999999998,1635.1570000000002,ACTIVITY_DROP: current activity 558.57 is 0.34x the baseline 1635.16.
6472,2013-11-03 07:00:00,ACTIVITY_DROP,796.6367,1635.1570000000002,ACTIVITY_DROP: current activity 796.64 is 0.49x the baseline 1635.16.
6472,2013-11-03 23:00:00,HIGH_ACTIVITY,3152.0124,1615.8233999999998,HIGH_ACTIVITY: current activity 3152.01 is 1.95x the baseline 1615.82.
6472,2013-11-03 23:00:00,ACTIVITY_SPIKE,3152.0124,1615.8233999999998,ACTIVITY_SPIKE: current activity 3152.01 increased sharply from the previous hour 2078.59.
6473,2013-11-03 04:00:00,ACTIVITY_DROP,588.5146,1434.9401,ACTIVITY_DROP: current activity 588.51 is 0.41x the baseline 1434.94.
6473,2013-11-03 05:00:00,ACTIVITY_DROP,518.7599,1434.9401,ACTIVITY_DROP: current activity 518.76 is 0.36x the baseline 1434.94.
6473,2013-11-03 06:00:00,ACTIVITY_DROP,673.1207999999999,1434.9401,ACTIVITY_DROP: current activity 673.12 is 0.47x the baseline 1434.94.
6473,2013-11-03 07:00:00,ACTIVITY_DROP,637.9694999999999,1434.9401,ACTIVITY_DROP: current activity 637.97 is 0.44x the baseline 1434.94.
6473,2013-11-03 18:00:00,HIGH_ACTIVITY,2242.6522,1409.4301999999998,HIGH_ACTIVITY: current activity 2242.65 is 1.59x the baseline 1409.43.
6473,2013-11-03 20:00:00,HIGH_ACTIVITY,2171.9656999999997,1409.4301999999998,HIGH_ACTIVITY: current activity 2171.97 is 1.54x the baseline 1409.43.
6474,2013-11-03 04:00:00,ACTIVITY_DROP,588.1210000000001,1520.8021,ACTIVITY_DROP: current activity 588.12 is 0.39x the baseline 1520.80.
6474,2013-11-03 05:00:00,ACTIVITY_DROP,552.1255,1520.8021,ACTIVITY_DROP: current activity 552.13 is 0.36x the baseline 1520.80.
6474,2013-11-03 06:00:00,ACTIVITY_DROP,751.1772000000001,1520.8021,ACTIVITY_DROP: current activity 751.18 is 0.49x the baseline 1520.80.
6474,2013-11-03 07:00:00,ACTIVITY_DROP,729.9076,1520.8021,ACTIVITY_DROP: current activity 729.91 is 0.48x the baseline 1520.80.
6474,2013-11-03 17:00:00,HIGH_ACTIVITY,2583.6400999999996,1511.6294000000003,HIGH_ACTIVITY: current activity 2583.64 is 1.71x the baseline 1511.63.
6474,2013-11-03 19:00:00,HIGH_ACTIVITY,2987.3433999999997,1511.6294000000003,HIGH_ACTIVITY: current activity 2987.34 is 1.98x the baseline 1511.63.
6474,2013-11-03 20:00:00,HIGH_ACTIVITY,3540.8691000000003,1511.6294000000003,HIGH_ACTIVITY: current activity 3540.87 is 2.34x the baseline 1511.63.
6474,2013-11-03 21:00:00,HIGH_ACTIVITY,3305.7665,1511.6294000000003,HIGH_ACTIVITY: current activity 3305.77 is 2.19x the baseline 1511.63.
6475,2013-11-03 02:00:00,ACTIVITY_DROP,510.345,1094.5774,ACTIVITY_DROP: current activity 510.35 is 0.47x the baseline 1094.58.
6475,2013-11-03 03:00:00,ACTIVITY_DROP,469.407,1094.5774,ACTIVITY_DROP: current activity 469.41 is 0.43x the baseline 1094.58.
6475,2013-11-03 04:00:00,ACTIVITY_DROP,413.9627,1094.5774,ACTIVITY_DROP: current activity 413.96 is 0.38x the baseline 1094.58.
6475,2013-11-03 05:00:00,ACTIVITY_DROP,404.1712,1094.5774,ACTIVITY_DROP: current activity 404.17 is 0.37x the baseline 1094.58.
6475,2013-11-03 06:00:00,ACTIVITY_DROP,480.5812,1094.5774,ACTIVITY_DROP: current activity 480.58 is 0.44x the baseline 1094.58.
6475,2013-11-03 07:00:00,ACTIVITY_DROP,494.8894,1094.5774,ACTIVITY_DROP: current activity 494.89 is 0.45x the baseline 1094.58.
6475,2013-11-03 20:00:00,HIGH_ACTIVITY,1637.3853,1071.7755,HIGH_ACTIVITY: current activity 1637.39 is 1.53x the baseline 1071.78.
6545,2013-11-03 02:00:00,ACTIVITY_DROP,584.0676000000001,1238.3178,ACTIVITY_DROP: current activity 584.07 is 0.47x the baseline 1238.32.
6545,2013-11-03 03:00:00,ACTIVITY_DROP,513.4469,1238.3178,ACTIVITY_DROP: current activity 513.45 is 0.41x the baseline 1238.32.
6545,2013-11-03 04:00:00,ACTIVITY_DROP,500.2033,1238.3178,ACTIVITY_DROP: current activity 500.20 is 0.40x the baseline 1238.32.
6545,2013-11-03 05:00:00,ACTIVITY_DROP,481.7062,1238.3178,ACTIVITY_DROP: current activity 481.71 is 0.39x the baseline 1238.32.
6545,2013-11-03 06:00:00,ACTIVITY_DROP,455.46040000000005,1238.3178,ACTIVITY_DROP: current activity 455.46 is 0.37x the baseline 1238.32.
6545,2013-11-03 07:00:00,ACTIVITY_DROP,528.9934,1238.3178,ACTIVITY_DROP: current activity 528.99 is 0.43x the baseline 1238.32.
6546,2013-11-03 03:00:00,ACTIVITY_DROP,920.2112,1864.3569,ACTIVITY_DROP: current activity 920.21 is 0.49x the baseline 1864.36.
6546,2013-11-03 05:00:00,ACTIVITY_DROP,866.9434,1864.3569,ACTIVITY_DROP: current activity 866.94 is 0.47x the baseline 1864.36.
6547,2013-11-03 20:00:00,HIGH_ACTIVITY,2648.897,1746.8233,HIGH_ACTIVITY: current activity 2648.90 is 1.52x the baseline 1746.82.
6548,2013-11-03 20:00:00,HIGH_ACTIVITY,2503.8046,1271.0874,HIGH_ACTIVITY: current activity 2503.80 is 1.97x the baseline 1271.09.
6550,2013-11-03 03:00:00,ACTIVITY_DROP,414.3287,935.3123,ACTIVITY_DROP: current activity 414.33 is 0.44x the baseline 935.31.
6550,2013-11-03 04:00:00,ACTIVITY_DROP,384.8347,935.3123,ACTIVITY_DROP: current activity 384.83 is 0.41x the baseline 935.31.
6550,2013-11-03 05:00:00,ACTIVITY_DROP,363.02439999999996,935.3123,ACTIVITY_DROP: current activity 363.02 is 0.39x the baseline 935.31.
6550,2013-11-03 06:00:00,ACTIVITY_DROP,388.8557,935.3123,ACTIVITY_DROP: current activity 388.86 is 0.42x the baseline 935.31.
6550,2013-11-03 07:00:00,ACTIVITY_DROP,462.702,935.3123,ACTIVITY_DROP: current activity 462.70 is 0.49x the baseline 935.31.
6551,2013-11-03 03:00:00,ACTIVITY_DROP,457.72479999999996,938.2836000000001,ACTIVITY_DROP: current activity 457.72 is 0.49x the baseline 938.28.
6551,2013-11-03 04:00:00,ACTIVITY_DROP,429.3792,938.2836000000001,ACTIVITY_DROP: current activity 429.38 is 0.46x the baseline 938.28.
6551,2013-11-03 05:00:00,ACTIVITY_DROP,411.31550000000004,938.2836000000001,ACTIVITY_DROP: current activity 411.32 is 0.44x the baseline 938.28.
6551,2013-11-03 06:00:00,ACTIVITY_DROP,445.0539,938.2836000000001,ACTIVITY_DROP: current activity 445.05 is 0.47x the baseline 938.28.
6551,2013-11-03 09:00:00,ACTIVITY_SPIKE,872.8039,938.2836000000001,ACTIVITY_SPIKE: current activity 872.80 increased sharply from the previous hour 565.32.
6556,2013-11-03 05:00:00,ACTIVITY_DROP,479.12730000000005,1046.5692999999999,ACTIVITY_DROP: current activity 479.13 is 0.46x the baseline 1046.57.
6556,2013-11-03 06:00:00,ACTIVITY_DROP,482.23400000000004,1046.5692999999999,ACTIVITY_DROP: current activity 482.23 is 0.46x the baseline 1046.57.
6556,2013-11-03 07:00:00,ACTIVITY_DROP,508.17620000000005,1046.5692999999999,ACTIVITY_DROP: current activity 508.18 is 0.49x the baseline 1046.57.
6557,2013-11-03 02:00:00,HIGH_ACTIVITY,3673.5116,2434.8640000000005,HIGH_ACTIVITY: current activity 3673.51 is 1.51x the baseline 2434.86.
6557,2013-11-03 06:00:00,ACTIVITY_DROP,1011.1524000000001,2475.4311999999995,ACTIVITY_DROP: current activity 1011.15 is 0.41x the baseline 2475.43.
6557,2013-11-03 07:00:00,ACTIVITY_DROP,1051.0204,2475.4311999999995,ACTIVITY_DROP: current activity 1051.02 is 0.42x the baseline 2475.43.
6557,2013-11-03 10:00:00,ACTIVITY_SPIKE,2316.5022,2475.4311999999995,ACTIVITY_SPIKE: current activity 2316.50 increased sharply from the previous hour 1511.84.
6558,2013-11-03 06:00:00,ACTIVITY_DROP,1343.7268,2762.6935000000003,ACTIVITY_DROP: current activity 1343.73 is 0.49x the baseline 2762.69.
6558,2013-11-03 07:00:00,ACTIVITY_DROP,1370.1209999999999,2762.6935000000003,ACTIVITY_DROP: current activity 1370.12 is 0.50x the baseline 2762.69.
6559,2013-11-03 04:00:00,ACTIVITY_DROP,994.7000999999999,2161.2035,ACTIVITY_DROP: current activity 994.70 is 0.46x the baseline 2161.20.
6559,2013-11-03 05:00:00,ACTIVITY_DROP,1022.7946999999999,2161.2035,ACTIVITY_DROP: current activity 1022.79 is 0.47x the baseline 2161.20.
6560,2013-11-03 04:00:00,ACTIVITY_DROP,1174.4756000000002,2607.6099999999997,ACTIVITY_DROP: current activity 1174.48 is 0.45x the baseline 2607.61.
6560,2013-11-03 05:00:00,ACTIVITY_DROP,1099.9419,2607.6099999999997,ACTIVITY_DROP: current activity 1099.94 is 0.42x the baseline 2607.61.
6561,2013-11-03 03:00:00,ACTIVITY_DROP,868.1879,1750.9155,ACTIVITY_DROP: current activity 868.19 is 0.50x the baseline 1750.92.
6561,2013-11-03 04:00:00,ACTIVITY_DROP,760.3267,1750.9155,ACTIVITY_DROP: current activity 760.33 is 0.43x the baseline 1750.92.
6561,2013-11-03 05:00:00,ACTIVITY_DROP,697.0707,1750.9155,ACTIVITY_DROP: current activity 697.07 is 0.40x the baseline 1750.92.
6561,2013-11-03 06:00:00,ACTIVITY_DROP,724.9571,1750.9155,ACTIVITY_DROP: current activity 724.96 is 0.41x the baseline 1750.92.
6561,2013-11-03 07:00:00,ACTIVITY_DROP,850.6887,1750.9155,ACTIVITY_DROP: current activity 850.69 is 0.49x the baseline 1750.92.
6561,2013-11-03 16:00:00,HIGH_ACTIVITY,2698.4199999999996,1725.9735,HIGH_ACTIVITY: current activity 2698.42 is 1.56x the baseline 1725.97.
6562,2013-11-03 03:00:00,ACTIVITY_DROP,652.8066,1374.6900999999998,ACTIVITY_DROP: current activity 652.81 is 0.47x the baseline 1374.69.
6562,2013-11-03 04:00:00,ACTIVITY_DROP,615.3951,1374.6900999999998,ACTIVITY_DROP: current activity 615.40 is 0.45x the baseline 1374.69.
6562,2013-11-03 05:00:00,ACTIVITY_DROP,594.0032000000001,1374.6900999999998,ACTIVITY_DROP: current activity 594.00 is 0.43x the baseline 1374.69.
6562,2013-11-03 06:00:00,ACTIVITY_DROP,609.0540000000001,1374.6900999999998,ACTIVITY_DROP: current activity 609.05 is 0.44x the baseline 1374.69.
6562,2013-11-03 07:00:00,ACTIVITY_DROP,651.7194,1374.6900999999998,ACTIVITY_DROP: current activity 651.72 is 0.47x the baseline 1374.69.
6563,2013-11-03 03:00:00,ACTIVITY_DROP,507.5515,1091.8552,ACTIVITY_DROP: current activity 507.55 is 0.46x the baseline 1091.86.
6563,2013-11-03 04:00:00,ACTIVITY_DROP,520.6635,1091.8552,ACTIVITY_DROP: current activity 520.66 is 0.48x the baseline 1091.86.
6563,2013-11-03 05:00:00,ACTIVITY_DROP,524.9651,1091.8552,ACTIVITY_DROP: current activity 524.97 is 0.48x the baseline 1091.86.
6563,2013-11-03 06:00:00,ACTIVITY_DROP,514.0129,1091.8552,ACTIVITY_DROP: current activity 514.01 is 0.47x the baseline 1091.86.
6563,2013-11-03 10:00:00,ACTIVITY_SPIKE,1240.8561,1043.4404,ACTIVITY_SPIKE: current activity 1240.86 increased sharply from the previous hour 812.16.
6564,2013-11-03 04:00:00,ACTIVITY_DROP,704.4201,1588.2045,ACTIVITY_DROP: current activity 704.42 is 0.44x the baseline 1588.20.
6564,2013-11-03 05:00:00,ACTIVITY_DROP,653.7310000000001,1588.2045,ACTIVITY_DROP: current activity 653.73 is 0.41x the baseline 1588.20.
6564,2013-11-03 06:00:00,ACTIVITY_DROP,671.1894000000001,1588.2045,ACTIVITY_DROP: current activity 671.19 is 0.42x the baseline 1588.20.
6564,2013-11-03 07:00:00,ACTIVITY_DROP,715.2171999999999,1588.2045,ACTIVITY_DROP: current activity 715.22 is 0.45x the baseline 1588.20.
6565,2013-11-03 03:00:00,ACTIVITY_DROP,1192.4775,2525.3277,ACTIVITY_DROP: current activity 1192.48 is 0.47x the baseline 2525.33.
6565,2013-11-03 04:00:00,ACTIVITY_DROP,1056.3887,2525.3277,ACTIVITY_DROP: current activity 1056.39 is 0.42x the baseline 2525.33.
6565,2013-11-03 05:00:00,ACTIVITY_DROP,1039.0385999999999,2525.3277,ACTIVITY_DROP: current activity 1039.04 is 0.41x the baseline 2525.33.
6565,2013-11-03 06:00:00,ACTIVITY_DROP,1000.9483,2525.3277,ACTIVITY_DROP: current activity 1000.95 is 0.40x the baseline 2525.33.
6565,2013-11-03 07:00:00,ACTIVITY_DROP,1077.2472,2525.3277,ACTIVITY_DROP: current activity 1077.25 is 0.43x the baseline 2525.33.
6566,2013-11-03 03:00:00,ACTIVITY_DROP,704.6211999999999,1545.192,ACTIVITY_DROP: current activity 704.62 is 0.46x the baseline 1545.19.
6566,2013-11-03 04:00:00,ACTIVITY_DROP,641.9196,1545.192,ACTIVITY_DROP: current activity 641.92 is 0.42x the baseline 1545.19.
6566,2013-11-03 05:00:00,ACTIVITY_DROP,647.4787,1545.192,ACTIVITY_DROP: current activity 647.48 is 0.42x the baseline 1545.19.
6566,2013-11-03 06:00:00,ACTIVITY_DROP,647.7323,1545.192,ACTIVITY_DROP: current activity 647.73 is 0.42x the baseline 1545.19.
6566,2013-11-03 07:00:00,ACTIVITY_DROP,695.6313,1545.192,ACTIVITY_DROP: current activity 695.63 is 0.45x the baseline 1545.19.
6567,2013-11-03 03:00:00,ACTIVITY_DROP,722.7420999999999,1483.1204,ACTIVITY_DROP: current activity 722.74 is 0.49x the baseline 1483.12.
6567,2013-11-03 04:00:00,ACTIVITY_DROP,604.4590999999999,1483.1204,ACTIVITY_DROP: current activity 604.46 is 0.41x the baseline 1483.12.
6567,2013-11-03 05:00:00,ACTIVITY_DROP,610.1568,1483.1204,ACTIVITY_DROP: current activity 610.16 is 0.41x the baseline 1483.12.
6567,2013-11-03 06:00:00,ACTIVITY_DROP,641.5867,1483.1204,ACTIVITY_DROP: current activity 641.59 is 0.43x the baseline 1483.12.
6567,2013-11-03 07:00:00,ACTIVITY_DROP,684.669,1483.1204,ACTIVITY_DROP: current activity 684.67 is 0.46x the baseline 1483.12.
6568,2013-11-03 03:00:00,ACTIVITY_DROP,887.5414999999999,1807.3935,ACTIVITY_DROP: current activity 887.54 is 0.49x the baseline 1807.39.
6568,2013-11-03 04:00:00,ACTIVITY_DROP,736.3651,1807.3935,ACTIVITY_DROP: current activity 736.37 is 0.41x the baseline 1807.39.
6568,2013-11-03 05:00:00,ACTIVITY_DROP,742.9536,1807.3935,ACTIVITY_DROP: current activity 742.95 is 0.41x the baseline 1807.39.
6568,2013-11-03 06:00:00,ACTIVITY_DROP,780.4356,1807.3935,ACTIVITY_DROP: current activity 780.44 is 0.43x the baseline 1807.39.
6568,2013-11-03 07:00:00,ACTIVITY_DROP,830.0385,1807.3935,ACTIVITY_DROP: current activity 830.04 is 0.46x the baseline 1807.39.
6569,2013-11-03 04:00:00,ACTIVITY_DROP,906.7446,1978.4062,ACTIVITY_DROP: current activity 906.74 is 0.46x the baseline 1978.41.
6569,2013-11-03 05:00:00,ACTIVITY_DROP,979.1739,1978.4062,ACTIVITY_DROP: current activity 979.17 is 0.49x the baseline 1978.41.
6570,2013-11-03 04:00:00,ACTIVITY_DROP,994.3233,1990.2197999999999,ACTIVITY_DROP: current activity 994.32 is 0.50x the baseline 1990.22.
6571,2013-11-03 04:00:00,ACTIVITY_DROP,968.0116,1995.0229,ACTIVITY_DROP: current activity 968.01 is 0.49x the baseline 1995.02.
6572,2013-11-03 03:00:00,ACTIVITY_SPIKE,1071.9343000000001,1209.1832,ACTIVITY_SPIKE: current activity 1071.93 increased sharply from the previous hour 617.68.
6572,2013-11-03 04:00:00,ACTIVITY_DROP,587.3225000000001,1209.1832,ACTIVITY_DROP: current activity 587.32 is 0.49x the baseline 1209.18.
6572,2013-11-03 05:00:00,ACTIVITY_DROP,558.8564,1209.1832,ACTIVITY_DROP: current activity 558.86 is 0.46x the baseline 1209.18.
6572,2013-11-03 06:00:00,ACTIVITY_DROP,536.9540999999999,1209.1832,ACTIVITY_DROP: current activity 536.95 is 0.44x the baseline 1209.18.
6572,2013-11-03 18:00:00,HIGH_ACTIVITY,1729.5105,1124.2398,HIGH_ACTIVITY: current activity 1729.51 is 1.54x the baseline 1124.24.
6573,2013-11-03 04:00:00,ACTIVITY_DROP,616.1869,1413.2681,ACTIVITY_DROP: current activity 616.19 is 0.44x the baseline 1413.27.
6573,2013-11-03 05:00:00,ACTIVITY_DROP,559.3014000000001,1413.2681,ACTIVITY_DROP: current activity 559.30 is 0.40x the baseline 1413.27.
6573,2013-11-03 06:00:00,ACTIVITY_DROP,676.5165,1413.2681,ACTIVITY_DROP: current activity 676.52 is 0.48x the baseline 1413.27.
6573,2013-11-03 07:00:00,ACTIVITY_DROP,688.3181999999999,1413.2681,ACTIVITY_DROP: current activity 688.32 is 0.49x the baseline 1413.27.
6573,2013-11-03 18:00:00,HIGH_ACTIVITY,2201.5807999999997,1351.2907,HIGH_ACTIVITY: current activity 2201.58 is 1.63x the baseline 1351.29.
6573,2013-11-03 20:00:00,HIGH_ACTIVITY,2182.3255,1351.2907,HIGH_ACTIVITY: current activity 2182.33 is 1.61x the baseline 1351.29.
6574,2013-11-03 04:00:00,ACTIVITY_DROP,909.8426000000001,2062.2893,ACTIVITY_DROP: current activity 909.84 is 0.44x the baseline 2062.29.
6574,2013-11-03 05:00:00,ACTIVITY_DROP,906.6434,2062.2893,ACTIVITY_DROP: current activity 906.64 is 0.44x the baseline 2062.29.
6574,2013-11-03 06:00:00,ACTIVITY_DROP,1006.4264,2062.2893,ACTIVITY_DROP: current activity 1006.43 is 0.49x the baseline 2062.29.
6574,2013-11-03 17:00:00,HIGH_ACTIVITY,2973.9882000000002,1934.7882,HIGH_ACTIVITY: current activity 2973.99 is 1.54x the baseline 1934.79.
6574,2013-11-03 19:00:00,HIGH_ACTIVITY,3346.1805,1934.7882,HIGH_ACTIVITY: current activity 3346.18 is 1.73x the baseline 1934.79.
6574,2013-11-03 20:00:00,HIGH_ACTIVITY,3553.3257000000003,1934.7882,HIGH_ACTIVITY: current activity 3553.33 is 1.84x the baseline 1934.79.
6574,2013-11-03 21:00:00,HIGH_ACTIVITY,3506.7311000000004,1934.7882,HIGH_ACTIVITY: current activity 3506.73 is 1.81x the baseline 1934.79.
6575,2013-11-03 04:00:00,ACTIVITY_DROP,503.67289999999997,1110.4996999999998,ACTIVITY_DROP: current activity 503.67 is 0.45x the baseline 1110.50.
6575,2013-11-03 05:00:00,ACTIVITY_DROP,506.6078,1110.4996999999998,ACTIVITY_DROP: current activity 506.61 is 0.46x the baseline 1110.50.
6575,2013-11-03 06:00:00,ACTIVITY_DROP,529.7734,1110.4996999999998,ACTIVITY_DROP: current activity 529.77 is 0.48x the baseline 1110.50.
6575,2013-11-03 07:00:00,ACTIVITY_DROP,546.8207,1110.4996999999998,ACTIVITY_DROP: current activity 546.82 is 0.49x the baseline 1110.50.
6578,2013-11-03 02:00:00,ACTIVITY_DROP,545.5636,1125.8148,ACTIVITY_DROP: current activity 545.56 is 0.48x the baseline 1125.81.
6578,2013-11-03 03:00:00,ACTIVITY_DROP,515.4367,1125.8148,ACTIVITY_DROP: current activity 515.44 is 0.46x the baseline 1125.81.
6578,2013-11-03 04:00:00,ACTIVITY_DROP,415.4739,1125.8148,ACTIVITY_DROP: current activity 415.47 is 0.37x the baseline 1125.81.
6578,2013-11-03 05:00:00,ACTIVITY_DROP,409.6637,1125.8148,ACTIVITY_DROP: current activity 409.66 is 0.36x the baseline 1125.81.
6578,2013-11-03 06:00:00,ACTIVITY_DROP,420.6536,1125.8148,ACTIVITY_DROP: current activity 420.65 is 0.37x the baseline 1125.81.
6578,2013-11-03 07:00:00,ACTIVITY_DROP,436.03999999999996,1125.8148,ACTIVITY_DROP: current activity 436.04 is 0.39x the baseline 1125.81.
6578,2013-11-03 09:00:00,ACTIVITY_SPIKE,1125.8148,1119.4038,ACTIVITY_SPIKE: current activity 1125.81 increased sharply from the previous hour 635.07.
6645,2013-11-03 03:00:00,ACTIVITY_DROP,623.2805000000001,1337.8314,ACTIVITY_DROP: current activity 623.28 is 0.47x the baseline 1337.83.
6645,2013-11-03 05:00:00,ACTIVITY_DROP,606.8286,1337.8314,ACTIVITY_DROP: current activity 606.83 is 0.45x the baseline 1337.83.
6645,2013-11-03 06:00:00,ACTIVITY_DROP,585.2166,1337.8314,ACTIVITY_DROP: current activity 585.22 is 0.44x the baseline 1337.83.
6645,2013-11-03 14:00:00,HIGH_ACTIVITY,2089.1684999999998,1331.3723,HIGH_ACTIVITY: current activity 2089.17 is 1.57x the baseline 1331.37.
6646,2013-11-03 05:00:00,ACTIVITY_DROP,783.0315,1647.6148,ACTIVITY_DROP: current activity 783.03 is 0.48x the baseline 1647.61.
6646,2013-11-03 06:00:00,ACTIVITY_DROP,745.162,1647.6148,ACTIVITY_DROP: current activity 745.16 is 0.45x the baseline 1647.61.
6646,2013-11-03 14:00:00,HIGH_ACTIVITY,2561.9406,1611.3564,HIGH_ACTIVITY: current activity 2561.94 is 1.59x the baseline 1611.36.
6647,2013-11-03 05:00:00,ACTIVITY_DROP,877.449,1812.664,ACTIVITY_DROP: current activity 877.45 is 0.48x the baseline 1812.66.
6647,2013-11-03 06:00:00,ACTIVITY_DROP,852.289,1812.664,ACTIVITY_DROP: current activity 852.29 is 0.47x the baseline 1812.66.
6647,2013-11-03 09:00:00,ACTIVITY_SPIKE,1902.9488000000001,1809.1687000000002,ACTIVITY_SPIKE: current activity 1902.95 increased sharply from the previous hour 1250.69.
6656,2013-11-03 03:00:00,ACTIVITY_DROP,621.6754000000001,1475.5203999999999,ACTIVITY_DROP: current activity 621.68 is 0.42x the baseline 1475.52.
6656,2013-11-03 04:00:00,ACTIVITY_DROP,523.0763,1475.5203999999999,ACTIVITY_DROP: current activity 523.08 is 0.35x the baseline 1475.52.
6656,2013-11-03 05:00:00,ACTIVITY_DROP,509.01529999999997,1475.5203999999999,ACTIVITY_DROP: current activity 509.02 is 0.34x the baseline 1475.52.
6656,2013-11-03 06:00:00,ACTIVITY_DROP,593.8127999999999,1475.5203999999999,ACTIVITY_DROP: current activity 593.81 is 0.40x the baseline 1475.52.
6656,2013-11-03 07:00:00,ACTIVITY_DROP,602.7015,1475.5203999999999,ACTIVITY_DROP: current activity 602.70 is 0.41x the baseline 1475.52.
6657,2013-11-03 03:00:00,ACTIVITY_DROP,989.6895999999999,2365.9144,ACTIVITY_DROP: current activity 989.69 is 0.42x the baseline 2365.91.
6657,2013-11-03 04:00:00,ACTIVITY_DROP,828.7423000000001,2365.9144,ACTIVITY_DROP: current activity 828.74 is 0.35x the baseline 2365.91.
6657,2013-11-03 05:00:00,ACTIVITY_DROP,788.8569,2365.9144,ACTIVITY_DROP: current activity 788.86 is 0.33x the baseline 2365.91.
6657,2013-11-03 06:00:00,ACTIVITY_DROP,926.1708000000001,2365.9144,ACTIVITY_DROP: current activity 926.17 is 0.39x the baseline 2365.91.
6657,2013-11-03 07:00:00,ACTIVITY_DROP,919.1572,2365.9144,ACTIVITY_DROP: current activity 919.16 is 0.39x the baseline 2365.91.
6658,2013-11-03 04:00:00,ACTIVITY_DROP,1174.1671999999999,2376.888,ACTIVITY_DROP: current activity 1174.17 is 0.49x the baseline 2376.89.
6658,2013-11-03 05:00:00,ACTIVITY_DROP,1011.7228,2376.888,ACTIVITY_DROP: current activity 1011.72 is 0.43x the baseline 2376.89.
6658,2013-11-03 06:00:00,ACTIVITY_DROP,1068.7153,2376.888,ACTIVITY_DROP: current activity 1068.72 is 0.45x the baseline 2376.89.
6658,2013-11-03 07:00:00,ACTIVITY_DROP,1158.7291000000002,2376.888,ACTIVITY_DROP: current activity 1158.73 is 0.49x the baseline 2376.89.
6658,2013-11-03 09:00:00,ACTIVITY_SPIKE,2686.6605999999997,2357.1426,ACTIVITY_SPIKE: current activity 2686.66 increased sharply from the previous hour 1358.69.
6659,2013-11-03 04:00:00,ACTIVITY_DROP,875.2705,2022.3555000000001,ACTIVITY_DROP: current activity 875.27 is 0.43x the baseline 2022.36.
6659,2013-11-03 05:00:00,ACTIVITY_DROP,933.3637,2022.3555000000001,ACTIVITY_DROP: current activity 933.36 is 0.46x the baseline 2022.36.
6659,2013-11-03 06:00:00,ACTIVITY_DROP,988.6827,2022.3555000000001,ACTIVITY_DROP: current activity 988.68 is 0.49x the baseline 2022.36.
6660,2013-11-03 04:00:00,ACTIVITY_DROP,539.4812000000001,1290.7619,ACTIVITY_DROP: current activity 539.48 is 0.42x the baseline 1290.76.
6660,2013-11-03 05:00:00,ACTIVITY_DROP,534.946,1290.7619,ACTIVITY_DROP: current activity 534.95 is 0.41x the baseline 1290.76.
6660,2013-11-03 06:00:00,ACTIVITY_DROP,582.6560000000001,1290.7619,ACTIVITY_DROP: current activity 582.66 is 0.45x the baseline 1290.76.
6660,2013-11-03 07:00:00,ACTIVITY_SPIKE,1079.1231,1290.7619,ACTIVITY_SPIKE: current activity 1079.12 increased sharply from the previous hour 582.66.
6661,2013-11-03 03:00:00,ACTIVITY_DROP,661.5888000000001,1336.6629,ACTIVITY_DROP: current activity 661.59 is 0.49x the baseline 1336.66.
6661,2013-11-03 04:00:00,ACTIVITY_DROP,507.96819999999997,1336.6629,ACTIVITY_DROP: current activity 507.97 is 0.38x the baseline 1336.66.
6661,2013-11-03 05:00:00,ACTIVITY_DROP,493.65430000000003,1336.6629,ACTIVITY_DROP: current activity 493.65 is 0.37x the baseline 1336.66.
6661,2013-11-03 06:00:00,ACTIVITY_DROP,483.8572,1336.6629,ACTIVITY_DROP: current activity 483.86 is 0.36x the baseline 1336.66.
6661,2013-11-03 07:00:00,ACTIVITY_SPIKE,750.2763,1336.6629,ACTIVITY_SPIKE: current activity 750.28 increased sharply from the previous hour 483.86.
6662,2013-11-03 02:00:00,ACTIVITY_DROP,1015.5796,2301.2543,ACTIVITY_DROP: current activity 1015.58 is 0.44x the baseline 2301.25.
6662,2013-11-03 03:00:00,ACTIVITY_DROP,945.167,2301.2543,ACTIVITY_DROP: current activity 945.17 is 0.41x the baseline 2301.25.
6662,2013-11-03 04:00:00,ACTIVITY_DROP,917.1623000000001,2301.2543,ACTIVITY_DROP: current activity 917.16 is 0.40x the baseline 2301.25.
6662,2013-11-03 05:00:00,ACTIVITY_DROP,877.3915999999999,2301.2543,ACTIVITY_DROP: current activity 877.39 is 0.38x the baseline 2301.25.
6662,2013-11-03 06:00:00,ACTIVITY_DROP,927.3678,2301.2543,ACTIVITY_DROP: current activity 927.37 is 0.40x the baseline 2301.25.
6662,2013-11-03 07:00:00,ACTIVITY_DROP,1089.4532,2301.2543,ACTIVITY_DROP: current activity 1089.45 is 0.47x the baseline 2301.25.
6663,2013-11-03 02:00:00,ACTIVITY_DROP,759.6279,1569.6032,ACTIVITY_DROP: current activity 759.63 is 0.48x the baseline 1569.60.
6663,2013-11-03 03:00:00,ACTIVITY_DROP,698.7728,1569.6032,ACTIVITY_DROP: current activity 698.77 is 0.45x the baseline 1569.60.
6663,2013-11-03 04:00:00,ACTIVITY_DROP,697.4346,1569.6032,ACTIVITY_DROP: current activity 697.43 is 0.44x the baseline 1569.60.
6663,2013-11-03 05:00:00,ACTIVITY_DROP,743.4349000000001,1569.6032,ACTIVITY_DROP: current activity 743.43 is 0.47x the baseline 1569.60.
6663,2013-11-03 06:00:00,ACTIVITY_DROP,679.3355,1569.6032,ACTIVITY_DROP: current activity 679.34 is 0.43x the baseline 1569.60.
6663,2013-11-03 07:00:00,ACTIVITY_DROP,710.9318000000001,1569.6032,ACTIVITY_DROP: current activity 710.93 is 0.45x the baseline 1569.60.
6663,2013-11-03 08:00:00,ACTIVITY_SPIKE,1077.8342,1569.6032,ACTIVITY_SPIKE: current activity 1077.83 increased sharply from the previous hour 710.93.
6664,2013-11-03 02:00:00,ACTIVITY_DROP,853.4331000000001,1715.1586,ACTIVITY_DROP: current activity 853.43 is 0.50x the baseline 1715.16.
6664,2013-11-03 03:00:00,ACTIVITY_DROP,844.2454,1715.1586,ACTIVITY_DROP: current activity 844.25 is 0.49x the baseline 1715.16.
6664,2013-11-03 04:00:00,ACTIVITY_DROP,847.4696000000001,1715.1586,ACTIVITY_DROP: current activity 847.47 is 0.49x the baseline 1715.16.
6664,2013-11-03 05:00:00,ACTIVITY_DROP,746.3928999999999,1715.1586,ACTIVITY_DROP: current activity 746.39 is 0.44x the baseline 1715.16.
6664,2013-11-03 06:00:00,ACTIVITY_DROP,759.8868,1715.1586,ACTIVITY_DROP: current activity 759.89 is 0.44x the baseline 1715.16.
6664,2013-11-03 07:00:00,ACTIVITY_DROP,813.3830999999999,1715.1586,ACTIVITY_DROP: current activity 813.38 is 0.47x the baseline 1715.16.
6665,2013-11-03 03:00:00,ACTIVITY_DROP,918.3467999999999,2169.3976000000002,ACTIVITY_DROP: current activity 918.35 is 0.42x the baseline 2169.40.
6665,2013-11-03 04:00:00,ACTIVITY_DROP,863.2765999999999,2169.3976000000002,ACTIVITY_DROP: current activity 863.28 is 0.40x the baseline 2169.40.
6665,2013-11-03 05:00:00,ACTIVITY_DROP,848.3054000000001,2169.3976000000002,ACTIVITY_DROP: current activity 848.31 is 0.39x the baseline 2169.40.
6665,2013-11-03 06:00:00,ACTIVITY_DROP,801.3162,2169.3976000000002,ACTIVITY_DROP: current activity 801.32 is 0.37x the baseline 2169.40.
6665,2013-11-03 07:00:00,ACTIVITY_DROP,865.7515000000001,2169.3976000000002,ACTIVITY_DROP: current activity 865.75 is 0.40x the baseline 2169.40.
6665,2013-11-03 09:00:00,ACTIVITY_SPIKE,1842.8923,2169.3976000000002,ACTIVITY_SPIKE: current activity 1842.89 increased sharply from the previous hour 1142.21.
6666,2013-11-03 03:00:00,ACTIVITY_DROP,506.59569999999997,1138.8875,ACTIVITY_DROP: current activity 506.60 is 0.44x the baseline 1138.89.
6666,2013-11-03 04:00:00,ACTIVITY_DROP,462.8554000000001,1138.8875,ACTIVITY_DROP: current activity 462.86 is 0.41x the baseline 1138.89.
6666,2013-11-03 05:00:00,ACTIVITY_DROP,449.7071,1138.8875,ACTIVITY_DROP: current activity 449.71 is 0.39x the baseline 1138.89.
6666,2013-11-03 06:00:00,ACTIVITY_DROP,430.3373,1138.8875,ACTIVITY_DROP: current activity 430.34 is 0.38x the baseline 1138.89.
6666,2013-11-03 07:00:00,ACTIVITY_DROP,449.91659999999996,1138.8875,ACTIVITY_DROP: current activity 449.92 is 0.40x the baseline 1138.89.
6666,2013-11-03 09:00:00,ACTIVITY_SPIKE,1259.1886,1138.4493,ACTIVITY_SPIKE: current activity 1259.19 increased sharply from the previous hour 613.08.
6667,2013-11-03 03:00:00,ACTIVITY_DROP,769.7306000000001,1584.499,ACTIVITY_DROP: current activity 769.73 is 0.49x the baseline 1584.50.
6667,2013-11-03 04:00:00,ACTIVITY_DROP,644.3742000000001,1584.499,ACTIVITY_DROP: current activity 644.37 is 0.41x the baseline 1584.50.
6667,2013-11-03 05:00:00,ACTIVITY_DROP,646.2387,1584.499,ACTIVITY_DROP: current activity 646.24 is 0.41x the baseline 1584.50.
6667,2013-11-03 06:00:00,ACTIVITY_DROP,673.1116,1584.499,ACTIVITY_DROP: current activity 673.11 is 0.42x the baseline 1584.50.
6667,2013-11-03 07:00:00,ACTIVITY_DROP,711.6638,1584.499,ACTIVITY_DROP: current activity 711.66 is 0.45x the baseline 1584.50.
6668,2013-11-03 04:00:00,ACTIVITY_DROP,555.9665,1379.8903,ACTIVITY_DROP: current activity 555.97 is 0.40x the baseline 1379.89.
6668,2013-11-03 05:00:00,ACTIVITY_DROP,550.6128,1379.8903,ACTIVITY_DROP: current activity 550.61 is 0.40x the baseline 1379.89.
6668,2013-11-03 06:00:00,ACTIVITY_DROP,569.1183,1379.8903,ACTIVITY_DROP: current activity 569.12 is 0.41x the baseline 1379.89.
6668,2013-11-03 07:00:00,ACTIVITY_DROP,622.6566999999999,1379.8903,ACTIVITY_DROP: current activity 622.66 is 0.45x the baseline 1379.89.
6669,2013-11-03 04:00:00,ACTIVITY_DROP,407.05400000000003,1012.7835,ACTIVITY_DROP: current activity 407.05 is 0.40x the baseline 1012.78.
6669,2013-11-03 05:00:00,ACTIVITY_DROP,391.0146,1012.7835,ACTIVITY_DROP: current activity 391.01 is 0.39x the baseline 1012.78.
6669,2013-11-03 06:00:00,ACTIVITY_DROP,400.7301,1012.7835,ACTIVITY_DROP: current activity 400.73 is 0.40x the baseline 1012.78.
6669,2013-11-03 07:00:00,ACTIVITY_DROP,456.14419999999996,1012.7835,ACTIVITY_DROP: current activity 456.14 is 0.45x the baseline 1012.78.
6670,2013-11-03 03:00:00,ACTIVITY_DROP,803.4219,1609.4159,ACTIVITY_DROP: current activity 803.42 is 0.50x the baseline 1609.42.
6670,2013-11-03 04:00:00,ACTIVITY_DROP,750.4032000000001,1609.4159,ACTIVITY_DROP: current activity 750.40 is 0.47x the baseline 1609.42.
6670,2013-11-03 05:00:00,ACTIVITY_DROP,729.4084999999999,1609.4159,ACTIVITY_DROP: current activity 729.41 is 0.45x the baseline 1609.42.
6670,2013-11-03 06:00:00,ACTIVITY_DROP,782.5815,1609.4159,ACTIVITY_DROP: current activity 782.58 is 0.49x the baseline 1609.42.
6670,2013-11-03 07:00:00,ACTIVITY_DROP,802.0569,1609.4159,ACTIVITY_DROP: current activity 802.06 is 0.50x the baseline 1609.42.
6671,2013-11-03 04:00:00,ACTIVITY_DROP,1299.0568999999998,2608.5095,ACTIVITY_DROP: current activity 1299.06 is 0.50x the baseline 2608.51.
6671,2013-11-03 05:00:00,ACTIVITY_DROP,1265.7438000000002,2608.5095,ACTIVITY_DROP: current activity 1265.74 is 0.49x the baseline 2608.51.
6671,2013-11-03 06:00:00,ACTIVITY_DROP,1288.0925,2608.5095,ACTIVITY_DROP: current activity 1288.09 is 0.49x the baseline 2608.51.
6673,2013-11-03 02:00:00,ACTIVITY_DROP,981.9147,1992.0304,ACTIVITY_DROP: current activity 981.91 is 0.49x the baseline 1992.03.
6673,2013-11-03 04:00:00,ACTIVITY_DROP,799.1489000000001,1992.0304,ACTIVITY_DROP: current activity 799.15 is 0.40x the baseline 1992.03.
6673,2013-11-03 05:00:00,ACTIVITY_DROP,881.9024,1992.0304,ACTIVITY_DROP: current activity 881.90 is 0.44x the baseline 1992.03.
6673,2013-11-03 06:00:00,ACTIVITY_DROP,862.5543,1992.0304,ACTIVITY_DROP: current activity 862.55 is 0.43x the baseline 1992.03.
6673,2013-11-03 07:00:00,ACTIVITY_DROP,991.5545000000001,1992.0304,ACTIVITY_DROP: current activity 991.55 is 0.50x the baseline 1992.03.
6674,2013-11-03 04:00:00,ACTIVITY_DROP,1328.0927000000001,2787.9691,ACTIVITY_DROP: current activity 1328.09 is 0.48x the baseline 2787.97.
6674,2013-11-03 05:00:00,ACTIVITY_DROP,1371.5116,2787.9691,ACTIVITY_DROP: current activity 1371.51 is 0.49x the baseline 2787.97.
6674,2013-11-03 06:00:00,ACTIVITY_DROP,1291.0357000000001,2787.9691,ACTIVITY_DROP: current activity 1291.04 is 0.46x the baseline 2787.97.
6675,2013-11-03 06:00:00,ACTIVITY_DROP,949.5993,2066.2294,ACTIVITY_DROP: current activity 949.60 is 0.46x the baseline 2066.23.
6675,2013-11-03 18:00:00,HIGH_ACTIVITY,2934.8048000000003,1892.0949,HIGH_ACTIVITY: current activity 2934.80 is 1.55x the baseline 1892.09.
6745,2013-11-03 02:00:00,ACTIVITY_DROP,519.5614,1101.5704,ACTIVITY_DROP: current activity 519.56 is 0.47x the baseline 1101.57.
6745,2013-11-03 03:00:00,ACTIVITY_DROP,429.7151,1101.5704,ACTIVITY_DROP: current activity 429.72 is 0.39x the baseline 1101.57.
6745,2013-11-03 04:00:00,ACTIVITY_DROP,453.31390000000005,1101.5704,ACTIVITY_DROP: current activity 453.31 is 0.41x the baseline 1101.57.
6745,2013-11-03 05:00:00,ACTIVITY_DROP,433.2353,1101.5704,ACTIVITY_DROP: current activity 433.24 is 0.39x the baseline 1101.57.
6746,2013-11-03 03:00:00,ACTIVITY_DROP,520.5658,1215.5162,ACTIVITY_DROP: current activity 520.57 is 0.43x the baseline 1215.52.
6746,2013-11-03 04:00:00,ACTIVITY_DROP,534.2074,1215.5162,ACTIVITY_DROP: current activity 534.21 is 0.44x the baseline 1215.52.
6746,2013-11-03 05:00:00,ACTIVITY_DROP,506.6977,1215.5162,ACTIVITY_DROP: current activity 506.70 is 0.42x the baseline 1215.52.
6747,2013-11-03 05:00:00,ACTIVITY_DROP,704.9919,1515.2448,ACTIVITY_DROP: current activity 704.99 is 0.47x the baseline 1515.24.
6747,2013-11-03 06:00:00,ACTIVITY_DROP,714.7352,1515.2448,ACTIVITY_DROP: current activity 714.74 is 0.47x the baseline 1515.24.
6747,2013-11-03 09:00:00,ACTIVITY_SPIKE,1570.9338,1514.0149999999999,ACTIVITY_SPIKE: current activity 1570.93 increased sharply from the previous hour 1038.26.
6751,2013-11-03 02:00:00,ACTIVITY_DROP,494.43199999999996,1109.9299999999998,ACTIVITY_DROP: current activity 494.43 is 0.45x the baseline 1109.93.
6751,2013-11-03 03:00:00,ACTIVITY_DROP,467.96479999999997,1109.9299999999998,ACTIVITY_DROP: current activity 467.96 is 0.42x the baseline 1109.93.
6751,2013-11-03 04:00:00,ACTIVITY_DROP,444.5266,1109.9299999999998,ACTIVITY_DROP: current activity 444.53 is 0.40x the baseline 1109.93.
6751,2013-11-03 05:00:00,ACTIVITY_DROP,465.5853,1109.9299999999998,ACTIVITY_DROP: current activity 465.59 is 0.42x the baseline 1109.93.
6751,2013-11-03 06:00:00,ACTIVITY_DROP,508.1818,1109.9299999999998,ACTIVITY_DROP: current activity 508.18 is 0.46x the baseline 1109.93.
6751,2013-11-03 07:00:00,ACTIVITY_DROP,522.138,1109.9299999999998,ACTIVITY_DROP: current activity 522.14 is 0.47x the baseline 1109.93.
6752,2013-11-03 04:00:00,ACTIVITY_DROP,615.0609,1323.847,ACTIVITY_DROP: current activity 615.06 is 0.46x the baseline 1323.85.
6752,2013-11-03 05:00:00,ACTIVITY_DROP,611.8787,1323.847,ACTIVITY_DROP: current activity 611.88 is 0.46x the baseline 1323.85.
6752,2013-11-03 06:00:00,ACTIVITY_DROP,597.4896,1323.847,ACTIVITY_DROP: current activity 597.49 is 0.45x the baseline 1323.85.
6753,2013-11-03 04:00:00,ACTIVITY_DROP,655.4776999999999,1698.2651,ACTIVITY_DROP: current activity 655.48 is 0.39x the baseline 1698.27.
6753,2013-11-03 05:00:00,ACTIVITY_DROP,711.1583999999999,1698.2651,ACTIVITY_DROP: current activity 711.16 is 0.42x the baseline 1698.27.
6753,2013-11-03 06:00:00,ACTIVITY_DROP,734.9888000000001,1698.2651,ACTIVITY_DROP: current activity 734.99 is 0.43x the baseline 1698.27.
6753,2013-11-03 07:00:00,ACTIVITY_DROP,790.7718,1698.2651,ACTIVITY_DROP: current activity 790.77 is 0.47x the baseline 1698.27.
6754,2013-11-03 02:00:00,HIGH_ACTIVITY,1835.5034999999998,1015.4425,HIGH_ACTIVITY: current activity 1835.50 is 1.81x the baseline 1015.44.
6754,2013-11-03 02:00:00,ACTIVITY_SPIKE,1835.5034999999998,1015.4425,ACTIVITY_SPIKE: current activity 1835.50 increased sharply from the previous hour 859.16.
6754,2013-11-03 16:00:00,HIGH_ACTIVITY,1584.2137,1015.4425,HIGH_ACTIVITY: current activity 1584.21 is 1.56x the baseline 1015.44.
6756,2013-11-03 02:00:00,ACTIVITY_DROP,898.7367999999999,1830.6995000000002,ACTIVITY_DROP: current activity 898.74 is 0.49x the baseline 1830.70.
6756,2013-11-03 03:00:00,ACTIVITY_DROP,897.5243000000002,1830.6995000000002,ACTIVITY_DROP: current activity 897.52 is 0.49x the baseline 1830.70.
6756,2013-11-03 04:00:00,ACTIVITY_DROP,783.2162000000001,1830.6995000000002,ACTIVITY_DROP: current activity 783.22 is 0.43x the baseline 1830.70.
6756,2013-11-03 05:00:00,ACTIVITY_DROP,694.5835,1830.6995000000002,ACTIVITY_DROP: current activity 694.58 is 0.38x the baseline 1830.70.
6756,2013-11-03 06:00:00,ACTIVITY_DROP,768.0424,1830.6995000000002,ACTIVITY_DROP: current activity 768.04 is 0.42x the baseline 1830.70.
6756,2013-11-03 07:00:00,ACTIVITY_DROP,756.5101999999999,1830.6995000000002,ACTIVITY_DROP: current activity 756.51 is 0.41x the baseline 1830.70.
6757,2013-11-03 03:00:00,ACTIVITY_DROP,935.0971,2299.3244999999997,ACTIVITY_DROP: current activity 935.10 is 0.41x the baseline 2299.32.
6757,2013-11-03 04:00:00,ACTIVITY_DROP,803.7192,2299.3244999999997,ACTIVITY_DROP: current activity 803.72 is 0.35x the baseline 2299.32.
6757,2013-11-03 05:00:00,ACTIVITY_DROP,765.3469,2299.3244999999997,ACTIVITY_DROP: current activity 765.35 is 0.33x the baseline 2299.32.
6757,2013-11-03 06:00:00,ACTIVITY_DROP,893.4716,2299.3244999999997,ACTIVITY_DROP: current activity 893.47 is 0.39x the baseline 2299.32.
6757,2013-11-03 07:00:00,ACTIVITY_DROP,887.0954,2299.3244999999997,ACTIVITY_DROP: current activity 887.10 is 0.39x the baseline 2299.32.
6758,2013-11-03 03:00:00,ACTIVITY_DROP,991.4032,2088.9437,ACTIVITY_DROP: current activity 991.40 is 0.47x the baseline 2088.94.
6758,2013-11-03 04:00:00,ACTIVITY_DROP,899.0453,2088.9437,ACTIVITY_DROP: current activity 899.05 is 0.43x the baseline 2088.94.
6758,2013-11-03 05:00:00,ACTIVITY_DROP,867.4777,2088.9437,ACTIVITY_DROP: current activity 867.48 is 0.42x the baseline 2088.94.
6758,2013-11-03 06:00:00,ACTIVITY_DROP,948.1025999999999,2088.9437,ACTIVITY_DROP: current activity 948.10 is 0.45x the baseline 2088.94.
6758,2013-11-03 07:00:00,ACTIVITY_DROP,1023.7165,2088.9437,ACTIVITY_DROP: current activity 1023.72 is 0.49x the baseline 2088.94.
6758,2013-11-03 09:00:00,ACTIVITY_SPIKE,1969.3342,2088.9437,ACTIVITY_SPIKE: current activity 1969.33 increased sharply from the previous hour 1308.81.
6759,2013-11-03 04:00:00,ACTIVITY_DROP,674.2181,1683.8599000000002,ACTIVITY_DROP: current activity 674.22 is 0.40x the baseline 1683.86.
6759,2013-11-03 05:00:00,ACTIVITY_DROP,718.3623,1683.8599000000002,ACTIVITY_DROP: current activity 718.36 is 0.43x the baseline 1683.86.
6759,2013-11-03 06:00:00,ACTIVITY_DROP,763.2706000000001,1683.8599000000002,ACTIVITY_DROP: current activity 763.27 is 0.45x the baseline 1683.86.
6760,2013-11-03 03:00:00,ACTIVITY_DROP,733.0671,1491.7259000000001,ACTIVITY_DROP: current activity 733.07 is 0.49x the baseline 1491.73.
6760,2013-11-03 04:00:00,ACTIVITY_DROP,611.6133999999998,1491.7259000000001,ACTIVITY_DROP: current activity 611.61 is 0.41x the baseline 1491.73.
6760,2013-11-03 05:00:00,ACTIVITY_DROP,642.8079,1491.7259000000001,ACTIVITY_DROP: current activity 642.81 is 0.43x the baseline 1491.73.
6760,2013-11-03 06:00:00,ACTIVITY_DROP,676.4348,1491.7259000000001,ACTIVITY_DROP: current activity 676.43 is 0.45x the baseline 1491.73.
6760,2013-11-03 07:00:00,ACTIVITY_DROP,686.1134,1491.7259000000001,ACTIVITY_DROP: current activity 686.11 is 0.46x the baseline 1491.73.
6761,2013-11-03 03:00:00,ACTIVITY_DROP,789.0196,1810.8057,ACTIVITY_DROP: current activity 789.02 is 0.44x the baseline 1810.81.
6761,2013-11-03 04:00:00,ACTIVITY_DROP,668.0785999999999,1810.8057,ACTIVITY_DROP: current activity 668.08 is 0.37x the baseline 1810.81.
6761,2013-11-03 05:00:00,ACTIVITY_DROP,627.0904,1810.8057,ACTIVITY_DROP: current activity 627.09 is 0.35x the baseline 1810.81.
6761,2013-11-03 06:00:00,ACTIVITY_DROP,641.216,1810.8057,ACTIVITY_DROP: current activity 641.22 is 0.35x the baseline 1810.81.
6761,2013-11-03 07:00:00,ACTIVITY_DROP,720.5514999999999,1810.8057,ACTIVITY_DROP: current activity 720.55 is 0.40x the baseline 1810.81.
6761,2013-11-03 08:00:00,ACTIVITY_DROP,873.6864,1810.8057,ACTIVITY_DROP: current activity 873.69 is 0.48x the baseline 1810.81.
6761,2013-11-03 09:00:00,ACTIVITY_SPIKE,1351.1529,1810.8057,ACTIVITY_SPIKE: current activity 1351.15 increased sharply from the previous hour 873.69.
6762,2013-11-03 02:00:00,ACTIVITY_DROP,1149.5204,2682.6675,ACTIVITY_DROP: current activity 1149.52 is 0.43x the baseline 2682.67.
6762,2013-11-03 03:00:00,ACTIVITY_DROP,1127.598,2682.6675,ACTIVITY_DROP: current activity 1127.60 is 0.42x the baseline 2682.67.
6762,2013-11-03 04:00:00,ACTIVITY_DROP,1128.4142000000002,2682.6675,ACTIVITY_DROP: current activity 1128.41 is 0.42x the baseline 2682.67.
6762,2013-11-03 05:00:00,ACTIVITY_DROP,1046.0517,2682.6675,ACTIVITY_DROP: current activity 1046.05 is 0.39x the baseline 2682.67.
6762,2013-11-03 06:00:00,ACTIVITY_DROP,1124.8758,2682.6675,ACTIVITY_DROP: current activity 1124.88 is 0.42x the baseline 2682.67.
6763,2013-11-03 02:00:00,ACTIVITY_DROP,784.6005,1724.2702,ACTIVITY_DROP: current activity 784.60 is 0.46x the baseline 1724.27.
6763,2013-11-03 03:00:00,ACTIVITY_DROP,696.8630999999999,1724.2702,ACTIVITY_DROP: current activity 696.86 is 0.40x the baseline 1724.27.
6763,2013-11-03 04:00:00,ACTIVITY_DROP,712.8934,1724.2702,ACTIVITY_DROP: current activity 712.89 is 0.41x the baseline 1724.27.
6763,2013-11-03 05:00:00,ACTIVITY_DROP,823.91,1724.2702,ACTIVITY_DROP: current activity 823.91 is 0.48x the baseline 1724.27.
6763,2013-11-03 06:00:00,ACTIVITY_DROP,713.3621,1724.2702,ACTIVITY_DROP: current activity 713.36 is 0.41x the baseline 1724.27.
6763,2013-11-03 07:00:00,ACTIVITY_DROP,734.7308999999999,1724.2702,ACTIVITY_DROP: current activity 734.73 is 0.43x the baseline 1724.27.
6763,2013-11-03 08:00:00,ACTIVITY_SPIKE,1233.3095000000003,1724.2702,ACTIVITY_SPIKE: current activity 1233.31 increased sharply from the previous hour 734.73.
6764,2013-11-03 02:00:00,ACTIVITY_DROP,773.9278,1651.2633999999998,ACTIVITY_DROP: current activity 773.93 is 0.47x the baseline 1651.26.
6764,2013-11-03 03:00:00,ACTIVITY_DROP,758.1427,1651.2633999999998,ACTIVITY_DROP: current activity 758.14 is 0.46x the baseline 1651.26.
6764,2013-11-03 04:00:00,ACTIVITY_DROP,762.0937,1651.2633999999998,ACTIVITY_DROP: current activity 762.09 is 0.46x the baseline 1651.26.
6764,2013-11-03 05:00:00,ACTIVITY_DROP,733.7097000000001,1651.2633999999998,ACTIVITY_DROP: current activity 733.71 is 0.44x the baseline 1651.26.
6764,2013-11-03 06:00:00,ACTIVITY_DROP,709.9154,1651.2633999999998,ACTIVITY_DROP: current activity 709.92 is 0.43x the baseline 1651.26.
6764,2013-11-03 07:00:00,ACTIVITY_DROP,748.0207,1651.2633999999998,ACTIVITY_DROP: current activity 748.02 is 0.45x the baseline 1651.26.
6770,2013-11-03 04:00:00,ACTIVITY_DROP,607.8664,1269.6775,ACTIVITY_DROP: current activity 607.87 is 0.48x the baseline 1269.68.
6770,2013-11-03 05:00:00,ACTIVITY_DROP,513.0988,1269.6775,ACTIVITY_DROP: current activity 513.10 is 0.40x the baseline 1269.68.
6770,2013-11-03 06:00:00,ACTIVITY_DROP,517.1205,1269.6775,ACTIVITY_DROP: current activity 517.12 is 0.41x the baseline 1269.68.
6770,2013-11-03 07:00:00,ACTIVITY_DROP,598.5115000000001,1269.6775,ACTIVITY_DROP: current activity 598.51 is 0.47x the baseline 1269.68.
6771,2013-11-03 05:00:00,ACTIVITY_DROP,957.1429,1995.4875000000002,ACTIVITY_DROP: current activity 957.14 is 0.48x the baseline 1995.49.
6771,2013-11-03 06:00:00,ACTIVITY_DROP,991.8546,1995.4875000000002,ACTIVITY_DROP: current activity 991.85 is 0.50x the baseline 1995.49.
6772,2013-11-03 04:00:00,ACTIVITY_DROP,1416.7744,3012.7346,ACTIVITY_DROP: current activity 1416.77 is 0.47x the baseline 3012.73.
6772,2013-11-03 06:00:00,ACTIVITY_DROP,1494.7722999999999,3012.7346,ACTIVITY_DROP: current activity 1494.77 is 0.50x the baseline 3012.73.
6773,2013-11-03 02:00:00,ACTIVITY_DROP,821.7579,1730.6776,ACTIVITY_DROP: current activity 821.76 is 0.47x the baseline 1730.68.
6773,2013-11-03 03:00:00,ACTIVITY_DROP,829.0451,1730.6776,ACTIVITY_DROP: current activity 829.05 is 0.48x the baseline 1730.68.
6773,2013-11-03 04:00:00,ACTIVITY_DROP,666.6813,1730.6776,ACTIVITY_DROP: current activity 666.68 is 0.39x the baseline 1730.68.
6773,2013-11-03 05:00:00,ACTIVITY_DROP,759.1691999999999,1730.6776,ACTIVITY_DROP: current activity 759.17 is 0.44x the baseline 1730.68.
6773,2013-11-03 06:00:00,ACTIVITY_DROP,742.8578,1730.6776,ACTIVITY_DROP: current activity 742.86 is 0.43x the baseline 1730.68.
6773,2013-11-03 07:00:00,ACTIVITY_DROP,860.1246000000001,1730.6776,ACTIVITY_DROP: current activity 860.12 is 0.50x the baseline 1730.68.
6774,2013-11-03 02:00:00,ACTIVITY_DROP,728.0797,1599.157,ACTIVITY_DROP: current activity 728.08 is 0.46x the baseline 1599.16.
6774,2013-11-03 03:00:00,ACTIVITY_DROP,682.2963,1599.157,ACTIVITY_DROP: current activity 682.30 is 0.43x the baseline 1599.16.
6774,2013-11-03 04:00:00,ACTIVITY_DROP,712.6147,1599.157,ACTIVITY_DROP: current activity 712.61 is 0.45x the baseline 1599.16.
6774,2013-11-03 05:00:00,ACTIVITY_DROP,707.6386,1599.157,ACTIVITY_DROP: current activity 707.64 is 0.44x the baseline 1599.16.
6774,2013-11-03 06:00:00,ACTIVITY_DROP,621.0687,1599.157,ACTIVITY_DROP: current activity 621.07 is 0.39x the baseline 1599.16.
6774,2013-11-03 07:00:00,ACTIVITY_DROP,716.8337,1599.157,ACTIVITY_DROP: current activity 716.83 is 0.45x the baseline 1599.16.
6775,2013-11-03 03:00:00,ACTIVITY_DROP,476.8679,1103.6086,ACTIVITY_DROP: current activity 476.87 is 0.43x the baseline 1103.61.
6775,2013-11-03 06:00:00,ACTIVITY_DROP,464.9913,1103.6086,ACTIVITY_DROP: current activity 464.99 is 0.42x the baseline 1103.61.
6775,2013-11-03 07:00:00,ACTIVITY_DROP,512.8048,1103.6086,ACTIVITY_DROP: current activity 512.80 is 0.46x the baseline 1103.61.
6775,2013-11-03 18:00:00,HIGH_ACTIVITY,1663.4593999999997,1100.1923,HIGH_ACTIVITY: current activity 1663.46 is 1.51x the baseline 1100.19.
6775,2013-11-03 23:00:00,HIGH_ACTIVITY,1688.062,1100.1923,HIGH_ACTIVITY: current activity 1688.06 is 1.53x the baseline 1100.19.
6851,2013-11-03 02:00:00,ACTIVITY_DROP,611.3653999999999,1568.4701,ACTIVITY_DROP: current activity 611.37 is 0.39x the baseline 1568.47.
6851,2013-11-03 03:00:00,ACTIVITY_DROP,561.9908,1568.4701,ACTIVITY_DROP: current activity 561.99 is 0.36x the baseline 1568.47.
6851,2013-11-03 04:00:00,ACTIVITY_DROP,538.2401,1568.4701,ACTIVITY_DROP: current activity 538.24 is 0.34x the baseline 1568.47.
6851,2013-11-03 05:00:00,ACTIVITY_DROP,566.4714000000001,1568.4701,ACTIVITY_DROP: current activity 566.47 is 0.36x the baseline 1568.47.
6851,2013-11-03 06:00:00,ACTIVITY_DROP,638.4823,1568.4701,ACTIVITY_DROP: current activity 638.48 is 0.41x the baseline 1568.47.
6851,2013-11-03 07:00:00,ACTIVITY_DROP,633.7126000000001,1568.4701,ACTIVITY_DROP: current activity 633.71 is 0.40x the baseline 1568.47.
6851,2013-11-03 14:00:00,HIGH_ACTIVITY,2358.7773,1552.9651999999999,HIGH_ACTIVITY: current activity 2358.78 is 1.52x the baseline 1552.97.
6852,2013-11-03 04:00:00,ACTIVITY_DROP,643.0228000000001,1452.2374999999997,ACTIVITY_DROP: current activity 643.02 is 0.44x the baseline 1452.24.
6852,2013-11-03 05:00:00,ACTIVITY_DROP,590.7209,1452.2374999999997,ACTIVITY_DROP: current activity 590.72 is 0.41x the baseline 1452.24.
6852,2013-11-03 06:00:00,ACTIVITY_DROP,572.9501,1452.2374999999997,ACTIVITY_DROP: current activity 572.95 is 0.39x the baseline 1452.24.
6852,2013-11-03 22:00:00,HIGH_ACTIVITY,2365.4397,1407.1991999999998,HIGH_ACTIVITY: current activity 2365.44 is 1.68x the baseline 1407.20.
6852,2013-11-03 23:00:00,HIGH_ACTIVITY,2240.8374000000003,1407.1991999999998,HIGH_ACTIVITY: current activity 2240.84 is 1.59x the baseline 1407.20.
6853,2013-11-03 02:00:00,ACTIVITY_DROP,723.6211999999999,1781.7197,ACTIVITY_DROP: current activity 723.62 is 0.41x the baseline 1781.72.
6853,2013-11-03 03:00:00,ACTIVITY_DROP,672.7307999999999,1781.7197,ACTIVITY_DROP: current activity 672.73 is 0.38x the baseline 1781.72.
6853,2013-11-03 04:00:00,ACTIVITY_DROP,616.4735999999999,1781.7197,ACTIVITY_DROP: current activity 616.47 is 0.35x the baseline 1781.72.
6853,2013-11-03 05:00:00,ACTIVITY_DROP,665.2324999999998,1781.7197,ACTIVITY_DROP: current activity 665.23 is 0.37x the baseline 1781.72.
6853,2013-11-03 06:00:00,ACTIVITY_DROP,680.6412,1781.7197,ACTIVITY_DROP: current activity 680.64 is 0.38x the baseline 1781.72.
6853,2013-11-03 07:00:00,ACTIVITY_DROP,717.8728,1781.7197,ACTIVITY_DROP: current activity 717.87 is 0.40x the baseline 1781.72.
6853,2013-11-03 21:00:00,HIGH_ACTIVITY,2654.1683000000003,1764.1457999999998,HIGH_ACTIVITY: current activity 2654.17 is 1.50x the baseline 1764.15.
6854,2013-11-03 03:00:00,ACTIVITY_DROP,555.9294,1171.9175,ACTIVITY_DROP: current activity 555.93 is 0.47x the baseline 1171.92.
6854,2013-11-03 04:00:00,ACTIVITY_DROP,462.0,1171.9175,ACTIVITY_DROP: current activity 462.00 is 0.39x the baseline 1171.92.
6854,2013-11-03 05:00:00,ACTIVITY_DROP,506.06820000000005,1171.9175,ACTIVITY_DROP: current activity 506.07 is 0.43x the baseline 1171.92.
6854,2013-11-03 06:00:00,ACTIVITY_DROP,490.33590000000004,1171.9175,ACTIVITY_DROP: current activity 490.34 is 0.42x the baseline 1171.92.
6854,2013-11-03 07:00:00,ACTIVITY_DROP,538.7825,1171.9175,ACTIVITY_DROP: current activity 538.78 is 0.46x the baseline 1171.92.
6855,2013-11-03 04:00:00,ACTIVITY_DROP,589.863,1185.4294,ACTIVITY_DROP: current activity 589.86 is 0.50x the baseline 1185.43.
6855,2013-11-03 05:00:00,ACTIVITY_DROP,549.0007,1185.4294,ACTIVITY_DROP: current activity 549.00 is 0.46x the baseline 1185.43.
6855,2013-11-03 06:00:00,ACTIVITY_DROP,557.5025,1185.4294,ACTIVITY_DROP: current activity 557.50 is 0.47x the baseline 1185.43.
6855,2013-11-03 07:00:00,ACTIVITY_DROP,579.5085999999999,1185.4294,ACTIVITY_DROP: current activity 579.51 is 0.49x the baseline 1185.43.
6856,2013-11-03 04:00:00,ACTIVITY_DROP,804.0527999999999,1620.4805999999999,ACTIVITY_DROP: current activity 804.05 is 0.50x the baseline 1620.48.
6856,2013-11-03 05:00:00,ACTIVITY_DROP,691.4194000000001,1620.4805999999999,ACTIVITY_DROP: current activity 691.42 is 0.43x the baseline 1620.48.
6856,2013-11-03 06:00:00,ACTIVITY_DROP,747.6202999999999,1620.4805999999999,ACTIVITY_DROP: current activity 747.62 is 0.46x the baseline 1620.48.
6856,2013-11-03 07:00:00,ACTIVITY_DROP,733.8071999999999,1620.4805999999999,ACTIVITY_DROP: current activity 733.81 is 0.45x the baseline 1620.48.
6857,2013-11-03 02:00:00,ACTIVITY_DROP,886.7354000000001,1897.785,ACTIVITY_DROP: current activity 886.74 is 0.47x the baseline 1897.79.
6857,2013-11-03 03:00:00,ACTIVITY_DROP,765.1904,1897.785,ACTIVITY_DROP: current activity 765.19 is 0.40x the baseline 1897.79.
6857,2013-11-03 04:00:00,ACTIVITY_DROP,711.826,1897.785,ACTIVITY_DROP: current activity 711.83 is 0.38x the baseline 1897.79.
6857,2013-11-03 05:00:00,ACTIVITY_DROP,693.3062,1897.785,ACTIVITY_DROP: current activity 693.31 is 0.37x the baseline 1897.79.
6857,2013-11-03 06:00:00,ACTIVITY_DROP,810.6994,1897.785,ACTIVITY_DROP: current activity 810.70 is 0.43x the baseline 1897.79.
6857,2013-11-03 07:00:00,ACTIVITY_DROP,810.0731000000001,1897.785,ACTIVITY_DROP: current activity 810.07 is 0.43x the baseline 1897.79.
6858,2013-11-03 02:00:00,ACTIVITY_DROP,869.0555,1805.3043000000002,ACTIVITY_DROP: current activity 869.06 is 0.48x the baseline 1805.30.
6858,2013-11-03 03:00:00,ACTIVITY_DROP,667.6887,1805.3043000000002,ACTIVITY_DROP: current activity 667.69 is 0.37x the baseline 1805.30.
6858,2013-11-03 04:00:00,ACTIVITY_DROP,637.4783,1805.3043000000002,ACTIVITY_DROP: current activity 637.48 is 0.35x the baseline 1805.30.
6858,2013-11-03 05:00:00,ACTIVITY_DROP,671.0245,1805.3043000000002,ACTIVITY_DROP: current activity 671.02 is 0.37x the baseline 1805.30.
6858,2013-11-03 06:00:00,ACTIVITY_DROP,808.1015,1805.3043000000002,ACTIVITY_DROP: current activity 808.10 is 0.45x the baseline 1805.30.
6858,2013-11-03 07:00:00,ACTIVITY_DROP,814.7953,1805.3043000000002,ACTIVITY_DROP: current activity 814.80 is 0.45x the baseline 1805.30.
6859,2013-11-03 04:00:00,ACTIVITY_DROP,641.6671,1292.0517,ACTIVITY_DROP: current activity 641.67 is 0.50x the baseline 1292.05.
6859,2013-11-03 22:00:00,HIGH_ACTIVITY,1841.7467000000001,1204.6000000000001,HIGH_ACTIVITY: current activity 1841.75 is 1.53x the baseline 1204.60.
6860,2013-11-03 22:00:00,HIGH_ACTIVITY,1848.5931,1188.0862,HIGH_ACTIVITY: current activity 1848.59 is 1.56x the baseline 1188.09.
6861,2013-11-03 03:00:00,ACTIVITY_DROP,658.3163999999999,1414.7235,ACTIVITY_DROP: current activity 658.32 is 0.47x the baseline 1414.72.
6861,2013-11-03 04:00:00,ACTIVITY_DROP,572.0378,1414.7235,ACTIVITY_DROP: current activity 572.04 is 0.40x the baseline 1414.72.
6861,2013-11-03 05:00:00,ACTIVITY_DROP,602.8672,1414.7235,ACTIVITY_DROP: current activity 602.87 is 0.43x the baseline 1414.72.
6861,2013-11-03 06:00:00,ACTIVITY_DROP,637.2304,1414.7235,ACTIVITY_DROP: current activity 637.23 is 0.45x the baseline 1414.72.
6861,2013-11-03 07:00:00,ACTIVITY_DROP,617.8308,1414.7235,ACTIVITY_DROP: current activity 617.83 is 0.44x the baseline 1414.72.
6861,2013-11-03 09:00:00,ACTIVITY_SPIKE,1102.3967,1414.7235,ACTIVITY_SPIKE: current activity 1102.40 increased sharply from the previous hour 728.71.
6862,2013-11-03 02:00:00,ACTIVITY_DROP,597.7316999999999,1240.8341999999998,ACTIVITY_DROP: current activity 597.73 is 0.48x the baseline 1240.83.
6862,2013-11-03 03:00:00,ACTIVITY_DROP,522.7325999999999,1240.8341999999998,ACTIVITY_DROP: current activity 522.73 is 0.42x the baseline 1240.83.
6862,2013-11-03 04:00:00,ACTIVITY_DROP,487.5413,1240.8341999999998,ACTIVITY_DROP: current activity 487.54 is 0.39x the baseline 1240.83.
6862,2013-11-03 05:00:00,ACTIVITY_DROP,507.1648,1240.8341999999998,ACTIVITY_DROP: current activity 507.16 is 0.41x the baseline 1240.83.
6862,2013-11-03 06:00:00,ACTIVITY_DROP,579.7463,1240.8341999999998,ACTIVITY_DROP: current activity 579.75 is 0.47x the baseline 1240.83.
6862,2013-11-03 07:00:00,ACTIVITY_DROP,583.2519,1240.8341999999998,ACTIVITY_DROP: current activity 583.25 is 0.47x the baseline 1240.83.
6863,2013-11-03 02:00:00,ACTIVITY_DROP,595.6526,1217.1391999999998,ACTIVITY_DROP: current activity 595.65 is 0.49x the baseline 1217.14.
6863,2013-11-03 03:00:00,ACTIVITY_DROP,511.921,1217.1391999999998,ACTIVITY_DROP: current activity 511.92 is 0.42x the baseline 1217.14.
6863,2013-11-03 04:00:00,ACTIVITY_DROP,499.0769,1217.1391999999998,ACTIVITY_DROP: current activity 499.08 is 0.41x the baseline 1217.14.
6863,2013-11-03 05:00:00,ACTIVITY_DROP,534.5424,1217.1391999999998,ACTIVITY_DROP: current activity 534.54 is 0.44x the baseline 1217.14.
6863,2013-11-03 06:00:00,ACTIVITY_DROP,571.0865,1217.1391999999998,ACTIVITY_DROP: current activity 571.09 is 0.47x the baseline 1217.14.
6863,2013-11-03 07:00:00,ACTIVITY_DROP,557.2126,1217.1391999999998,ACTIVITY_DROP: current activity 557.21 is 0.46x the baseline 1217.14.
6864,2013-11-03 02:00:00,ACTIVITY_DROP,546.4524,1123.6725000000001,ACTIVITY_DROP: current activity 546.45 is 0.49x the baseline 1123.67.
6864,2013-11-03 03:00:00,ACTIVITY_DROP,512.6369,1123.6725000000001,ACTIVITY_DROP: current activity 512.64 is 0.46x the baseline 1123.67.
6864,2013-11-03 04:00:00,ACTIVITY_DROP,537.5898,1123.6725000000001,ACTIVITY_DROP: current activity 537.59 is 0.48x the baseline 1123.67.
6864,2013-11-03 05:00:00,ACTIVITY_DROP,527.0517000000001,1123.6725000000001,ACTIVITY_DROP: current activity 527.05 is 0.47x the baseline 1123.67.
6868,2013-11-03 04:00:00,ACTIVITY_DROP,408.2411,948.3197,ACTIVITY_DROP: current activity 408.24 is 0.43x the baseline 948.32.
6868,2013-11-03 05:00:00,ACTIVITY_DROP,379.02819999999997,948.3197,ACTIVITY_DROP: current activity 379.03 is 0.40x the baseline 948.32.
6868,2013-11-03 06:00:00,ACTIVITY_DROP,384.969,948.3197,ACTIVITY_DROP: current activity 384.97 is 0.41x the baseline 948.32.
6868,2013-11-03 07:00:00,ACTIVITY_DROP,439.80989999999997,948.3197,ACTIVITY_DROP: current activity 439.81 is 0.46x the baseline 948.32.
6869,2013-11-03 06:00:00,ACTIVITY_DROP,480.8654,1002.3722,ACTIVITY_DROP: current activity 480.87 is 0.48x the baseline 1002.37.
6871,2013-11-03 03:00:00,ACTIVITY_DROP,907.0972,1826.7517000000003,ACTIVITY_DROP: current activity 907.10 is 0.50x the baseline 1826.75.
6871,2013-11-03 05:00:00,ACTIVITY_DROP,872.3072,1826.7517000000003,ACTIVITY_DROP: current activity 872.31 is 0.48x the baseline 1826.75.
6871,2013-11-03 06:00:00,ACTIVITY_DROP,876.2415000000001,1826.7517000000003,ACTIVITY_DROP: current activity 876.24 is 0.48x the baseline 1826.75.
6872,2013-11-03 03:00:00,ACTIVITY_DROP,962.9840999999999,1952.1121,ACTIVITY_DROP: current activity 962.98 is 0.49x the baseline 1952.11.
6872,2013-11-03 04:00:00,ACTIVITY_DROP,903.0284,1952.1121,ACTIVITY_DROP: current activity 903.03 is 0.46x the baseline 1952.11.
6872,2013-11-03 17:00:00,HIGH_ACTIVITY,2985.1355000000003,1839.0348000000001,HIGH_ACTIVITY: current activity 2985.14 is 1.62x the baseline 1839.03.
6872,2013-11-03 22:00:00,HIGH_ACTIVITY,2776.7839,1839.0348000000001,HIGH_ACTIVITY: current activity 2776.78 is 1.51x the baseline 1839.03.
6873,2013-11-03 03:00:00,ACTIVITY_DROP,879.4351,1805.2694000000001,ACTIVITY_DROP: current activity 879.44 is 0.49x the baseline 1805.27.
6873,2013-11-03 04:00:00,ACTIVITY_DROP,801.8933,1805.2694000000001,ACTIVITY_DROP: current activity 801.89 is 0.44x the baseline 1805.27.
6873,2013-11-03 17:00:00,HIGH_ACTIVITY,2756.1531999999997,1796.7825,HIGH_ACTIVITY: current activity 2756.15 is 1.53x the baseline 1796.78.
6874,2013-11-03 02:00:00,ACTIVITY_DROP,762.9367000000001,1667.7970999999998,ACTIVITY_DROP: current activity 762.94 is 0.46x the baseline 1667.80.
6874,2013-11-03 03:00:00,ACTIVITY_DROP,717.1379,1667.7970999999998,ACTIVITY_DROP: current activity 717.14 is 0.43x the baseline 1667.80.
6874,2013-11-03 04:00:00,ACTIVITY_DROP,666.7069,1667.7970999999998,ACTIVITY_DROP: current activity 666.71 is 0.40x the baseline 1667.80.
6874,2013-11-03 05:00:00,ACTIVITY_DROP,746.4623,1667.7970999999998,ACTIVITY_DROP: current activity 746.46 is 0.45x the baseline 1667.80.
6874,2013-11-03 06:00:00,ACTIVITY_DROP,752.9458,1667.7970999999998,ACTIVITY_DROP: current activity 752.95 is 0.45x the baseline 1667.80.
6874,2013-11-03 07:00:00,ACTIVITY_DROP,791.5272,1667.7970999999998,ACTIVITY_DROP: current activity 791.53 is 0.47x the baseline 1667.80.
6875,2013-11-03 02:00:00,ACTIVITY_DROP,696.7485000000001,1476.5055000000002,ACTIVITY_DROP: current activity 696.75 is 0.47x the baseline 1476.51.
6875,2013-11-03 03:00:00,ACTIVITY_DROP,577.1179,1476.5055000000002,ACTIVITY_DROP: current activity 577.12 is 0.39x the baseline 1476.51.
6875,2013-11-03 04:00:00,ACTIVITY_DROP,589.0895,1476.5055000000002,ACTIVITY_DROP: current activity 589.09 is 0.40x the baseline 1476.51.
6875,2013-11-03 05:00:00,ACTIVITY_DROP,620.4666000000001,1476.5055000000002,ACTIVITY_DROP: current activity 620.47 is 0.42x the baseline 1476.51.
6875,2013-11-03 06:00:00,ACTIVITY_DROP,634.7203999999999,1476.5055000000002,ACTIVITY_DROP: current activity 634.72 is 0.43x the baseline 1476.51.
6875,2013-11-03 07:00:00,ACTIVITY_DROP,633.5600999999999,1476.5055000000002,ACTIVITY_DROP: current activity 633.56 is 0.43x the baseline 1476.51.
6875,2013-11-03 08:00:00,ACTIVITY_SPIKE,1004.2918,1476.5055000000002,ACTIVITY_SPIKE: current activity 1004.29 increased sharply from the previous hour 633.56.
6876,2013-11-03 03:00:00,ACTIVITY_DROP,390.9176,1026.041,ACTIVITY_DROP: current activity 390.92 is 0.38x the baseline 1026.04.
6876,2013-11-03 04:00:00,ACTIVITY_DROP,377.2398,1026.041,ACTIVITY_DROP: current activity 377.24 is 0.37x the baseline 1026.04.
6876,2013-11-03 05:00:00,ACTIVITY_DROP,400.391,1026.041,ACTIVITY_DROP: current activity 400.39 is 0.39x the baseline 1026.04.
6876,2013-11-03 06:00:00,ACTIVITY_DROP,419.161,1026.041,ACTIVITY_DROP: current activity 419.16 is 0.41x the baseline 1026.04.
6876,2013-11-03 07:00:00,ACTIVITY_DROP,434.05490000000003,1026.041,ACTIVITY_DROP: current activity 434.05 is 0.42x the baseline 1026.04.
6876,2013-11-03 08:00:00,ACTIVITY_SPIKE,693.7498,1026.041,ACTIVITY_SPIKE: current activity 693.75 increased sharply from the previous hour 434.05.
6953,2013-11-03 03:00:00,ACTIVITY_DROP,485.62019999999995,997.5669,ACTIVITY_DROP: current activity 485.62 is 0.49x the baseline 997.57.
6953,2013-11-03 04:00:00,ACTIVITY_DROP,411.8482,997.5669,ACTIVITY_DROP: current activity 411.85 is 0.41x the baseline 997.57.
6953,2013-11-03 05:00:00,ACTIVITY_DROP,438.3441,997.5669,ACTIVITY_DROP: current activity 438.34 is 0.44x the baseline 997.57.
6953,2013-11-03 06:00:00,ACTIVITY_DROP,435.40299999999996,997.5669,ACTIVITY_DROP: current activity 435.40 is 0.44x the baseline 997.57.
6953,2013-11-03 07:00:00,ACTIVITY_DROP,487.9279,997.5669,ACTIVITY_DROP: current activity 487.93 is 0.49x the baseline 997.57.
6953,2013-11-03 18:00:00,HIGH_ACTIVITY,1896.2646,933.1030000000001,HIGH_ACTIVITY: current activity 1896.26 is 2.03x the baseline 933.10.
6953,2013-11-03 21:00:00,HIGH_ACTIVITY,1560.1822,933.1030000000001,HIGH_ACTIVITY: current activity 1560.18 is 1.67x the baseline 933.10.
6953,2013-11-03 22:00:00,HIGH_ACTIVITY,1407.7857000000001,933.1030000000001,HIGH_ACTIVITY: current activity 1407.79 is 1.51x the baseline 933.10.
6954,2013-11-03 03:00:00,ACTIVITY_DROP,460.1518,1093.8971000000001,ACTIVITY_DROP: current activity 460.15 is 0.42x the baseline 1093.90.
6954,2013-11-03 04:00:00,ACTIVITY_DROP,387.0774,1093.8971000000001,ACTIVITY_DROP: current activity 387.08 is 0.35x the baseline 1093.90.
6954,2013-11-03 05:00:00,ACTIVITY_DROP,433.53509999999994,1093.8971000000001,ACTIVITY_DROP: current activity 433.54 is 0.40x the baseline 1093.90.
6954,2013-11-03 06:00:00,ACTIVITY_DROP,430.5686,1093.8971000000001,ACTIVITY_DROP: current activity 430.57 is 0.39x the baseline 1093.90.
6954,2013-11-03 07:00:00,ACTIVITY_DROP,494.2004,1093.8971000000001,ACTIVITY_DROP: current activity 494.20 is 0.45x the baseline 1093.90.
6954,2013-11-03 08:00:00,ACTIVITY_SPIKE,807.7656000000001,1093.8971000000001,ACTIVITY_SPIKE: current activity 807.77 increased sharply from the previous hour 494.20.
6954,2013-11-03 20:00:00,HIGH_ACTIVITY,1962.6059,970.4065,HIGH_ACTIVITY: current activity 1962.61 is 2.02x the baseline 970.41.
6954,2013-11-03 21:00:00,HIGH_ACTIVITY,1725.4019999999998,970.4065,HIGH_ACTIVITY: current activity 1725.40 is 1.78x the baseline 970.41.
6955,2013-11-03 03:00:00,ACTIVITY_DROP,573.0606,1320.4186,ACTIVITY_DROP: current activity 573.06 is 0.43x the baseline 1320.42.
6955,2013-11-03 04:00:00,ACTIVITY_DROP,514.6959999999999,1320.4186,ACTIVITY_DROP: current activity 514.70 is 0.39x the baseline 1320.42.
6955,2013-11-03 05:00:00,ACTIVITY_DROP,498.4752,1320.4186,ACTIVITY_DROP: current activity 498.48 is 0.38x the baseline 1320.42.
6955,2013-11-03 06:00:00,ACTIVITY_DROP,518.6523,1320.4186,ACTIVITY_DROP: current activity 518.65 is 0.39x the baseline 1320.42.
6955,2013-11-03 07:00:00,ACTIVITY_DROP,571.3854,1320.4186,ACTIVITY_DROP: current activity 571.39 is 0.43x the baseline 1320.42.
6955,2013-11-03 08:00:00,ACTIVITY_SPIKE,893.9042,1320.4186,ACTIVITY_SPIKE: current activity 893.90 increased sharply from the previous hour 571.39.
6955,2013-11-03 20:00:00,HIGH_ACTIVITY,2054.1393,1308.6311,HIGH_ACTIVITY: current activity 2054.14 is 1.57x the baseline 1308.63.
6956,2013-11-03 03:00:00,ACTIVITY_DROP,932.985,1918.0958,ACTIVITY_DROP: current activity 932.99 is 0.49x the baseline 1918.10.
6956,2013-11-03 04:00:00,ACTIVITY_DROP,874.2591,1918.0958,ACTIVITY_DROP: current activity 874.26 is 0.46x the baseline 1918.10.
6956,2013-11-03 05:00:00,ACTIVITY_DROP,699.6626,1918.0958,ACTIVITY_DROP: current activity 699.66 is 0.36x the baseline 1918.10.
6956,2013-11-03 06:00:00,ACTIVITY_DROP,770.5354999999998,1918.0958,ACTIVITY_DROP: current activity 770.54 is 0.40x the baseline 1918.10.
6956,2013-11-03 07:00:00,ACTIVITY_DROP,792.5740999999999,1918.0958,ACTIVITY_DROP: current activity 792.57 is 0.41x the baseline 1918.10.
6956,2013-11-03 10:00:00,ACTIVITY_SPIKE,2351.6582,1836.7706,ACTIVITY_SPIKE: current activity 2351.66 increased sharply from the previous hour 1437.22.
6957,2013-11-03 03:00:00,ACTIVITY_DROP,724.6724999999999,1576.0833000000002,ACTIVITY_DROP: current activity 724.67 is 0.46x the baseline 1576.08.
6957,2013-11-03 04:00:00,ACTIVITY_DROP,676.5196,1576.0833000000002,ACTIVITY_DROP: current activity 676.52 is 0.43x the baseline 1576.08.
6957,2013-11-03 05:00:00,ACTIVITY_DROP,697.9714999999999,1576.0833000000002,ACTIVITY_DROP: current activity 697.97 is 0.44x the baseline 1576.08.
6957,2013-11-03 06:00:00,ACTIVITY_DROP,699.2821999999999,1576.0833000000002,ACTIVITY_DROP: current activity 699.28 is 0.44x the baseline 1576.08.
6957,2013-11-03 07:00:00,ACTIVITY_DROP,671.1504,1576.0833000000002,ACTIVITY_DROP: current activity 671.15 is 0.43x the baseline 1576.08.
6957,2013-11-03 15:00:00,HIGH_ACTIVITY,2426.0263999999997,1539.6979000000001,HIGH_ACTIVITY: current activity 2426.03 is 1.58x the baseline 1539.70.
6958,2013-11-03 02:00:00,ACTIVITY_DROP,841.4242,1871.7394,ACTIVITY_DROP: current activity 841.42 is 0.45x the baseline 1871.74.
6958,2013-11-03 03:00:00,ACTIVITY_DROP,683.8598000000001,1871.7394,ACTIVITY_DROP: current activity 683.86 is 0.37x the baseline 1871.74.
6958,2013-11-03 04:00:00,ACTIVITY_DROP,640.8924,1871.7394,ACTIVITY_DROP: current activity 640.89 is 0.34x the baseline 1871.74.
6958,2013-11-03 05:00:00,ACTIVITY_DROP,685.956,1871.7394,ACTIVITY_DROP: current activity 685.96 is 0.37x the baseline 1871.74.
6958,2013-11-03 06:00:00,ACTIVITY_DROP,776.5892,1871.7394,ACTIVITY_DROP: current activity 776.59 is 0.41x the baseline 1871.74.
6958,2013-11-03 07:00:00,ACTIVITY_DROP,794.4403000000001,1871.7394,ACTIVITY_DROP: current activity 794.44 is 0.42x the baseline 1871.74.
6959,2013-11-03 03:00:00,ACTIVITY_DROP,692.4232,1497.8694,ACTIVITY_DROP: current activity 692.42 is 0.46x the baseline 1497.87.
6959,2013-11-03 04:00:00,ACTIVITY_DROP,653.3162,1497.8694,ACTIVITY_DROP: current activity 653.32 is 0.44x the baseline 1497.87.
6959,2013-11-03 05:00:00,ACTIVITY_DROP,730.8721,1497.8694,ACTIVITY_DROP: current activity 730.87 is 0.49x the baseline 1497.87.
6960,2013-11-03 04:00:00,ACTIVITY_DROP,643.1569,1306.8775,ACTIVITY_DROP: current activity 643.16 is 0.49x the baseline 1306.88.
6960,2013-11-03 22:00:00,HIGH_ACTIVITY,1825.7962,1211.5981000000002,HIGH_ACTIVITY: current activity 1825.80 is 1.51x the baseline 1211.60.
6961,2013-11-03 06:00:00,ACTIVITY_DROP,662.0532,1353.5755999999997,ACTIVITY_DROP: current activity 662.05 is 0.49x the baseline 1353.58.
6962,2013-11-03 02:00:00,ACTIVITY_DROP,577.6455,1155.7825999999998,ACTIVITY_DROP: current activity 577.65 is 0.50x the baseline 1155.78.
6962,2013-11-03 03:00:00,ACTIVITY_DROP,513.0,1155.7825999999998,ACTIVITY_DROP: current activity 513.00 is 0.44x the baseline 1155.78.
6962,2013-11-03 04:00:00,ACTIVITY_DROP,478.63199999999995,1155.7825999999998,ACTIVITY_DROP: current activity 478.63 is 0.41x the baseline 1155.78.
6962,2013-11-03 05:00:00,ACTIVITY_DROP,511.2174,1155.7825999999998,ACTIVITY_DROP: current activity 511.22 is 0.44x the baseline 1155.78.
6962,2013-11-03 06:00:00,ACTIVITY_DROP,523.1974,1155.7825999999998,ACTIVITY_DROP: current activity 523.20 is 0.45x the baseline 1155.78.
6962,2013-11-03 07:00:00,ACTIVITY_DROP,542.3627999999999,1155.7825999999998,ACTIVITY_DROP: current activity 542.36 is 0.47x the baseline 1155.78.
6963,2013-11-03 03:00:00,ACTIVITY_DROP,518.0418,1153.3061,ACTIVITY_DROP: current activity 518.04 is 0.45x the baseline 1153.31.
6963,2013-11-03 04:00:00,ACTIVITY_DROP,484.78790000000004,1153.3061,ACTIVITY_DROP: current activity 484.79 is 0.42x the baseline 1153.31.
6963,2013-11-03 05:00:00,ACTIVITY_DROP,515.5689,1153.3061,ACTIVITY_DROP: current activity 515.57 is 0.45x the baseline 1153.31.
6963,2013-11-03 06:00:00,ACTIVITY_DROP,535.8092,1153.3061,ACTIVITY_DROP: current activity 535.81 is 0.46x the baseline 1153.31.
6963,2013-11-03 07:00:00,ACTIVITY_DROP,551.9819,1153.3061,ACTIVITY_DROP: current activity 551.98 is 0.48x the baseline 1153.31.
6971,2013-11-03 04:00:00,ACTIVITY_DROP,659.0972,1457.9995999999999,ACTIVITY_DROP: current activity 659.10 is 0.45x the baseline 1458.00.
6971,2013-11-03 05:00:00,ACTIVITY_DROP,699.962,1457.9995999999999,ACTIVITY_DROP: current activity 699.96 is 0.48x the baseline 1458.00.
6971,2013-11-03 06:00:00,ACTIVITY_DROP,632.0123,1457.9995999999999,ACTIVITY_DROP: current activity 632.01 is 0.43x the baseline 1458.00.
6971,2013-11-03 07:00:00,ACTIVITY_DROP,669.0552999999999,1457.9995999999999,ACTIVITY_DROP: current activity 669.06 is 0.46x the baseline 1458.00.
6972,2013-11-03 03:00:00,ACTIVITY_DROP,781.874,1735.4696,ACTIVITY_DROP: current activity 781.87 is 0.45x the baseline 1735.47.
6972,2013-11-03 04:00:00,ACTIVITY_DROP,692.5991,1735.4696,ACTIVITY_DROP: current activity 692.60 is 0.40x the baseline 1735.47.
6972,2013-11-03 05:00:00,ACTIVITY_DROP,787.4252,1735.4696,ACTIVITY_DROP: current activity 787.43 is 0.45x the baseline 1735.47.
6972,2013-11-03 06:00:00,ACTIVITY_DROP,825.3781,1735.4696,ACTIVITY_DROP: current activity 825.38 is 0.48x the baseline 1735.47.
6972,2013-11-03 07:00:00,ACTIVITY_DROP,809.1765999999999,1735.4696,ACTIVITY_DROP: current activity 809.18 is 0.47x the baseline 1735.47.
6973,2013-11-03 03:00:00,ACTIVITY_DROP,618.5437999999999,1328.8163,ACTIVITY_DROP: current activity 618.54 is 0.47x the baseline 1328.82.
6973,2013-11-03 04:00:00,ACTIVITY_DROP,567.3268,1328.8163,ACTIVITY_DROP: current activity 567.33 is 0.43x the baseline 1328.82.
6973,2013-11-03 05:00:00,ACTIVITY_DROP,635.7776000000001,1328.8163,ACTIVITY_DROP: current activity 635.78 is 0.48x the baseline 1328.82.
6975,2013-11-03 02:00:00,ACTIVITY_DROP,590.6062999999999,1262.5107,ACTIVITY_DROP: current activity 590.61 is 0.47x the baseline 1262.51.
6975,2013-11-03 03:00:00,ACTIVITY_DROP,500.36949999999996,1262.5107,ACTIVITY_DROP: current activity 500.37 is 0.40x the baseline 1262.51.
6975,2013-11-03 04:00:00,ACTIVITY_DROP,491.8057,1262.5107,ACTIVITY_DROP: current activity 491.81 is 0.39x the baseline 1262.51.
6975,2013-11-03 05:00:00,ACTIVITY_DROP,529.0394,1262.5107,ACTIVITY_DROP: current activity 529.04 is 0.42x the baseline 1262.51.
6975,2013-11-03 06:00:00,ACTIVITY_DROP,553.9851,1262.5107,ACTIVITY_DROP: current activity 553.99 is 0.44x the baseline 1262.51.
6975,2013-11-03 07:00:00,ACTIVITY_DROP,555.8645,1262.5107,ACTIVITY_DROP: current activity 555.86 is 0.44x the baseline 1262.51.
6975,2013-11-03 08:00:00,ACTIVITY_SPIKE,916.1386,1262.5107,ACTIVITY_SPIKE: current activity 916.14 increased sharply from the previous hour 555.86.
6976,2013-11-03 03:00:00,ACTIVITY_DROP,792.7219999999999,1834.6196,ACTIVITY_DROP: current activity 792.72 is 0.43x the baseline 1834.62.
6976,2013-11-03 04:00:00,ACTIVITY_DROP,727.876,1834.6196,ACTIVITY_DROP: current activity 727.88 is 0.40x the baseline 1834.62.
6976,2013-11-03 05:00:00,ACTIVITY_DROP,786.9314,1834.6196,ACTIVITY_DROP: current activity 786.93 is 0.43x the baseline 1834.62.
6976,2013-11-03 06:00:00,ACTIVITY_DROP,793.2081,1834.6196,ACTIVITY_DROP: current activity 793.21 is 0.43x the baseline 1834.62.
6976,2013-11-03 07:00:00,ACTIVITY_DROP,874.3918,1834.6196,ACTIVITY_DROP: current activity 874.39 is 0.48x the baseline 1834.62.
6977,2013-11-03 03:00:00,ACTIVITY_DROP,1164.2169,2370.6275,ACTIVITY_DROP: current activity 1164.22 is 0.49x the baseline 2370.63.
6977,2013-11-03 04:00:00,ACTIVITY_DROP,991.0753,2370.6275,ACTIVITY_DROP: current activity 991.08 is 0.42x the baseline 2370.63.
6977,2013-11-03 05:00:00,ACTIVITY_DROP,1086.8485,2370.6275,ACTIVITY_DROP: current activity 1086.85 is 0.46x the baseline 2370.63.
6977,2013-11-03 06:00:00,ACTIVITY_DROP,1046.6949,2370.6275,ACTIVITY_DROP: current activity 1046.69 is 0.44x the baseline 2370.63.
6977,2013-11-03 12:00:00,HIGH_ACTIVITY,3910.5726999999997,2266.9359999999997,HIGH_ACTIVITY: current activity 3910.57 is 1.73x the baseline 2266.94.
6977,2013-11-03 12:00:00,ACTIVITY_SPIKE,3910.5726999999997,2266.9359999999997,ACTIVITY_SPIKE: current activity 3910.57 increased sharply from the previous hour 2549.39.
6977,2013-11-03 19:00:00,HIGH_ACTIVITY,3509.3254999999995,2266.9359999999997,HIGH_ACTIVITY: current activity 3509.33 is 1.55x the baseline 2266.94.
6978,2013-11-03 03:00:00,ACTIVITY_DROP,894.1893,1803.8464000000001,ACTIVITY_DROP: current activity 894.19 is 0.50x the baseline 1803.85.
6978,2013-11-03 04:00:00,ACTIVITY_DROP,779.404,1803.8464000000001,ACTIVITY_DROP: current activity 779.40 is 0.43x the baseline 1803.85.
6978,2013-11-03 05:00:00,ACTIVITY_DROP,831.3279,1803.8464000000001,ACTIVITY_DROP: current activity 831.33 is 0.46x the baseline 1803.85.
6978,2013-11-03 06:00:00,ACTIVITY_DROP,825.4196000000001,1803.8464000000001,ACTIVITY_DROP: current activity 825.42 is 0.46x the baseline 1803.85.
6978,2013-11-03 12:00:00,HIGH_ACTIVITY,2804.1949999999997,1726.7636,HIGH_ACTIVITY: current activity 2804.19 is 1.62x the baseline 1726.76.
6979,2013-11-03 03:00:00,ACTIVITY_DROP,482.32189999999997,966.6256,ACTIVITY_DROP: current activity 482.32 is 0.50x the baseline 966.63.
6979,2013-11-03 04:00:00,ACTIVITY_DROP,456.4958,966.6256,ACTIVITY_DROP: current activity 456.50 is 0.47x the baseline 966.63.
6979,2013-11-03 05:00:00,ACTIVITY_DROP,443.28380000000004,966.6256,ACTIVITY_DROP: current activity 443.28 is 0.46x the baseline 966.63.
7055,2013-11-03 03:00:00,ACTIVITY_DROP,396.3674,990.0432000000001,ACTIVITY_DROP: current activity 396.37 is 0.40x the baseline 990.04.
7055,2013-11-03 04:00:00,ACTIVITY_DROP,396.0852,990.0432000000001,ACTIVITY_DROP: current activity 396.09 is 0.40x the baseline 990.04.
7055,2013-11-03 05:00:00,ACTIVITY_DROP,376.3341,990.0432000000001,ACTIVITY_DROP: current activity 376.33 is 0.38x the baseline 990.04.
7055,2013-11-03 06:00:00,ACTIVITY_DROP,396.34079999999994,990.0432000000001,ACTIVITY_DROP: current activity 396.34 is 0.40x the baseline 990.04.
7055,2013-11-03 07:00:00,ACTIVITY_DROP,454.28360000000004,990.0432000000001,ACTIVITY_DROP: current activity 454.28 is 0.46x the baseline 990.04.
7055,2013-11-03 13:00:00,HIGH_ACTIVITY,1512.8971000000001,989.7573000000001,HIGH_ACTIVITY: current activity 1512.90 is 1.53x the baseline 989.76.
7055,2013-11-03 13:00:00,ACTIVITY_SPIKE,1512.8971000000001,989.7573000000001,ACTIVITY_SPIKE: current activity 1512.90 increased sharply from the previous hour 989.76.
7055,2013-11-03 20:00:00,HIGH_ACTIVITY,1564.7903000000001,989.7573000000001,HIGH_ACTIVITY: current activity 1564.79 is 1.58x the baseline 989.76.
7056,2013-11-03 02:00:00,ACTIVITY_DROP,932.3236,1929.6106,ACTIVITY_DROP: current activity 932.32 is 0.48x the baseline 1929.61.
7056,2013-11-03 03:00:00,ACTIVITY_DROP,861.9731,1929.6106,ACTIVITY_DROP: current activity 861.97 is 0.45x the baseline 1929.61.
7056,2013-11-03 04:00:00,ACTIVITY_DROP,822.0617,1929.6106,ACTIVITY_DROP: current activity 822.06 is 0.43x the baseline 1929.61.
7056,2013-11-03 05:00:00,ACTIVITY_DROP,685.9019999999999,1929.6106,ACTIVITY_DROP: current activity 685.90 is 0.36x the baseline 1929.61.
7056,2013-11-03 06:00:00,ACTIVITY_DROP,802.2583,1929.6106,ACTIVITY_DROP: current activity 802.26 is 0.42x the baseline 1929.61.
7056,2013-11-03 07:00:00,ACTIVITY_DROP,829.0744,1929.6106,ACTIVITY_DROP: current activity 829.07 is 0.43x the baseline 1929.61.
7057,2013-11-03 03:00:00,ACTIVITY_DROP,659.7871,1334.2150000000001,ACTIVITY_DROP: current activity 659.79 is 0.49x the baseline 1334.22.
7057,2013-11-03 04:00:00,ACTIVITY_DROP,596.3519,1334.2150000000001,ACTIVITY_DROP: current activity 596.35 is 0.45x the baseline 1334.22.
7057,2013-11-03 06:00:00,ACTIVITY_DROP,659.0159,1334.2150000000001,ACTIVITY_DROP: current activity 659.02 is 0.49x the baseline 1334.22.
7057,2013-11-03 07:00:00,ACTIVITY_DROP,615.8368,1334.2150000000001,ACTIVITY_DROP: current activity 615.84 is 0.46x the baseline 1334.22.
7057,2013-11-03 14:00:00,HIGH_ACTIVITY,1860.5092,1214.6837,HIGH_ACTIVITY: current activity 1860.51 is 1.53x the baseline 1214.68.
7057,2013-11-03 15:00:00,HIGH_ACTIVITY,2484.7256,1214.6837,HIGH_ACTIVITY: current activity 2484.73 is 2.05x the baseline 1214.68.
7057,2013-11-03 18:00:00,HIGH_ACTIVITY,1916.2089,1214.6837,HIGH_ACTIVITY: current activity 1916.21 is 1.58x the baseline 1214.68.
7057,2013-11-03 22:00:00,HIGH_ACTIVITY,1930.3367,1214.6837,HIGH_ACTIVITY: current activity 1930.34 is 1.59x the baseline 1214.68.
7058,2013-11-03 02:00:00,ACTIVITY_DROP,776.7165,1729.4245,ACTIVITY_DROP: current activity 776.72 is 0.45x the baseline 1729.42.
7058,2013-11-03 03:00:00,ACTIVITY_DROP,716.6135,1729.4245,ACTIVITY_DROP: current activity 716.61 is 0.41x the baseline 1729.42.
7058,2013-11-03 04:00:00,ACTIVITY_DROP,648.6625,1729.4245,ACTIVITY_DROP: current activity 648.66 is 0.38x the baseline 1729.42.
7058,2013-11-03 05:00:00,ACTIVITY_DROP,691.9726,1729.4245,ACTIVITY_DROP: current activity 691.97 is 0.40x the baseline 1729.42.
7058,2013-11-03 06:00:00,ACTIVITY_DROP,749.9002,1729.4245,ACTIVITY_DROP: current activity 749.90 is 0.43x the baseline 1729.42.
7058,2013-11-03 07:00:00,ACTIVITY_DROP,815.4481000000001,1729.4245,ACTIVITY_DROP: current activity 815.45 is 0.47x the baseline 1729.42.
7059,2013-11-03 02:00:00,ACTIVITY_DROP,757.9554,1855.5031000000001,ACTIVITY_DROP: current activity 757.96 is 0.41x the baseline 1855.50.
7059,2013-11-03 03:00:00,ACTIVITY_DROP,723.3919000000001,1855.5031000000001,ACTIVITY_DROP: current activity 723.39 is 0.39x the baseline 1855.50.
7059,2013-11-03 04:00:00,ACTIVITY_DROP,665.1124,1855.5031000000001,ACTIVITY_DROP: current activity 665.11 is 0.36x the baseline 1855.50.
7059,2013-11-03 05:00:00,ACTIVITY_DROP,701.808,1855.5031000000001,ACTIVITY_DROP: current activity 701.81 is 0.38x the baseline 1855.50.
7059,2013-11-03 06:00:00,ACTIVITY_DROP,781.2550000000001,1855.5031000000001,ACTIVITY_DROP: current activity 781.26 is 0.42x the baseline 1855.50.
7059,2013-11-03 07:00:00,ACTIVITY_DROP,875.7271999999999,1855.5031000000001,ACTIVITY_DROP: current activity 875.73 is 0.47x the baseline 1855.50.
7060,2013-11-03 02:00:00,ACTIVITY_DROP,693.4782000000001,1589.1825,ACTIVITY_DROP: current activity 693.48 is 0.44x the baseline 1589.18.
7060,2013-11-03 03:00:00,ACTIVITY_DROP,653.9997,1589.1825,ACTIVITY_DROP: current activity 654.00 is 0.41x the baseline 1589.18.
7060,2013-11-03 04:00:00,ACTIVITY_DROP,592.5894999999999,1589.1825,ACTIVITY_DROP: current activity 592.59 is 0.37x the baseline 1589.18.
7060,2013-11-03 05:00:00,ACTIVITY_DROP,652.1096,1589.1825,ACTIVITY_DROP: current activity 652.11 is 0.41x the baseline 1589.18.
7060,2013-11-03 06:00:00,ACTIVITY_DROP,665.7860000000001,1589.1825,ACTIVITY_DROP: current activity 665.79 is 0.42x the baseline 1589.18.
7060,2013-11-03 07:00:00,ACTIVITY_DROP,750.6685,1589.1825,ACTIVITY_DROP: current activity 750.67 is 0.47x the baseline 1589.18.
7061,2013-11-03 06:00:00,ACTIVITY_DROP,648.7065,1380.5033000000003,ACTIVITY_DROP: current activity 648.71 is 0.47x the baseline 1380.50.
7061,2013-11-03 08:00:00,ACTIVITY_SPIKE,1188.9561,1380.5033000000003,ACTIVITY_SPIKE: current activity 1188.96 increased sharply from the previous hour 782.52.
7062,2013-11-03 06:00:00,ACTIVITY_DROP,652.1552,1376.0646,ACTIVITY_DROP: current activity 652.16 is 0.47x the baseline 1376.06.
7062,2013-11-03 08:00:00,ACTIVITY_SPIKE,1211.0205,1376.0646,ACTIVITY_SPIKE: current activity 1211.02 increased sharply from the previous hour 788.27.
7063,2013-11-03 06:00:00,ACTIVITY_DROP,772.757,1561.4589999999998,ACTIVITY_DROP: current activity 772.76 is 0.49x the baseline 1561.46.
7063,2013-11-03 08:00:00,ACTIVITY_SPIKE,1352.5890000000002,1561.4589999999998,ACTIVITY_SPIKE: current activity 1352.59 increased sharply from the previous hour 881.67.
7071,2013-11-03 03:00:00,ACTIVITY_DROP,572.603,1183.3998,ACTIVITY_DROP: current activity 572.60 is 0.48x the baseline 1183.40.
7071,2013-11-03 04:00:00,ACTIVITY_DROP,457.8601,1183.3998,ACTIVITY_DROP: current activity 457.86 is 0.39x the baseline 1183.40.
7071,2013-11-03 05:00:00,ACTIVITY_DROP,477.8359,1183.3998,ACTIVITY_DROP: current activity 477.84 is 0.40x the baseline 1183.40.
7071,2013-11-03 06:00:00,ACTIVITY_DROP,437.73699999999997,1183.3998,ACTIVITY_DROP: current activity 437.74 is 0.37x the baseline 1183.40.
7071,2013-11-03 07:00:00,ACTIVITY_DROP,471.21079999999995,1183.3998,ACTIVITY_DROP: current activity 471.21 is 0.40x the baseline 1183.40.
7071,2013-11-03 20:00:00,HIGH_ACTIVITY,2031.6514000000002,1176.1821,HIGH_ACTIVITY: current activity 2031.65 is 1.73x the baseline 1176.18.
7072,2013-11-03 03:00:00,ACTIVITY_DROP,653.9684,1382.5923,ACTIVITY_DROP: current activity 653.97 is 0.47x the baseline 1382.59.
7072,2013-11-03 04:00:00,ACTIVITY_DROP,545.5495999999999,1382.5923,ACTIVITY_DROP: current activity 545.55 is 0.39x the baseline 1382.59.
7072,2013-11-03 05:00:00,ACTIVITY_DROP,554.8386,1382.5923,ACTIVITY_DROP: current activity 554.84 is 0.40x the baseline 1382.59.
7072,2013-11-03 06:00:00,ACTIVITY_DROP,535.863,1382.5923,ACTIVITY_DROP: current activity 535.86 is 0.39x the baseline 1382.59.
7072,2013-11-03 07:00:00,ACTIVITY_DROP,585.3029,1382.5923,ACTIVITY_DROP: current activity 585.30 is 0.42x the baseline 1382.59.
7073,2013-11-03 03:00:00,ACTIVITY_DROP,468.0263,1091.2385,ACTIVITY_DROP: current activity 468.03 is 0.43x the baseline 1091.24.
7073,2013-11-03 04:00:00,ACTIVITY_DROP,419.2843,1091.2385,ACTIVITY_DROP: current activity 419.28 is 0.38x the baseline 1091.24.
7073,2013-11-03 05:00:00,ACTIVITY_DROP,413.95559999999995,1091.2385,ACTIVITY_DROP: current activity 413.96 is 0.38x the baseline 1091.24.
7073,2013-11-03 06:00:00,ACTIVITY_DROP,471.80229999999995,1091.2385,ACTIVITY_DROP: current activity 471.80 is 0.43x the baseline 1091.24.
7073,2013-11-03 07:00:00,ACTIVITY_DROP,514.0724,1091.2385,ACTIVITY_DROP: current activity 514.07 is 0.47x the baseline 1091.24.
7075,2013-11-03 04:00:00,ACTIVITY_DROP,559.082,1125.04,ACTIVITY_DROP: current activity 559.08 is 0.50x the baseline 1125.04.
7076,2013-11-03 05:00:00,ACTIVITY_DROP,923.0463,1893.5126999999998,ACTIVITY_DROP: current activity 923.05 is 0.49x the baseline 1893.51.
7076,2013-11-03 06:00:00,ACTIVITY_DROP,936.3267,1893.5126999999998,ACTIVITY_DROP: current activity 936.33 is 0.49x the baseline 1893.51.
7077,2013-11-03 04:00:00,ACTIVITY_DROP,1006.7660999999999,2269.8858999999998,ACTIVITY_DROP: current activity 1006.77 is 0.44x the baseline 2269.89.
7077,2013-11-03 05:00:00,ACTIVITY_DROP,1059.7049,2269.8858999999998,ACTIVITY_DROP: current activity 1059.70 is 0.47x the baseline 2269.89.
7077,2013-11-03 06:00:00,ACTIVITY_DROP,1028.2435,2269.8858999999998,ACTIVITY_DROP: current activity 1028.24 is 0.45x the baseline 2269.89.
7077,2013-11-03 12:00:00,HIGH_ACTIVITY,3611.5638000000004,2209.7636,HIGH_ACTIVITY: current activity 3611.56 is 1.63x the baseline 2209.76.
7078,2013-11-03 03:00:00,ACTIVITY_DROP,893.4571000000001,1801.2684,ACTIVITY_DROP: current activity 893.46 is 0.50x the baseline 1801.27.
7078,2013-11-03 04:00:00,ACTIVITY_DROP,779.2402,1801.2684,ACTIVITY_DROP: current activity 779.24 is 0.43x the baseline 1801.27.
7078,2013-11-03 05:00:00,ACTIVITY_DROP,830.9439000000001,1801.2684,ACTIVITY_DROP: current activity 830.94 is 0.46x the baseline 1801.27.
7078,2013-11-03 06:00:00,ACTIVITY_DROP,824.6011000000001,1801.2684,ACTIVITY_DROP: current activity 824.60 is 0.46x the baseline 1801.27.
7078,2013-11-03 12:00:00,HIGH_ACTIVITY,2800.7808999999997,1726.0997,HIGH_ACTIVITY: current activity 2800.78 is 1.62x the baseline 1726.10.
7079,2013-11-03 03:00:00,ACTIVITY_DROP,482.32189999999997,966.6256,ACTIVITY_DROP: current activity 482.32 is 0.50x the baseline 966.63.
7079,2013-11-03 04:00:00,ACTIVITY_DROP,456.4958,966.6256,ACTIVITY_DROP: current activity 456.50 is 0.47x the baseline 966.63.
7079,2013-11-03 05:00:00,ACTIVITY_DROP,443.28380000000004,966.6256,ACTIVITY_DROP: current activity 443.28 is 0.46x the baseline 966.63.
7155,2013-11-03 03:00:00,ACTIVITY_DROP,564.3765,1195.3578,ACTIVITY_DROP: current activity 564.38 is 0.47x the baseline 1195.36.
7155,2013-11-03 04:00:00,ACTIVITY_DROP,515.0319000000001,1195.3578,ACTIVITY_DROP: current activity 515.03 is 0.43x the baseline 1195.36.
7155,2013-11-03 05:00:00,ACTIVITY_DROP,510.07120000000003,1195.3578,ACTIVITY_DROP: current activity 510.07 is 0.43x the baseline 1195.36.
7155,2013-11-03 06:00:00,ACTIVITY_DROP,511.7794,1195.3578,ACTIVITY_DROP: current activity 511.78 is 0.43x the baseline 1195.36.
7155,2013-11-03 07:00:00,ACTIVITY_DROP,574.9784,1195.3578,ACTIVITY_DROP: current activity 574.98 is 0.48x the baseline 1195.36.
7156,2013-11-03 03:00:00,ACTIVITY_DROP,589.5264999999999,1229.3736999999999,ACTIVITY_DROP: current activity 589.53 is 0.48x the baseline 1229.37.
7156,2013-11-03 04:00:00,ACTIVITY_DROP,491.00440000000003,1229.3736999999999,ACTIVITY_DROP: current activity 491.00 is 0.40x the baseline 1229.37.
7156,2013-11-03 05:00:00,ACTIVITY_DROP,485.17650000000003,1229.3736999999999,ACTIVITY_DROP: current activity 485.18 is 0.39x the baseline 1229.37.
7156,2013-11-03 06:00:00,ACTIVITY_DROP,504.4023,1229.3736999999999,ACTIVITY_DROP: current activity 504.40 is 0.41x the baseline 1229.37.
7156,2013-11-03 07:00:00,ACTIVITY_DROP,544.2814000000001,1229.3736999999999,ACTIVITY_DROP: current activity 544.28 is 0.44x the baseline 1229.37.
7157,2013-11-03 04:00:00,ACTIVITY_DROP,557.4312000000001,1397.9599999999998,ACTIVITY_DROP: current activity 557.43 is 0.40x the baseline 1397.96.
7157,2013-11-03 05:00:00,ACTIVITY_DROP,543.2257,1397.9599999999998,ACTIVITY_DROP: current activity 543.23 is 0.39x the baseline 1397.96.
7157,2013-11-03 06:00:00,ACTIVITY_DROP,592.1823999999999,1397.9599999999998,ACTIVITY_DROP: current activity 592.18 is 0.42x the baseline 1397.96.
7157,2013-11-03 07:00:00,ACTIVITY_DROP,619.7847,1397.9599999999998,ACTIVITY_DROP: current activity 619.78 is 0.44x the baseline 1397.96.
7157,2013-11-03 17:00:00,HIGH_ACTIVITY,2006.1406,1277.7225,HIGH_ACTIVITY: current activity 2006.14 is 1.57x the baseline 1277.72.
7157,2013-11-03 18:00:00,HIGH_ACTIVITY,1947.6628,1277.7225,HIGH_ACTIVITY: current activity 1947.66 is 1.52x the baseline 1277.72.
7157,2013-11-03 23:00:00,HIGH_ACTIVITY,2058.0636,1277.7225,HIGH_ACTIVITY: current activity 2058.06 is 1.61x the baseline 1277.72.
7158,2013-11-03 02:00:00,ACTIVITY_DROP,623.8251,1311.3650999999998,ACTIVITY_DROP: current activity 623.83 is 0.48x the baseline 1311.37.
7158,2013-11-03 03:00:00,ACTIVITY_DROP,561.2221000000001,1311.3650999999998,ACTIVITY_DROP: current activity 561.22 is 0.43x the baseline 1311.37.
7158,2013-11-03 04:00:00,ACTIVITY_DROP,478.62330000000003,1311.3650999999998,ACTIVITY_DROP: current activity 478.62 is 0.36x the baseline 1311.37.
7158,2013-11-03 05:00:00,ACTIVITY_DROP,507.1261,1311.3650999999998,ACTIVITY_DROP: current activity 507.13 is 0.39x the baseline 1311.37.
7158,2013-11-03 06:00:00,ACTIVITY_DROP,542.7873000000001,1311.3650999999998,ACTIVITY_DROP: current activity 542.79 is 0.41x the baseline 1311.37.
7158,2013-11-03 07:00:00,ACTIVITY_DROP,594.6749,1311.3650999999998,ACTIVITY_DROP: current activity 594.67 is 0.45x the baseline 1311.37.
7158,2013-11-03 08:00:00,ACTIVITY_DROP,649.5966,1311.3650999999998,ACTIVITY_DROP: current activity 649.60 is 0.50x the baseline 1311.37.
7158,2013-11-03 17:00:00,HIGH_ACTIVITY,1741.8556999999998,1142.8117,HIGH_ACTIVITY: current activity 1741.86 is 1.52x the baseline 1142.81.
7158,2013-11-03 18:00:00,HIGH_ACTIVITY,1764.4598999999998,1142.8117,HIGH_ACTIVITY: current activity 1764.46 is 1.54x the baseline 1142.81.
7159,2013-11-03 02:00:00,ACTIVITY_DROP,565.7484999999999,1298.1282999999999,ACTIVITY_DROP: current activity 565.75 is 0.44x the baseline 1298.13.
7159,2013-11-03 03:00:00,ACTIVITY_DROP,500.8602,1298.1282999999999,ACTIVITY_DROP: current activity 500.86 is 0.39x the baseline 1298.13.
7159,2013-11-03 04:00:00,ACTIVITY_DROP,473.40670000000006,1298.1282999999999,ACTIVITY_DROP: current activity 473.41 is 0.36x the baseline 1298.13.
7159,2013-11-03 05:00:00,ACTIVITY_DROP,577.8288,1298.1282999999999,ACTIVITY_DROP: current activity 577.83 is 0.45x the baseline 1298.13.
7159,2013-11-03 06:00:00,ACTIVITY_DROP,566.0696,1298.1282999999999,ACTIVITY_DROP: current activity 566.07 is 0.44x the baseline 1298.13.
7159,2013-11-03 18:00:00,HIGH_ACTIVITY,1987.1234,1255.1302999999998,HIGH_ACTIVITY: current activity 1987.12 is 1.58x the baseline 1255.13.
7160,2013-11-03 02:00:00,ACTIVITY_DROP,487.22329999999994,996.7091,ACTIVITY_DROP: current activity 487.22 is 0.49x the baseline 996.71.
7160,2013-11-03 03:00:00,ACTIVITY_DROP,417.07259999999997,996.7091,ACTIVITY_DROP: current activity 417.07 is 0.42x the baseline 996.71.
7160,2013-11-03 04:00:00,ACTIVITY_DROP,402.5847,996.7091,ACTIVITY_DROP: current activity 402.58 is 0.40x the baseline 996.71.
7160,2013-11-03 05:00:00,ACTIVITY_DROP,458.5297,996.7091,ACTIVITY_DROP: current activity 458.53 is 0.46x the baseline 996.71.
7160,2013-11-03 06:00:00,ACTIVITY_DROP,467.7458,996.7091,ACTIVITY_DROP: current activity 467.75 is 0.47x the baseline 996.71.
7160,2013-11-03 09:00:00,ACTIVITY_SPIKE,820.1501000000001,996.7091,ACTIVITY_SPIKE: current activity 820.15 increased sharply from the previous hour 538.15.
7161,2013-11-03 03:00:00,ACTIVITY_DROP,445.36580000000004,976.7717999999999,ACTIVITY_DROP: current activity 445.37 is 0.46x the baseline 976.77.
7161,2013-11-03 04:00:00,ACTIVITY_DROP,417.0494,976.7717999999999,ACTIVITY_DROP: current activity 417.05 is 0.43x the baseline 976.77.
7161,2013-11-03 05:00:00,ACTIVITY_DROP,416.9869,976.7717999999999,ACTIVITY_DROP: current activity 416.99 is 0.43x the baseline 976.77.
7161,2013-11-03 06:00:00,ACTIVITY_DROP,388.3384,976.7717999999999,ACTIVITY_DROP: current activity 388.34 is 0.40x the baseline 976.77.
7161,2013-11-03 07:00:00,ACTIVITY_DROP,463.47659999999996,976.7717999999999,ACTIVITY_DROP: current activity 463.48 is 0.47x the baseline 976.77.
7162,2013-11-03 03:00:00,ACTIVITY_DROP,495.7587,1044.6545999999998,ACTIVITY_DROP: current activity 495.76 is 0.47x the baseline 1044.65.
7162,2013-11-03 04:00:00,ACTIVITY_DROP,472.4665,1044.6545999999998,ACTIVITY_DROP: current activity 472.47 is 0.45x the baseline 1044.65.
7162,2013-11-03 05:00:00,ACTIVITY_DROP,460.5639,1044.6545999999998,ACTIVITY_DROP: current activity 460.56 is 0.44x the baseline 1044.65.
7162,2013-11-03 06:00:00,ACTIVITY_DROP,424.4327,1044.6545999999998,ACTIVITY_DROP: current activity 424.43 is 0.41x the baseline 1044.65.
7162,2013-11-03 07:00:00,ACTIVITY_DROP,508.6613,1044.6545999999998,ACTIVITY_DROP: current activity 508.66 is 0.49x the baseline 1044.65.
7163,2013-11-03 03:00:00,ACTIVITY_DROP,1311.1955999999998,2871.7371,ACTIVITY_DROP: current activity 1311.20 is 0.46x the baseline 2871.74.
7163,2013-11-03 04:00:00,ACTIVITY_DROP,1047.3800999999999,2871.7371,ACTIVITY_DROP: current activity 1047.38 is 0.36x the baseline 2871.74.
7163,2013-11-03 05:00:00,ACTIVITY_DROP,987.9587,2871.7371,ACTIVITY_DROP: current activity 987.96 is 0.34x the baseline 2871.74.
7163,2013-11-03 06:00:00,ACTIVITY_DROP,1054.2099,2871.7371,ACTIVITY_DROP: current activity 1054.21 is 0.37x the baseline 2871.74.
7163,2013-11-03 07:00:00,ACTIVITY_DROP,1209.5045,2871.7371,ACTIVITY_DROP: current activity 1209.50 is 0.42x the baseline 2871.74.
7164,2013-11-03 03:00:00,ACTIVITY_DROP,1599.2133999999999,3354.9659,ACTIVITY_DROP: current activity 1599.21 is 0.48x the baseline 3354.97.
7164,2013-11-03 04:00:00,ACTIVITY_DROP,1253.565,3354.9659,ACTIVITY_DROP: current activity 1253.57 is 0.37x the baseline 3354.97.
7164,2013-11-03 05:00:00,ACTIVITY_DROP,1184.4071,3354.9659,ACTIVITY_DROP: current activity 1184.41 is 0.35x the baseline 3354.97.
7164,2013-11-03 06:00:00,ACTIVITY_DROP,1282.1282999999999,3354.9659,ACTIVITY_DROP: current activity 1282.13 is 0.38x the baseline 3354.97.
7164,2013-11-03 07:00:00,ACTIVITY_DROP,1428.5596,3354.9659,ACTIVITY_DROP: current activity 1428.56 is 0.43x the baseline 3354.97.
7173,2013-11-03 03:00:00,ACTIVITY_DROP,458.4148,1046.1991,ACTIVITY_DROP: current activity 458.41 is 0.44x the baseline 1046.20.
7173,2013-11-03 04:00:00,ACTIVITY_DROP,403.9455,1046.1991,ACTIVITY_DROP: current activity 403.95 is 0.39x the baseline 1046.20.
7173,2013-11-03 05:00:00,ACTIVITY_DROP,391.92990000000003,1046.1991,ACTIVITY_DROP: current activity 391.93 is 0.37x the baseline 1046.20.
7173,2013-11-03 06:00:00,ACTIVITY_DROP,466.5445,1046.1991,ACTIVITY_DROP: current activity 466.54 is 0.45x the baseline 1046.20.
7174,2013-11-03 04:00:00,ACTIVITY_DROP,502.978,1028.8516,ACTIVITY_DROP: current activity 502.98 is 0.49x the baseline 1028.85.
7174,2013-11-03 05:00:00,ACTIVITY_SPIKE,831.4995,1028.8516,ACTIVITY_SPIKE: current activity 831.50 increased sharply from the previous hour 502.98.
7175,2013-11-03 05:00:00,ACTIVITY_SPIKE,1127.192,1244.327,ACTIVITY_SPIKE: current activity 1127.19 increased sharply from the previous hour 694.94.
7175,2013-11-03 20:00:00,HIGH_ACTIVITY,1903.4732000000001,1177.0674,HIGH_ACTIVITY: current activity 1903.47 is 1.62x the baseline 1177.07.
7177,2013-11-03 05:00:00,ACTIVITY_DROP,774.1614,1600.1228999999998,ACTIVITY_DROP: current activity 774.16 is 0.48x the baseline 1600.12.
7177,2013-11-03 06:00:00,ACTIVITY_DROP,766.5548,1600.1228999999998,ACTIVITY_DROP: current activity 766.55 is 0.48x the baseline 1600.12.
7178,2013-11-03 03:00:00,ACTIVITY_DROP,538.3713,1127.3063,ACTIVITY_DROP: current activity 538.37 is 0.48x the baseline 1127.31.
7178,2013-11-03 04:00:00,ACTIVITY_DROP,465.18000000000006,1127.3063,ACTIVITY_DROP: current activity 465.18 is 0.41x the baseline 1127.31.
7178,2013-11-03 05:00:00,ACTIVITY_DROP,499.42479999999995,1127.3063,ACTIVITY_DROP: current activity 499.42 is 0.44x the baseline 1127.31.
7178,2013-11-03 06:00:00,ACTIVITY_DROP,462.10760000000005,1127.3063,ACTIVITY_DROP: current activity 462.11 is 0.41x the baseline 1127.31.
7178,2013-11-03 07:00:00,ACTIVITY_DROP,517.7156,1127.3063,ACTIVITY_DROP: current activity 517.72 is 0.46x the baseline 1127.31.
7179,2013-11-03 03:00:00,ACTIVITY_DROP,463.5275,1051.3456999999999,ACTIVITY_DROP: current activity 463.53 is 0.44x the baseline 1051.35.
7179,2013-11-03 04:00:00,ACTIVITY_DROP,430.8894,1051.3456999999999,ACTIVITY_DROP: current activity 430.89 is 0.41x the baseline 1051.35.
7179,2013-11-03 05:00:00,ACTIVITY_DROP,428.3106000000001,1051.3456999999999,ACTIVITY_DROP: current activity 428.31 is 0.41x the baseline 1051.35.
7179,2013-11-03 06:00:00,ACTIVITY_DROP,479.4332,1051.3456999999999,ACTIVITY_DROP: current activity 479.43 is 0.46x the baseline 1051.35.
7179,2013-11-03 07:00:00,ACTIVITY_DROP,504.8547,1051.3456999999999,ACTIVITY_DROP: current activity 504.85 is 0.48x the baseline 1051.35.
7180,2013-11-03 02:00:00,ACTIVITY_DROP,592.8764,1248.8139000000003,ACTIVITY_DROP: current activity 592.88 is 0.47x the baseline 1248.81.
7180,2013-11-03 03:00:00,ACTIVITY_DROP,531.2463999999999,1248.8139000000003,ACTIVITY_DROP: current activity 531.25 is 0.43x the baseline 1248.81.
7180,2013-11-03 04:00:00,ACTIVITY_DROP,513.2028,1248.8139000000003,ACTIVITY_DROP: current activity 513.20 is 0.41x the baseline 1248.81.
7180,2013-11-03 05:00:00,ACTIVITY_DROP,490.96320000000003,1248.8139000000003,ACTIVITY_DROP: current activity 490.96 is 0.39x the baseline 1248.81.
7240,2013-11-03 02:00:00,ACTIVITY_DROP,511.78020000000004,1267.8962999999999,ACTIVITY_DROP: current activity 511.78 is 0.40x the baseline 1267.90.
7240,2013-11-03 03:00:00,ACTIVITY_DROP,399.5326,1267.8962999999999,ACTIVITY_DROP: current activity 399.53 is 0.32x the baseline 1267.90.
7240,2013-11-03 04:00:00,ACTIVITY_DROP,418.2527,1267.8962999999999,ACTIVITY_DROP: current activity 418.25 is 0.33x the baseline 1267.90.
7240,2013-11-03 05:00:00,ACTIVITY_DROP,375.06450000000007,1267.8962999999999,ACTIVITY_DROP: current activity 375.06 is 0.30x the baseline 1267.90.
7240,2013-11-03 06:00:00,ACTIVITY_DROP,503.98049999999995,1267.8962999999999,ACTIVITY_DROP: current activity 503.98 is 0.40x the baseline 1267.90.
7240,2013-11-03 07:00:00,ACTIVITY_DROP,610.9438,1267.8962999999999,ACTIVITY_DROP: current activity 610.94 is 0.48x the baseline 1267.90.
7240,2013-11-03 19:00:00,HIGH_ACTIVITY,1969.0983999999999,1250.7381,HIGH_ACTIVITY: current activity 1969.10 is 1.57x the baseline 1250.74.
7254,2013-11-03 03:00:00,ACTIVITY_DROP,496.33219999999994,1076.6573999999998,ACTIVITY_DROP: current activity 496.33 is 0.46x the baseline 1076.66.
7254,2013-11-03 04:00:00,ACTIVITY_DROP,439.4558,1076.6573999999998,ACTIVITY_DROP: current activity 439.46 is 0.41x the baseline 1076.66.
7254,2013-11-03 05:00:00,ACTIVITY_DROP,432.0461,1076.6573999999998,ACTIVITY_DROP: current activity 432.05 is 0.40x the baseline 1076.66.
7254,2013-11-03 06:00:00,ACTIVITY_DROP,426.9433,1076.6573999999998,ACTIVITY_DROP: current activity 426.94 is 0.40x the baseline 1076.66.
7254,2013-11-03 07:00:00,ACTIVITY_DROP,470.9747,1076.6573999999998,ACTIVITY_DROP: current activity 470.97 is 0.44x the baseline 1076.66.
7254,2013-11-03 21:00:00,HIGH_ACTIVITY,1505.8666,972.5986,HIGH_ACTIVITY: current activity 1505.87 is 1.55x the baseline 972.60.
7254,2013-11-03 22:00:00,HIGH_ACTIVITY,1543.7816,972.5986,HIGH_ACTIVITY: current activity 1543.78 is 1.59x the baseline 972.60.
7255,2013-11-03 03:00:00,ACTIVITY_DROP,748.7071,1533.6450000000002,ACTIVITY_DROP: current activity 748.71 is 0.49x the baseline 1533.65.
7255,2013-11-03 04:00:00,ACTIVITY_DROP,659.9154,1533.6450000000002,ACTIVITY_DROP: current activity 659.92 is 0.43x the baseline 1533.65.
7255,2013-11-03 05:00:00,ACTIVITY_DROP,668.5994999999999,1533.6450000000002,ACTIVITY_DROP: current activity 668.60 is 0.44x the baseline 1533.65.
7255,2013-11-03 06:00:00,ACTIVITY_DROP,648.5640000000001,1533.6450000000002,ACTIVITY_DROP: current activity 648.56 is 0.42x the baseline 1533.65.
7255,2013-11-03 07:00:00,ACTIVITY_DROP,730.7593,1533.6450000000002,ACTIVITY_DROP: current activity 730.76 is 0.48x the baseline 1533.65.
7257,2013-11-03 04:00:00,ACTIVITY_DROP,497.7351,1284.6303000000003,ACTIVITY_DROP: current activity 497.74 is 0.39x the baseline 1284.63.
7257,2013-11-03 05:00:00,ACTIVITY_DROP,488.558,1284.6303000000003,ACTIVITY_DROP: current activity 488.56 is 0.38x the baseline 1284.63.
7257,2013-11-03 06:00:00,ACTIVITY_DROP,526.0303,1284.6303000000003,ACTIVITY_DROP: current activity 526.03 is 0.41x the baseline 1284.63.
7257,2013-11-03 07:00:00,ACTIVITY_DROP,551.3738999999999,1284.6303000000003,ACTIVITY_DROP: current activity 551.37 is 0.43x the baseline 1284.63.
7257,2013-11-03 08:00:00,ACTIVITY_DROP,639.8886,1284.6303000000003,ACTIVITY_DROP: current activity 639.89 is 0.50x the baseline 1284.63.
7257,2013-11-03 15:00:00,HIGH_ACTIVITY,1677.7105,1105.0355000000002,HIGH_ACTIVITY: current activity 1677.71 is 1.52x the baseline 1105.04.
7257,2013-11-03 17:00:00,HIGH_ACTIVITY,1758.3876,1105.0355000000002,HIGH_ACTIVITY: current activity 1758.39 is 1.59x the baseline 1105.04.
7257,2013-11-03 18:00:00,HIGH_ACTIVITY,1708.302,1105.0355000000002,HIGH_ACTIVITY: current activity 1708.30 is 1.55x the baseline 1105.04.
7257,2013-11-03 23:00:00,HIGH_ACTIVITY,1766.5231999999999,1105.0355000000002,HIGH_ACTIVITY: current activity 1766.52 is 1.60x the baseline 1105.04.
7263,2013-11-03 02:00:00,ACTIVITY_DROP,766.1256999999999,1578.8923999999997,ACTIVITY_DROP: current activity 766.13 is 0.49x the baseline 1578.89.
7263,2013-11-03 03:00:00,ACTIVITY_DROP,671.9967,1578.8923999999997,ACTIVITY_DROP: current activity 672.00 is 0.43x the baseline 1578.89.
7263,2013-11-03 04:00:00,ACTIVITY_DROP,538.0801,1578.8923999999997,ACTIVITY_DROP: current activity 538.08 is 0.34x the baseline 1578.89.
7263,2013-11-03 05:00:00,ACTIVITY_DROP,499.5641,1578.8923999999997,ACTIVITY_DROP: current activity 499.56 is 0.32x the baseline 1578.89.
7263,2013-11-03 06:00:00,ACTIVITY_DROP,547.9497,1578.8923999999997,ACTIVITY_DROP: current activity 547.95 is 0.35x the baseline 1578.89.
7263,2013-11-03 07:00:00,ACTIVITY_DROP,624.2452000000001,1578.8923999999997,ACTIVITY_DROP: current activity 624.25 is 0.40x the baseline 1578.89.
7264,2013-11-03 03:00:00,ACTIVITY_DROP,740.0112,1655.2104000000002,ACTIVITY_DROP: current activity 740.01 is 0.45x the baseline 1655.21.
7264,2013-11-03 04:00:00,ACTIVITY_DROP,594.1717,1655.2104000000002,ACTIVITY_DROP: current activity 594.17 is 0.36x the baseline 1655.21.
7264,2013-11-03 05:00:00,ACTIVITY_DROP,534.3689,1655.2104000000002,ACTIVITY_DROP: current activity 534.37 is 0.32x the baseline 1655.21.
7264,2013-11-03 06:00:00,ACTIVITY_DROP,603.7625,1655.2104000000002,ACTIVITY_DROP: current activity 603.76 is 0.36x the baseline 1655.21.
7264,2013-11-03 07:00:00,ACTIVITY_DROP,680.524,1655.2104000000002,ACTIVITY_DROP: current activity 680.52 is 0.41x the baseline 1655.21.
7264,2013-11-03 09:00:00,ACTIVITY_SPIKE,1411.2757,1655.2104000000002,ACTIVITY_SPIKE: current activity 1411.28 increased sharply from the previous hour 926.33.
7271,2013-11-03 04:00:00,ACTIVITY_DROP,825.3004999999999,1796.1639,ACTIVITY_DROP: current activity 825.30 is 0.46x the baseline 1796.16.
7271,2013-11-03 05:00:00,ACTIVITY_DROP,768.661,1796.1639,ACTIVITY_DROP: current activity 768.66 is 0.43x the baseline 1796.16.
7271,2013-11-03 06:00:00,ACTIVITY_DROP,827.7911,1796.1639,ACTIVITY_DROP: current activity 827.79 is 0.46x the baseline 1796.16.
7271,2013-11-03 07:00:00,ACTIVITY_DROP,857.5583,1796.1639,ACTIVITY_DROP: current activity 857.56 is 0.48x the baseline 1796.16.
7272,2013-11-03 04:00:00,ACTIVITY_DROP,625.8938999999999,1381.3741000000002,ACTIVITY_DROP: current activity 625.89 is 0.45x the baseline 1381.37.
7272,2013-11-03 05:00:00,ACTIVITY_DROP,611.4242,1381.3741000000002,ACTIVITY_DROP: current activity 611.42 is 0.44x the baseline 1381.37.
7272,2013-11-03 06:00:00,ACTIVITY_DROP,622.401,1381.3741000000002,ACTIVITY_DROP: current activity 622.40 is 0.45x the baseline 1381.37.
7272,2013-11-03 07:00:00,ACTIVITY_DROP,658.3397,1381.3741000000002,ACTIVITY_DROP: current activity 658.34 is 0.48x the baseline 1381.37.
7278,2013-11-03 04:00:00,ACTIVITY_DROP,377.5169,948.7089000000001,ACTIVITY_DROP: current activity 377.52 is 0.40x the baseline 948.71.
7278,2013-11-03 05:00:00,ACTIVITY_DROP,360.53909999999996,948.7089000000001,ACTIVITY_DROP: current activity 360.54 is 0.38x the baseline 948.71.
7278,2013-11-03 06:00:00,ACTIVITY_DROP,381.1761,948.7089000000001,ACTIVITY_DROP: current activity 381.18 is 0.40x the baseline 948.71.
7278,2013-11-03 07:00:00,ACTIVITY_DROP,393.29740000000004,948.7089000000001,ACTIVITY_DROP: current activity 393.30 is 0.41x the baseline 948.71.
7278,2013-11-03 08:00:00,ACTIVITY_DROP,473.0312,948.7089000000001,ACTIVITY_DROP: current activity 473.03 is 0.50x the baseline 948.71.
7279,2013-11-03 02:00:00,ACTIVITY_DROP,533.8809,1303.988,ACTIVITY_DROP: current activity 533.88 is 0.41x the baseline 1303.99.
7279,2013-11-03 03:00:00,ACTIVITY_DROP,459.678,1303.988,ACTIVITY_DROP: current activity 459.68 is 0.35x the baseline 1303.99.
7279,2013-11-03 04:00:00,ACTIVITY_DROP,453.06320000000005,1303.988,ACTIVITY_DROP: current activity 453.06 is 0.35x the baseline 1303.99.
7279,2013-11-03 05:00:00,ACTIVITY_DROP,425.4461,1303.988,ACTIVITY_DROP: current activity 425.45 is 0.33x the baseline 1303.99.
7279,2013-11-03 06:00:00,ACTIVITY_DROP,630.0048,1303.988,ACTIVITY_DROP: current activity 630.00 is 0.48x the baseline 1303.99.
7279,2013-11-03 07:00:00,ACTIVITY_DROP,587.4262,1303.988,ACTIVITY_DROP: current activity 587.43 is 0.45x the baseline 1303.99.
7279,2013-11-03 08:00:00,ACTIVITY_DROP,567.0139,1303.988,ACTIVITY_DROP: current activity 567.01 is 0.43x the baseline 1303.99.
7280,2013-11-03 02:00:00,ACTIVITY_DROP,422.0833,1025.1486,ACTIVITY_DROP: current activity 422.08 is 0.41x the baseline 1025.15.
7280,2013-11-03 03:00:00,ACTIVITY_DROP,370.8508,1025.1486,ACTIVITY_DROP: current activity 370.85 is 0.36x the baseline 1025.15.
7280,2013-11-03 04:00:00,ACTIVITY_DROP,364.2188,1025.1486,ACTIVITY_DROP: current activity 364.22 is 0.36x the baseline 1025.15.
7280,2013-11-03 05:00:00,ACTIVITY_DROP,357.3834,1025.1486,ACTIVITY_DROP: current activity 357.38 is 0.35x the baseline 1025.15.
7280,2013-11-03 06:00:00,ACTIVITY_DROP,487.1887,1025.1486,ACTIVITY_DROP: current activity 487.19 is 0.48x the baseline 1025.15.
7280,2013-11-03 07:00:00,ACTIVITY_DROP,463.1328,1025.1486,ACTIVITY_DROP: current activity 463.13 is 0.45x the baseline 1025.15.
7280,2013-11-03 08:00:00,ACTIVITY_DROP,465.39110000000005,1025.1486,ACTIVITY_DROP: current activity 465.39 is 0.45x the baseline 1025.15.
7340,2013-11-03 02:00:00,ACTIVITY_DROP,403.48859999999996,944.2122,ACTIVITY_DROP: current activity 403.49 is 0.43x the baseline 944.21.
7340,2013-11-03 03:00:00,ACTIVITY_DROP,330.7098,944.2122,ACTIVITY_DROP: current activity 330.71 is 0.35x the baseline 944.21.
7340,2013-11-03 04:00:00,ACTIVITY_DROP,330.51559999999995,944.2122,ACTIVITY_DROP: current activity 330.52 is 0.35x the baseline 944.21.
7340,2013-11-03 05:00:00,ACTIVITY_DROP,298.17179999999996,944.2122,ACTIVITY_DROP: current activity 298.17 is 0.32x the baseline 944.21.
7340,2013-11-03 06:00:00,ACTIVITY_DROP,376.46419999999995,944.2122,ACTIVITY_DROP: current activity 376.46 is 0.40x the baseline 944.21.
7340,2013-11-03 07:00:00,ACTIVITY_DROP,458.8211,944.2122,ACTIVITY_DROP: current activity 458.82 is 0.49x the baseline 944.21.
7343,2013-11-03 03:00:00,ACTIVITY_DROP,439.62719999999996,997.0915,ACTIVITY_DROP: current activity 439.63 is 0.44x the baseline 997.09.
7343,2013-11-03 04:00:00,ACTIVITY_DROP,355.2637,997.0915,ACTIVITY_DROP: current activity 355.26 is 0.36x the baseline 997.09.
7343,2013-11-03 05:00:00,ACTIVITY_DROP,335.5675,997.0915,ACTIVITY_DROP: current activity 335.57 is 0.34x the baseline 997.09.
7343,2013-11-03 06:00:00,ACTIVITY_DROP,336.0258,997.0915,ACTIVITY_DROP: current activity 336.03 is 0.34x the baseline 997.09.
7343,2013-11-03 07:00:00,ACTIVITY_DROP,400.95439999999996,997.0915,ACTIVITY_DROP: current activity 400.95 is 0.40x the baseline 997.09.
7343,2013-11-03 08:00:00,ACTIVITY_SPIKE,607.6959,997.0915,ACTIVITY_SPIKE: current activity 607.70 increased sharply from the previous hour 400.95.
7344,2013-11-03 03:00:00,ACTIVITY_DROP,391.85339999999997,936.1405,ACTIVITY_DROP: current activity 391.85 is 0.42x the baseline 936.14.
7344,2013-11-03 04:00:00,ACTIVITY_DROP,322.2233,936.1405,ACTIVITY_DROP: current activity 322.22 is 0.34x the baseline 936.14.
7344,2013-11-03 05:00:00,ACTIVITY_DROP,303.9586,936.1405,ACTIVITY_DROP: current activity 303.96 is 0.32x the baseline 936.14.
7344,2013-11-03 06:00:00,ACTIVITY_DROP,301.0219,936.1405,ACTIVITY_DROP: current activity 301.02 is 0.32x the baseline 936.14.
7344,2013-11-03 07:00:00,ACTIVITY_DROP,351.912,936.1405,ACTIVITY_DROP: current activity 351.91 is 0.38x the baseline 936.14.
7344,2013-11-03 08:00:00,ACTIVITY_SPIKE,546.0645,936.1405,ACTIVITY_SPIKE: current activity 546.06 increased sharply from the previous hour 351.91.
7354,2013-11-03 03:00:00,ACTIVITY_DROP,541.4732,1119.4152,ACTIVITY_DROP: current activity 541.47 is 0.48x the baseline 1119.42.
7354,2013-11-03 04:00:00,ACTIVITY_DROP,476.75509999999997,1119.4152,ACTIVITY_DROP: current activity 476.76 is 0.43x the baseline 1119.42.
7354,2013-11-03 05:00:00,ACTIVITY_DROP,455.57290000000006,1119.4152,ACTIVITY_DROP: current activity 455.57 is 0.41x the baseline 1119.42.
7354,2013-11-03 06:00:00,ACTIVITY_DROP,457.59110000000004,1119.4152,ACTIVITY_DROP: current activity 457.59 is 0.41x the baseline 1119.42.
7354,2013-11-03 07:00:00,ACTIVITY_DROP,476.33320000000003,1119.4152,ACTIVITY_DROP: current activity 476.33 is 0.43x the baseline 1119.42.
7355,2013-11-03 03:00:00,ACTIVITY_DROP,595.3055,1255.4508,ACTIVITY_DROP: current activity 595.31 is 0.47x the baseline 1255.45.
7355,2013-11-03 04:00:00,ACTIVITY_DROP,484.3325,1255.4508,ACTIVITY_DROP: current activity 484.33 is 0.39x the baseline 1255.45.
7355,2013-11-03 05:00:00,ACTIVITY_DROP,476.62,1255.4508,ACTIVITY_DROP: current activity 476.62 is 0.38x the baseline 1255.45.
7355,2013-11-03 06:00:00,ACTIVITY_DROP,450.7492,1255.4508,ACTIVITY_DROP: current activity 450.75 is 0.36x the baseline 1255.45.
7355,2013-11-03 07:00:00,ACTIVITY_DROP,488.71659999999997,1255.4508,ACTIVITY_DROP: current activity 488.72 is 0.39x the baseline 1255.45.
7355,2013-11-03 09:00:00,ACTIVITY_SPIKE,1074.8952,1255.4508,ACTIVITY_SPIKE: current activity 1074.90 increased sharply from the previous hour 657.58.
7355,2013-11-03 12:00:00,HIGH_ACTIVITY,1763.5847000000003,1141.9122,HIGH_ACTIVITY: current activity 1763.58 is 1.54x the baseline 1141.91.
7355,2013-11-03 13:00:00,HIGH_ACTIVITY,1788.8155,1141.9122,HIGH_ACTIVITY: current activity 1788.82 is 1.57x the baseline 1141.91.
7366,2013-11-03 05:00:00,ACTIVITY_DROP,373.9997,942.3837000000001,ACTIVITY_DROP: current activity 374.00 is 0.40x the baseline 942.38.
7366,2013-11-03 06:00:00,ACTIVITY_DROP,414.0653,942.3837000000001,ACTIVITY_DROP: current activity 414.07 is 0.44x the baseline 942.38.
7366,2013-11-03 07:00:00,ACTIVITY_DROP,431.8633,942.3837000000001,ACTIVITY_DROP: current activity 431.86 is 0.46x the baseline 942.38.
7371,2013-11-03 04:00:00,ACTIVITY_DROP,698.6726,1617.5607,ACTIVITY_DROP: current activity 698.67 is 0.43x the baseline 1617.56.
7371,2013-11-03 05:00:00,ACTIVITY_DROP,649.253,1617.5607,ACTIVITY_DROP: current activity 649.25 is 0.40x the baseline 1617.56.
7371,2013-11-03 06:00:00,ACTIVITY_DROP,675.1119,1617.5607,ACTIVITY_DROP: current activity 675.11 is 0.42x the baseline 1617.56.
7371,2013-11-03 07:00:00,ACTIVITY_DROP,696.9595,1617.5607,ACTIVITY_DROP: current activity 696.96 is 0.43x the baseline 1617.56.
7372,2013-11-03 04:00:00,ACTIVITY_DROP,740.6569999999999,1677.0532999999998,ACTIVITY_DROP: current activity 740.66 is 0.44x the baseline 1677.05.
7372,2013-11-03 05:00:00,ACTIVITY_DROP,705.3583,1677.0532999999998,ACTIVITY_DROP: current activity 705.36 is 0.42x the baseline 1677.05.
7372,2013-11-03 06:00:00,ACTIVITY_DROP,708.5120999999999,1677.0532999999998,ACTIVITY_DROP: current activity 708.51 is 0.42x the baseline 1677.05.
7372,2013-11-03 07:00:00,ACTIVITY_DROP,724.776,1677.0532999999998,ACTIVITY_DROP: current activity 724.78 is 0.43x the baseline 1677.05.
7379,2013-11-03 01:00:00,ACTIVITY_DROP,584.1615,1211.16,ACTIVITY_DROP: current activity 584.16 is 0.48x the baseline 1211.16.
7379,2013-11-03 02:00:00,ACTIVITY_DROP,490.4027,1211.16,ACTIVITY_DROP: current activity 490.40 is 0.40x the baseline 1211.16.
7379,2013-11-03 03:00:00,ACTIVITY_DROP,440.79879999999997,1211.16,ACTIVITY_DROP: current activity 440.80 is 0.36x the baseline 1211.16.
7379,2013-11-03 04:00:00,ACTIVITY_DROP,408.5308,1211.16,ACTIVITY_DROP: current activity 408.53 is 0.34x the baseline 1211.16.
7379,2013-11-03 05:00:00,ACTIVITY_DROP,386.7025,1211.16,ACTIVITY_DROP: current activity 386.70 is 0.32x the baseline 1211.16.
7379,2013-11-03 06:00:00,ACTIVITY_DROP,525.3773,1211.16,ACTIVITY_DROP: current activity 525.38 is 0.43x the baseline 1211.16.
7379,2013-11-03 07:00:00,ACTIVITY_DROP,502.13620000000003,1211.16,ACTIVITY_DROP: current activity 502.14 is 0.41x the baseline 1211.16.
7379,2013-11-03 08:00:00,ACTIVITY_DROP,534.3306,1211.16,ACTIVITY_DROP: current activity 534.33 is 0.44x the baseline 1211.16.
7379,2013-11-03 09:00:00,ACTIVITY_SPIKE,839.2948000000001,1211.16,ACTIVITY_SPIKE: current activity 839.29 increased sharply from the previous hour 534.33.
7379,2013-11-03 21:00:00,HIGH_ACTIVITY,1880.1939,1186.3572,HIGH_ACTIVITY: current activity 1880.19 is 1.58x the baseline 1186.36.
7390,2013-11-03 03:00:00,ACTIVITY_DROP,535.0624,1093.4405,ACTIVITY_DROP: current activity 535.06 is 0.49x the baseline 1093.44.
7390,2013-11-03 05:00:00,ACTIVITY_DROP,537.1475,1093.4405,ACTIVITY_DROP: current activity 537.15 is 0.49x the baseline 1093.44.
7442,2013-11-03 03:00:00,ACTIVITY_DROP,447.70829999999995,1033.1791,ACTIVITY_DROP: current activity 447.71 is 0.43x the baseline 1033.18.
7442,2013-11-03 04:00:00,ACTIVITY_DROP,352.7067,1033.1791,ACTIVITY_DROP: current activity 352.71 is 0.34x the baseline 1033.18.
7442,2013-11-03 05:00:00,ACTIVITY_DROP,341.2263,1033.1791,ACTIVITY_DROP: current activity 341.23 is 0.33x the baseline 1033.18.
7442,2013-11-03 06:00:00,ACTIVITY_DROP,326.02059999999994,1033.1791,ACTIVITY_DROP: current activity 326.02 is 0.32x the baseline 1033.18.
7442,2013-11-03 07:00:00,ACTIVITY_DROP,397.3178,1033.1791,ACTIVITY_DROP: current activity 397.32 is 0.38x the baseline 1033.18.
7442,2013-11-03 08:00:00,ACTIVITY_SPIKE,668.4409,1033.1791,ACTIVITY_SPIKE: current activity 668.44 increased sharply from the previous hour 397.32.
7442,2013-11-03 16:00:00,HIGH_ACTIVITY,1524.309,1009.8009,HIGH_ACTIVITY: current activity 1524.31 is 1.51x the baseline 1009.80.
7443,2013-11-03 03:00:00,ACTIVITY_DROP,531.9685,1270.7305999999999,ACTIVITY_DROP: current activity 531.97 is 0.42x the baseline 1270.73.
7443,2013-11-03 04:00:00,ACTIVITY_DROP,433.90729999999996,1270.7305999999999,ACTIVITY_DROP: current activity 433.91 is 0.34x the baseline 1270.73.
7443,2013-11-03 05:00:00,ACTIVITY_DROP,421.7779,1270.7305999999999,ACTIVITY_DROP: current activity 421.78 is 0.33x the baseline 1270.73.
7443,2013-11-03 06:00:00,ACTIVITY_DROP,412.60020000000003,1270.7305999999999,ACTIVITY_DROP: current activity 412.60 is 0.32x the baseline 1270.73.
7443,2013-11-03 07:00:00,ACTIVITY_DROP,477.4685,1270.7305999999999,ACTIVITY_DROP: current activity 477.47 is 0.38x the baseline 1270.73.
7443,2013-11-03 08:00:00,ACTIVITY_SPIKE,775.6843,1270.7305999999999,ACTIVITY_SPIKE: current activity 775.68 increased sharply from the previous hour 477.47.
7443,2013-11-03 16:00:00,HIGH_ACTIVITY,1858.8901,1221.104,HIGH_ACTIVITY: current activity 1858.89 is 1.52x the baseline 1221.10.
7444,2013-11-03 03:00:00,ACTIVITY_DROP,447.9364,1136.8161,ACTIVITY_DROP: current activity 447.94 is 0.39x the baseline 1136.82.
7444,2013-11-03 04:00:00,ACTIVITY_DROP,390.5623,1136.8161,ACTIVITY_DROP: current activity 390.56 is 0.34x the baseline 1136.82.
7444,2013-11-03 05:00:00,ACTIVITY_DROP,376.7215,1136.8161,ACTIVITY_DROP: current activity 376.72 is 0.33x the baseline 1136.82.
7444,2013-11-03 06:00:00,ACTIVITY_DROP,383.2148,1136.8161,ACTIVITY_DROP: current activity 383.21 is 0.34x the baseline 1136.82.
7444,2013-11-03 07:00:00,ACTIVITY_DROP,424.16600000000005,1136.8161,ACTIVITY_DROP: current activity 424.17 is 0.37x the baseline 1136.82.
7444,2013-11-03 08:00:00,ACTIVITY_SPIKE,644.5935000000001,1136.8161,ACTIVITY_SPIKE: current activity 644.59 increased sharply from the previous hour 424.17.
7454,2013-11-03 04:00:00,ACTIVITY_DROP,513.3100000000001,1052.4428,ACTIVITY_DROP: current activity 513.31 is 0.49x the baseline 1052.44.
7454,2013-11-03 05:00:00,ACTIVITY_DROP,489.85549999999995,1052.4428,ACTIVITY_DROP: current activity 489.86 is 0.47x the baseline 1052.44.
7454,2013-11-03 06:00:00,ACTIVITY_DROP,504.6105,1052.4428,ACTIVITY_DROP: current activity 504.61 is 0.48x the baseline 1052.44.
7454,2013-11-03 07:00:00,ACTIVITY_DROP,520.5973,1052.4428,ACTIVITY_DROP: current activity 520.60 is 0.49x the baseline 1052.44.
7454,2013-11-03 08:00:00,ACTIVITY_SPIKE,788.5578,1052.4428,ACTIVITY_SPIKE: current activity 788.56 increased sharply from the previous hour 520.60.
7454,2013-11-03 20:00:00,HIGH_ACTIVITY,1547.2778,1004.6201,HIGH_ACTIVITY: current activity 1547.28 is 1.54x the baseline 1004.62.
7454,2013-11-03 21:00:00,HIGH_ACTIVITY,1767.0173,1004.6201,HIGH_ACTIVITY: current activity 1767.02 is 1.76x the baseline 1004.62.
7455,2013-11-03 03:00:00,ACTIVITY_DROP,456.9783,1037.2749000000001,ACTIVITY_DROP: current activity 456.98 is 0.44x the baseline 1037.27.
7455,2013-11-03 04:00:00,ACTIVITY_DROP,380.4228,1037.2749000000001,ACTIVITY_DROP: current activity 380.42 is 0.37x the baseline 1037.27.
7455,2013-11-03 05:00:00,ACTIVITY_DROP,366.5547,1037.2749000000001,ACTIVITY_DROP: current activity 366.55 is 0.35x the baseline 1037.27.
7455,2013-11-03 06:00:00,ACTIVITY_DROP,359.7206,1037.2749000000001,ACTIVITY_DROP: current activity 359.72 is 0.35x the baseline 1037.27.
7455,2013-11-03 07:00:00,ACTIVITY_DROP,387.85970000000003,1037.2749000000001,ACTIVITY_DROP: current activity 387.86 is 0.37x the baseline 1037.27.
7460,2013-11-03 04:00:00,ACTIVITY_DROP,445.65250000000003,1148.3192,ACTIVITY_DROP: current activity 445.65 is 0.39x the baseline 1148.32.
7460,2013-11-03 05:00:00,ACTIVITY_DROP,416.45,1148.3192,ACTIVITY_DROP: current activity 416.45 is 0.36x the baseline 1148.32.
7460,2013-11-03 06:00:00,ACTIVITY_DROP,458.3218,1148.3192,ACTIVITY_DROP: current activity 458.32 is 0.40x the baseline 1148.32.
7461,2013-11-03 04:00:00,ACTIVITY_DROP,419.84379999999993,1128.6525,ACTIVITY_DROP: current activity 419.84 is 0.37x the baseline 1128.65.
7461,2013-11-03 05:00:00,ACTIVITY_DROP,377.9923,1128.6525,ACTIVITY_DROP: current activity 377.99 is 0.33x the baseline 1128.65.
7461,2013-11-03 06:00:00,ACTIVITY_DROP,382.2801,1128.6525,ACTIVITY_DROP: current activity 382.28 is 0.34x the baseline 1128.65.
7461,2013-11-03 07:00:00,ACTIVITY_DROP,454.53270000000003,1128.6525,ACTIVITY_DROP: current activity 454.53 is 0.40x the baseline 1128.65.
7466,2013-11-03 05:00:00,ACTIVITY_DROP,437.187,1068.2128,ACTIVITY_DROP: current activity 437.19 is 0.41x the baseline 1068.21.
7466,2013-11-03 06:00:00,ACTIVITY_DROP,434.1822,1068.2128,ACTIVITY_DROP: current activity 434.18 is 0.41x the baseline 1068.21.
7466,2013-11-03 07:00:00,ACTIVITY_DROP,464.27350000000007,1068.2128,ACTIVITY_DROP: current activity 464.27 is 0.43x the baseline 1068.21.
7467,2013-11-03 05:00:00,ACTIVITY_DROP,443.88069999999993,1083.769,ACTIVITY_DROP: current activity 443.88 is 0.41x the baseline 1083.77.
7467,2013-11-03 06:00:00,ACTIVITY_DROP,446.636,1083.769,ACTIVITY_DROP: current activity 446.64 is 0.41x the baseline 1083.77.
7467,2013-11-03 07:00:00,ACTIVITY_DROP,472.8737,1083.769,ACTIVITY_DROP: current activity 472.87 is 0.44x the baseline 1083.77.
7468,2013-11-03 04:00:00,ACTIVITY_DROP,460.3005,1031.4513,ACTIVITY_DROP: current activity 460.30 is 0.45x the baseline 1031.45.
7468,2013-11-03 05:00:00,ACTIVITY_DROP,416.685,1031.4513,ACTIVITY_DROP: current activity 416.69 is 0.40x the baseline 1031.45.
7468,2013-11-03 06:00:00,ACTIVITY_DROP,447.476,1031.4513,ACTIVITY_DROP: current activity 447.48 is 0.43x the baseline 1031.45.
7471,2013-11-03 03:00:00,ACTIVITY_DROP,710.1261999999999,1475.8164,ACTIVITY_DROP: current activity 710.13 is 0.48x the baseline 1475.82.
7471,2013-11-03 04:00:00,ACTIVITY_DROP,574.9191,1475.8164,ACTIVITY_DROP: current activity 574.92 is 0.39x the baseline 1475.82.
7471,2013-11-03 05:00:00,ACTIVITY_DROP,552.8113000000001,1475.8164,ACTIVITY_DROP: current activity 552.81 is 0.37x the baseline 1475.82.
7471,2013-11-03 06:00:00,ACTIVITY_DROP,524.4727,1475.8164,ACTIVITY_DROP: current activity 524.47 is 0.36x the baseline 1475.82.
7471,2013-11-03 07:00:00,ACTIVITY_DROP,546.7333000000001,1475.8164,ACTIVITY_DROP: current activity 546.73 is 0.37x the baseline 1475.82.
7471,2013-11-03 08:00:00,ACTIVITY_DROP,722.1781,1475.8164,ACTIVITY_DROP: current activity 722.18 is 0.49x the baseline 1475.82.
7471,2013-11-03 09:00:00,ACTIVITY_SPIKE,1172.9753,1475.8164,ACTIVITY_SPIKE: current activity 1172.98 increased sharply from the previous hour 722.18.
7471,2013-11-03 17:00:00,HIGH_ACTIVITY,2071.5733,1250.3868,HIGH_ACTIVITY: current activity 2071.57 is 1.66x the baseline 1250.39.
7471,2013-11-03 18:00:00,HIGH_ACTIVITY,1955.0858000000003,1250.3868,HIGH_ACTIVITY: current activity 1955.09 is 1.56x the baseline 1250.39.
7471,2013-11-03 19:00:00,HIGH_ACTIVITY,1918.1218000000001,1250.3868,HIGH_ACTIVITY: current activity 1918.12 is 1.53x the baseline 1250.39.
7472,2013-11-03 04:00:00,ACTIVITY_DROP,609.4243,1503.6405000000002,ACTIVITY_DROP: current activity 609.42 is 0.41x the baseline 1503.64.
7472,2013-11-03 05:00:00,ACTIVITY_DROP,597.3498,1503.6405000000002,ACTIVITY_DROP: current activity 597.35 is 0.40x the baseline 1503.64.
7472,2013-11-03 06:00:00,ACTIVITY_DROP,557.0754,1503.6405000000002,ACTIVITY_DROP: current activity 557.08 is 0.37x the baseline 1503.64.
7472,2013-11-03 07:00:00,ACTIVITY_DROP,562.8002,1503.6405000000002,ACTIVITY_DROP: current activity 562.80 is 0.37x the baseline 1503.64.
7472,2013-11-03 08:00:00,ACTIVITY_DROP,731.7367,1503.6405000000002,ACTIVITY_DROP: current activity 731.74 is 0.49x the baseline 1503.64.
7472,2013-11-03 09:00:00,ACTIVITY_SPIKE,1232.9111,1503.6405000000002,ACTIVITY_SPIKE: current activity 1232.91 increased sharply from the previous hour 731.74.
7472,2013-11-03 18:00:00,HIGH_ACTIVITY,2163.502,1326.9398,HIGH_ACTIVITY: current activity 2163.50 is 1.63x the baseline 1326.94.
7489,2013-11-03 03:00:00,ACTIVITY_DROP,533.3795,1104.6125,ACTIVITY_DROP: current activity 533.38 is 0.48x the baseline 1104.61.
7489,2013-11-03 04:00:00,ACTIVITY_DROP,550.478,1104.6125,ACTIVITY_DROP: current activity 550.48 is 0.50x the baseline 1104.61.
7489,2013-11-03 05:00:00,ACTIVITY_DROP,543.2092,1104.6125,ACTIVITY_DROP: current activity 543.21 is 0.49x the baseline 1104.61.
7490,2013-11-03 03:00:00,ACTIVITY_DROP,586.8586,1203.4059,ACTIVITY_DROP: current activity 586.86 is 0.49x the baseline 1203.41.
7490,2013-11-03 05:00:00,ACTIVITY_DROP,593.7774,1203.4059,ACTIVITY_DROP: current activity 593.78 is 0.49x the baseline 1203.41.
7491,2013-11-03 03:00:00,ACTIVITY_DROP,586.8586,1203.4059,ACTIVITY_DROP: current activity 586.86 is 0.49x the baseline 1203.41.
7491,2013-11-03 05:00:00,ACTIVITY_DROP,593.7774,1203.4059,ACTIVITY_DROP: current activity 593.78 is 0.49x the baseline 1203.41.
7492,2013-11-03 03:00:00,ACTIVITY_DROP,476.2122,995.6855999999999,ACTIVITY_DROP: current activity 476.21 is 0.48x the baseline 995.69.
7492,2013-11-03 04:00:00,ACTIVITY_DROP,455.99289999999996,995.6855999999999,ACTIVITY_DROP: current activity 455.99 is 0.46x the baseline 995.69.
7492,2013-11-03 05:00:00,ACTIVITY_DROP,448.2642,995.6855999999999,ACTIVITY_DROP: current activity 448.26 is 0.45x the baseline 995.69.
7492,2013-11-03 06:00:00,ACTIVITY_DROP,478.17719999999997,995.6855999999999,ACTIVITY_DROP: current activity 478.18 is 0.48x the baseline 995.69.
7543,2013-11-03 03:00:00,ACTIVITY_DROP,539.9177999999999,1152.8525,ACTIVITY_DROP: current activity 539.92 is 0.47x the baseline 1152.85.
7543,2013-11-03 04:00:00,ACTIVITY_DROP,427.184,1152.8525,ACTIVITY_DROP: current activity 427.18 is 0.37x the baseline 1152.85.
7543,2013-11-03 05:00:00,ACTIVITY_DROP,418.38969999999995,1152.8525,ACTIVITY_DROP: current activity 418.39 is 0.36x the baseline 1152.85.
7543,2013-11-03 06:00:00,ACTIVITY_DROP,424.2003,1152.8525,ACTIVITY_DROP: current activity 424.20 is 0.37x the baseline 1152.85.
7543,2013-11-03 07:00:00,ACTIVITY_DROP,454.5131,1152.8525,ACTIVITY_DROP: current activity 454.51 is 0.39x the baseline 1152.85.
7544,2013-11-03 03:00:00,ACTIVITY_DROP,487.6388,1102.9836,ACTIVITY_DROP: current activity 487.64 is 0.44x the baseline 1102.98.
7544,2013-11-03 04:00:00,ACTIVITY_DROP,403.4168,1102.9836,ACTIVITY_DROP: current activity 403.42 is 0.37x the baseline 1102.98.
7544,2013-11-03 05:00:00,ACTIVITY_DROP,393.0048,1102.9836,ACTIVITY_DROP: current activity 393.00 is 0.36x the baseline 1102.98.
7544,2013-11-03 06:00:00,ACTIVITY_DROP,408.6621,1102.9836,ACTIVITY_DROP: current activity 408.66 is 0.37x the baseline 1102.98.
7544,2013-11-03 07:00:00,ACTIVITY_DROP,425.832,1102.9836,ACTIVITY_DROP: current activity 425.83 is 0.39x the baseline 1102.98.
7553,2013-11-03 04:00:00,ACTIVITY_DROP,473.9855,988.3853999999999,ACTIVITY_DROP: current activity 473.99 is 0.48x the baseline 988.39.
7554,2013-11-03 04:00:00,ACTIVITY_DROP,510.70390000000003,1091.8875,ACTIVITY_DROP: current activity 510.70 is 0.47x the baseline 1091.89.
7554,2013-11-03 05:00:00,ACTIVITY_DROP,533.1198,1091.8875,ACTIVITY_DROP: current activity 533.12 is 0.49x the baseline 1091.89.
7555,2013-11-03 04:00:00,ACTIVITY_DROP,469.46829999999994,952.4268,ACTIVITY_DROP: current activity 469.47 is 0.49x the baseline 952.43.
7555,2013-11-03 07:00:00,ACTIVITY_DROP,416.5165,952.4268,ACTIVITY_DROP: current activity 416.52 is 0.44x the baseline 952.43.
7559,2013-11-03 04:00:00,ACTIVITY_DROP,355.5747,950.4830000000001,ACTIVITY_DROP: current activity 355.57 is 0.37x the baseline 950.48.
7559,2013-11-03 05:00:00,ACTIVITY_DROP,325.2946,950.4830000000001,ACTIVITY_DROP: current activity 325.29 is 0.34x the baseline 950.48.
7559,2013-11-03 06:00:00,ACTIVITY_DROP,323.36019999999996,950.4830000000001,ACTIVITY_DROP: current activity 323.36 is 0.34x the baseline 950.48.
7559,2013-11-03 07:00:00,ACTIVITY_DROP,385.33000000000004,950.4830000000001,ACTIVITY_DROP: current activity 385.33 is 0.41x the baseline 950.48.
7559,2013-11-03 08:00:00,ACTIVITY_SPIKE,587.7687999999999,950.4830000000001,ACTIVITY_SPIKE: current activity 587.77 increased sharply from the previous hour 385.33.
7560,2013-11-03 04:00:00,ACTIVITY_DROP,383.8791,1127.9113,ACTIVITY_DROP: current activity 383.88 is 0.34x the baseline 1127.91.
7560,2013-11-03 05:00:00,ACTIVITY_DROP,370.1705,1127.9113,ACTIVITY_DROP: current activity 370.17 is 0.33x the baseline 1127.91.
7560,2013-11-03 06:00:00,ACTIVITY_DROP,371.7322,1127.9113,ACTIVITY_DROP: current activity 371.73 is 0.33x the baseline 1127.91.
7560,2013-11-03 07:00:00,ACTIVITY_DROP,440.8734,1127.9113,ACTIVITY_DROP: current activity 440.87 is 0.39x the baseline 1127.91.
7560,2013-11-03 08:00:00,ACTIVITY_SPIKE,710.2442000000001,1127.9113,ACTIVITY_SPIKE: current activity 710.24 increased sharply from the previous hour 440.87.
7561,2013-11-03 04:00:00,ACTIVITY_DROP,375.6061,1127.3152,ACTIVITY_DROP: current activity 375.61 is 0.33x the baseline 1127.32.
7561,2013-11-03 05:00:00,ACTIVITY_DROP,366.2439,1127.3152,ACTIVITY_DROP: current activity 366.24 is 0.32x the baseline 1127.32.
7561,2013-11-03 06:00:00,ACTIVITY_DROP,374.12050000000005,1127.3152,ACTIVITY_DROP: current activity 374.12 is 0.33x the baseline 1127.32.
7561,2013-11-03 07:00:00,ACTIVITY_DROP,443.57860000000005,1127.3152,ACTIVITY_DROP: current activity 443.58 is 0.39x the baseline 1127.32.
7561,2013-11-03 08:00:00,ACTIVITY_SPIKE,720.3247,1127.3152,ACTIVITY_SPIKE: current activity 720.32 increased sharply from the previous hour 443.58.
7566,2013-11-03 04:00:00,ACTIVITY_DROP,497.81440000000003,999.001,ACTIVITY_DROP: current activity 497.81 is 0.50x the baseline 999.00.
7566,2013-11-03 05:00:00,ACTIVITY_DROP,404.9572,999.001,ACTIVITY_DROP: current activity 404.96 is 0.41x the baseline 999.00.
7566,2013-11-03 06:00:00,ACTIVITY_DROP,407.2883,999.001,ACTIVITY_DROP: current activity 407.29 is 0.41x the baseline 999.00.
7566,2013-11-03 07:00:00,ACTIVITY_DROP,423.732,999.001,ACTIVITY_DROP: current activity 423.73 is 0.42x the baseline 999.00.
7567,2013-11-03 05:00:00,ACTIVITY_DROP,457.5509,1109.4346,ACTIVITY_DROP: current activity 457.55 is 0.41x the baseline 1109.43.
7567,2013-11-03 06:00:00,ACTIVITY_DROP,476.32070000000004,1109.4346,ACTIVITY_DROP: current activity 476.32 is 0.43x the baseline 1109.43.
7567,2013-11-03 07:00:00,ACTIVITY_DROP,517.2594,1109.4346,ACTIVITY_DROP: current activity 517.26 is 0.47x the baseline 1109.43.
7567,2013-11-03 20:00:00,HIGH_ACTIVITY,1792.1086,1081.7857,HIGH_ACTIVITY: current activity 1792.11 is 1.66x the baseline 1081.79.
7567,2013-11-03 23:00:00,HIGH_ACTIVITY,1928.0595,1081.7857,HIGH_ACTIVITY: current activity 1928.06 is 1.78x the baseline 1081.79.
7568,2013-11-03 04:00:00,ACTIVITY_DROP,520.4583,1182.674,ACTIVITY_DROP: current activity 520.46 is 0.44x the baseline 1182.67.
7568,2013-11-03 05:00:00,ACTIVITY_DROP,481.3061000000001,1182.674,ACTIVITY_DROP: current activity 481.31 is 0.41x the baseline 1182.67.
7568,2013-11-03 06:00:00,ACTIVITY_DROP,543.1105,1182.674,ACTIVITY_DROP: current activity 543.11 is 0.46x the baseline 1182.67.
7568,2013-11-03 09:00:00,ACTIVITY_SPIKE,1093.2042000000001,1182.674,ACTIVITY_SPIKE: current activity 1093.20 increased sharply from the previous hour 681.17.
7568,2013-11-03 19:00:00,HIGH_ACTIVITY,1930.2041,1131.1178,HIGH_ACTIVITY: current activity 1930.20 is 1.71x the baseline 1131.12.
7568,2013-11-03 20:00:00,HIGH_ACTIVITY,2993.1567000000005,1131.1178,HIGH_ACTIVITY: current activity 2993.16 is 2.65x the baseline 1131.12.
7568,2013-11-03 20:00:00,ACTIVITY_SPIKE,2993.1567000000005,1131.1178,ACTIVITY_SPIKE: current activity 2993.16 increased sharply from the previous hour 1930.20.
7568,2013-11-03 21:00:00,HIGH_ACTIVITY,2073.134,1131.1178,HIGH_ACTIVITY: current activity 2073.13 is 1.83x the baseline 1131.12.
7568,2013-11-03 22:00:00,HIGH_ACTIVITY,1892.2678,1131.1178,HIGH_ACTIVITY: current activity 1892.27 is 1.67x the baseline 1131.12.
7568,2013-11-03 23:00:00,HIGH_ACTIVITY,3504.1601,1131.1178,HIGH_ACTIVITY: current activity 3504.16 is 3.10x the baseline 1131.12.
7568,2013-11-03 23:00:00,ACTIVITY_SPIKE,3504.1601,1131.1178,ACTIVITY_SPIKE: current activity 3504.16 increased sharply from the previous hour 1892.27.
7569,2013-11-03 04:00:00,ACTIVITY_DROP,445.936,1046.1127999999999,ACTIVITY_DROP: current activity 445.94 is 0.43x the baseline 1046.11.
7569,2013-11-03 05:00:00,ACTIVITY_DROP,408.68839999999994,1046.1127999999999,ACTIVITY_DROP: current activity 408.69 is 0.39x the baseline 1046.11.
7569,2013-11-03 06:00:00,ACTIVITY_DROP,461.15919999999994,1046.1127999999999,ACTIVITY_DROP: current activity 461.16 is 0.44x the baseline 1046.11.
7569,2013-11-03 20:00:00,HIGH_ACTIVITY,2040.1835,998.4315,HIGH_ACTIVITY: current activity 2040.18 is 2.04x the baseline 998.43.
7569,2013-11-03 21:00:00,HIGH_ACTIVITY,1573.4596,998.4315,HIGH_ACTIVITY: current activity 1573.46 is 1.58x the baseline 998.43.
7569,2013-11-03 22:00:00,HIGH_ACTIVITY,1500.3095,998.4315,HIGH_ACTIVITY: current activity 1500.31 is 1.50x the baseline 998.43.
7569,2013-11-03 23:00:00,HIGH_ACTIVITY,2288.6936,998.4315,HIGH_ACTIVITY: current activity 2288.69 is 2.29x the baseline 998.43.
7569,2013-11-03 23:00:00,ACTIVITY_SPIKE,2288.6936,998.4315,ACTIVITY_SPIKE: current activity 2288.69 increased sharply from the previous hour 1500.31.
7590,2013-11-03 03:00:00,ACTIVITY_DROP,560.2041,1157.0181,ACTIVITY_DROP: current activity 560.20 is 0.48x the baseline 1157.02.
7590,2013-11-03 04:00:00,ACTIVITY_DROP,577.6668999999999,1157.0181,ACTIVITY_DROP: current activity 577.67 is 0.50x the baseline 1157.02.
7590,2013-11-03 05:00:00,ACTIVITY_DROP,566.6019,1157.0181,ACTIVITY_DROP: current activity 566.60 is 0.49x the baseline 1157.02.
7591,2013-11-03 03:00:00,ACTIVITY_DROP,549.8361,1171.3832,ACTIVITY_DROP: current activity 549.84 is 0.47x the baseline 1171.38.
7591,2013-11-03 04:00:00,ACTIVITY_DROP,559.7619,1171.3832,ACTIVITY_DROP: current activity 559.76 is 0.48x the baseline 1171.38.
7591,2013-11-03 05:00:00,ACTIVITY_DROP,555.6652,1171.3832,ACTIVITY_DROP: current activity 555.67 is 0.47x the baseline 1171.38.
7644,2013-11-03 03:00:00,ACTIVITY_DROP,544.9124,1137.9325000000001,ACTIVITY_DROP: current activity 544.91 is 0.48x the baseline 1137.93.
7644,2013-11-03 04:00:00,ACTIVITY_DROP,428.9975,1137.9325000000001,ACTIVITY_DROP: current activity 429.00 is 0.38x the baseline 1137.93.
7644,2013-11-03 05:00:00,ACTIVITY_DROP,421.04179999999997,1137.9325000000001,ACTIVITY_DROP: current activity 421.04 is 0.37x the baseline 1137.93.
7644,2013-11-03 06:00:00,ACTIVITY_DROP,434.7278,1137.9325000000001,ACTIVITY_DROP: current activity 434.73 is 0.38x the baseline 1137.93.
7644,2013-11-03 07:00:00,ACTIVITY_DROP,448.6994,1137.9325000000001,ACTIVITY_DROP: current activity 448.70 is 0.39x the baseline 1137.93.
7644,2013-11-03 17:00:00,HIGH_ACTIVITY,1668.3885,1033.8789000000002,HIGH_ACTIVITY: current activity 1668.39 is 1.61x the baseline 1033.88.
7644,2013-11-03 18:00:00,HIGH_ACTIVITY,1560.1494,1033.8789000000002,HIGH_ACTIVITY: current activity 1560.15 is 1.51x the baseline 1033.88.
7644,2013-11-03 20:00:00,HIGH_ACTIVITY,1702.4182,1033.8789000000002,HIGH_ACTIVITY: current activity 1702.42 is 1.65x the baseline 1033.88.
7651,2013-11-03 04:00:00,ACTIVITY_DROP,443.3907,952.1041,ACTIVITY_DROP: current activity 443.39 is 0.47x the baseline 952.10.
7651,2013-11-03 05:00:00,ACTIVITY_DROP,407.25960000000003,952.1041,ACTIVITY_DROP: current activity 407.26 is 0.43x the baseline 952.10.
7651,2013-11-03 06:00:00,ACTIVITY_DROP,388.1929,952.1041,ACTIVITY_DROP: current activity 388.19 is 0.41x the baseline 952.10.
7651,2013-11-03 07:00:00,ACTIVITY_DROP,465.1123,952.1041,ACTIVITY_DROP: current activity 465.11 is 0.49x the baseline 952.10.
7652,2013-11-03 04:00:00,ACTIVITY_DROP,405.7924,989.8883999999999,ACTIVITY_DROP: current activity 405.79 is 0.41x the baseline 989.89.
7652,2013-11-03 05:00:00,ACTIVITY_DROP,396.4745,989.8883999999999,ACTIVITY_DROP: current activity 396.47 is 0.40x the baseline 989.89.
7652,2013-11-03 06:00:00,ACTIVITY_DROP,418.0471,989.8883999999999,ACTIVITY_DROP: current activity 418.05 is 0.42x the baseline 989.89.
7652,2013-11-03 07:00:00,ACTIVITY_DROP,474.3277,989.8883999999999,ACTIVITY_DROP: current activity 474.33 is 0.48x the baseline 989.89.
7653,2013-11-03 04:00:00,ACTIVITY_DROP,386.27880000000005,948.5732,ACTIVITY_DROP: current activity 386.28 is 0.41x the baseline 948.57.
7653,2013-11-03 05:00:00,ACTIVITY_DROP,377.80490000000003,948.5732,ACTIVITY_DROP: current activity 377.80 is 0.40x the baseline 948.57.
7653,2013-11-03 06:00:00,ACTIVITY_DROP,406.1472,948.5732,ACTIVITY_DROP: current activity 406.15 is 0.43x the baseline 948.57.
7653,2013-11-03 07:00:00,ACTIVITY_DROP,449.3037,948.5732,ACTIVITY_DROP: current activity 449.30 is 0.47x the baseline 948.57.
7654,2013-11-03 04:00:00,ACTIVITY_DROP,521.175,1205.7312,ACTIVITY_DROP: current activity 521.17 is 0.43x the baseline 1205.73.
7654,2013-11-03 05:00:00,ACTIVITY_DROP,545.9671999999999,1205.7312,ACTIVITY_DROP: current activity 545.97 is 0.45x the baseline 1205.73.
7654,2013-11-03 06:00:00,ACTIVITY_DROP,509.1044,1205.7312,ACTIVITY_DROP: current activity 509.10 is 0.42x the baseline 1205.73.
7654,2013-11-03 07:00:00,ACTIVITY_DROP,586.8860000000001,1205.7312,ACTIVITY_DROP: current activity 586.89 is 0.49x the baseline 1205.73.
7655,2013-11-03 07:00:00,ACTIVITY_DROP,426.1711,1015.7821,ACTIVITY_DROP: current activity 426.17 is 0.42x the baseline 1015.78.
7655,2013-11-03 09:00:00,ACTIVITY_SPIKE,837.5713999999999,1015.7821,ACTIVITY_SPIKE: current activity 837.57 increased sharply from the previous hour 510.29.
7656,2013-11-03 07:00:00,ACTIVITY_DROP,422.5829,1005.3688,ACTIVITY_DROP: current activity 422.58 is 0.42x the baseline 1005.37.
7656,2013-11-03 08:00:00,ACTIVITY_DROP,499.4162,1005.3688,ACTIVITY_DROP: current activity 499.42 is 0.50x the baseline 1005.37.
7656,2013-11-03 09:00:00,ACTIVITY_SPIKE,836.1655,1005.3688,ACTIVITY_SPIKE: current activity 836.17 increased sharply from the previous hour 499.42.
7657,2013-11-03 07:00:00,ACTIVITY_DROP,417.44509999999997,992.4023000000001,ACTIVITY_DROP: current activity 417.45 is 0.42x the baseline 992.40.
7657,2013-11-03 08:00:00,ACTIVITY_DROP,494.73670000000004,992.4023000000001,ACTIVITY_DROP: current activity 494.74 is 0.50x the baseline 992.40.
7657,2013-11-03 09:00:00,ACTIVITY_SPIKE,826.1352,992.4023000000001,ACTIVITY_SPIKE: current activity 826.14 increased sharply from the previous hour 494.74.
7668,2013-11-03 04:00:00,ACTIVITY_DROP,466.3734,1119.4893000000002,ACTIVITY_DROP: current activity 466.37 is 0.42x the baseline 1119.49.
7668,2013-11-03 05:00:00,ACTIVITY_DROP,434.5029,1119.4893000000002,ACTIVITY_DROP: current activity 434.50 is 0.39x the baseline 1119.49.
7668,2013-11-03 06:00:00,ACTIVITY_DROP,489.4722,1119.4893000000002,ACTIVITY_DROP: current activity 489.47 is 0.44x the baseline 1119.49.
7668,2013-11-03 09:00:00,ACTIVITY_SPIKE,987.141,1119.4893000000002,ACTIVITY_SPIKE: current activity 987.14 increased sharply from the previous hour 612.73.
7668,2013-11-03 19:00:00,HIGH_ACTIVITY,1941.4237999999998,1105.5905,HIGH_ACTIVITY: current activity 1941.42 is 1.76x the baseline 1105.59.
7668,2013-11-03 20:00:00,HIGH_ACTIVITY,2861.2746,1105.5905,HIGH_ACTIVITY: current activity 2861.27 is 2.59x the baseline 1105.59.
7668,2013-11-03 21:00:00,HIGH_ACTIVITY,2058.5082,1105.5905,HIGH_ACTIVITY: current activity 2058.51 is 1.86x the baseline 1105.59.
7668,2013-11-03 22:00:00,HIGH_ACTIVITY,1830.2381,1105.5905,HIGH_ACTIVITY: current activity 1830.24 is 1.66x the baseline 1105.59.
7668,2013-11-03 23:00:00,HIGH_ACTIVITY,3108.0206,1105.5905,HIGH_ACTIVITY: current activity 3108.02 is 2.81x the baseline 1105.59.
7668,2013-11-03 23:00:00,ACTIVITY_SPIKE,3108.0206,1105.5905,ACTIVITY_SPIKE: current activity 3108.02 increased sharply from the previous hour 1830.24.
7669,2013-11-03 04:00:00,ACTIVITY_DROP,425.18610000000007,1053.5411,ACTIVITY_DROP: current activity 425.19 is 0.40x the baseline 1053.54.
7669,2013-11-03 05:00:00,ACTIVITY_DROP,391.38000000000005,1053.5411,ACTIVITY_DROP: current activity 391.38 is 0.37x the baseline 1053.54.
7669,2013-11-03 06:00:00,ACTIVITY_DROP,445.31690000000003,1053.5411,ACTIVITY_DROP: current activity 445.32 is 0.42x the baseline 1053.54.
7669,2013-11-03 20:00:00,HIGH_ACTIVITY,1902.6467,991.4613999999999,HIGH_ACTIVITY: current activity 1902.65 is 1.92x the baseline 991.46.
7669,2013-11-03 21:00:00,HIGH_ACTIVITY,1523.1806,991.4613999999999,HIGH_ACTIVITY: current activity 1523.18 is 1.54x the baseline 991.46.
7669,2013-11-03 23:00:00,HIGH_ACTIVITY,2135.6286999999998,991.4613999999999,HIGH_ACTIVITY: current activity 2135.63 is 2.15x the baseline 991.46.
7670,2013-11-03 01:00:00,ACTIVITY_DROP,442.4057,983.9119000000001,ACTIVITY_DROP: current activity 442.41 is 0.45x the baseline 983.91.
7670,2013-11-03 02:00:00,ACTIVITY_DROP,484.8944,983.9119000000001,ACTIVITY_DROP: current activity 484.89 is 0.49x the baseline 983.91.
7670,2013-11-03 03:00:00,ACTIVITY_DROP,378.7804,983.9119000000001,ACTIVITY_DROP: current activity 378.78 is 0.38x the baseline 983.91.
7670,2013-11-03 04:00:00,ACTIVITY_DROP,342.97880000000004,983.9119000000001,ACTIVITY_DROP: current activity 342.98 is 0.35x the baseline 983.91.
7670,2013-11-03 05:00:00,ACTIVITY_DROP,316.66700000000003,983.9119000000001,ACTIVITY_DROP: current activity 316.67 is 0.32x the baseline 983.91.
7670,2013-11-03 06:00:00,ACTIVITY_DROP,367.69500000000005,983.9119000000001,ACTIVITY_DROP: current activity 367.70 is 0.37x the baseline 983.91.
7670,2013-11-03 07:00:00,ACTIVITY_DROP,441.65020000000004,983.9119000000001,ACTIVITY_DROP: current activity 441.65 is 0.45x the baseline 983.91.
7754,2013-11-03 03:00:00,ACTIVITY_DROP,448.47159999999997,1007.6214,ACTIVITY_DROP: current activity 448.47 is 0.45x the baseline 1007.62.
7754,2013-11-03 04:00:00,ACTIVITY_DROP,375.405,1007.6214,ACTIVITY_DROP: current activity 375.40 is 0.37x the baseline 1007.62.
7754,2013-11-03 05:00:00,ACTIVITY_DROP,346.375,1007.6214,ACTIVITY_DROP: current activity 346.38 is 0.34x the baseline 1007.62.
7754,2013-11-03 06:00:00,ACTIVITY_DROP,360.8009,1007.6214,ACTIVITY_DROP: current activity 360.80 is 0.36x the baseline 1007.62.
7754,2013-11-03 07:00:00,ACTIVITY_DROP,440.3981,1007.6214,ACTIVITY_DROP: current activity 440.40 is 0.44x the baseline 1007.62.
7755,2013-11-03 03:00:00,ACTIVITY_DROP,524.1373,1166.0347000000002,ACTIVITY_DROP: current activity 524.14 is 0.45x the baseline 1166.03.
7755,2013-11-03 04:00:00,ACTIVITY_DROP,442.7721,1166.0347000000002,ACTIVITY_DROP: current activity 442.77 is 0.38x the baseline 1166.03.
7755,2013-11-03 05:00:00,ACTIVITY_DROP,433.3852,1166.0347000000002,ACTIVITY_DROP: current activity 433.39 is 0.37x the baseline 1166.03.
7755,2013-11-03 06:00:00,ACTIVITY_DROP,431.01970000000006,1166.0347000000002,ACTIVITY_DROP: current activity 431.02 is 0.37x the baseline 1166.03.
7755,2013-11-03 07:00:00,ACTIVITY_DROP,509.8386,1166.0347000000002,ACTIVITY_DROP: current activity 509.84 is 0.44x the baseline 1166.03.
7756,2013-11-03 03:00:00,ACTIVITY_DROP,545.2333,1157.8353,ACTIVITY_DROP: current activity 545.23 is 0.47x the baseline 1157.84.
7756,2013-11-03 04:00:00,ACTIVITY_DROP,475.0359,1157.8353,ACTIVITY_DROP: current activity 475.04 is 0.41x the baseline 1157.84.
7756,2013-11-03 05:00:00,ACTIVITY_DROP,555.3847,1157.8353,ACTIVITY_DROP: current activity 555.38 is 0.48x the baseline 1157.84.
7756,2013-11-03 06:00:00,ACTIVITY_DROP,475.7985,1157.8353,ACTIVITY_DROP: current activity 475.80 is 0.41x the baseline 1157.84.
7756,2013-11-03 07:00:00,ACTIVITY_DROP,468.502,1157.8353,ACTIVITY_DROP: current activity 468.50 is 0.40x the baseline 1157.84.
7768,2013-11-03 02:00:00,ACTIVITY_DROP,443.15290000000005,1041.7465,ACTIVITY_DROP: current activity 443.15 is 0.43x the baseline 1041.75.
7768,2013-11-03 03:00:00,ACTIVITY_DROP,215.2826,1041.7465,ACTIVITY_DROP: current activity 215.28 is 0.21x the baseline 1041.75.
7768,2013-11-03 04:00:00,ACTIVITY_DROP,185.55870000000002,1041.7465,ACTIVITY_DROP: current activity 185.56 is 0.18x the baseline 1041.75.
7768,2013-11-03 05:00:00,ACTIVITY_DROP,198.8296,1041.7465,ACTIVITY_DROP: current activity 198.83 is 0.19x the baseline 1041.75.
7768,2013-11-03 06:00:00,ACTIVITY_DROP,238.9446,1041.7465,ACTIVITY_DROP: current activity 238.94 is 0.23x the baseline 1041.75.
7768,2013-11-03 07:00:00,ACTIVITY_DROP,315.03229999999996,1041.7465,ACTIVITY_DROP: current activity 315.03 is 0.30x the baseline 1041.75.
7768,2013-11-03 08:00:00,ACTIVITY_DROP,277.9107,1041.7465,ACTIVITY_DROP: current activity 277.91 is 0.27x the baseline 1041.75.
7768,2013-11-03 09:00:00,ACTIVITY_SPIKE,444.66679999999997,1041.7465,ACTIVITY_SPIKE: current activity 444.67 increased sharply from the previous hour 277.91.
7768,2013-11-03 09:00:00,ACTIVITY_DROP,444.66679999999997,1041.7465,ACTIVITY_DROP: current activity 444.67 is 0.43x the baseline 1041.75.
7769,2013-11-03 00:00:00,HIGH_ACTIVITY,3017.6258999999995,1186.5037,HIGH_ACTIVITY: current activity 3017.63 is 2.54x the baseline 1186.50.
7769,2013-11-03 01:00:00,HIGH_ACTIVITY,1846.5711999999999,1186.5037,HIGH_ACTIVITY: current activity 1846.57 is 1.56x the baseline 1186.50.
7769,2013-11-03 03:00:00,ACTIVITY_DROP,326.5158,1241.9499,ACTIVITY_DROP: current activity 326.52 is 0.26x the baseline 1241.95.
7769,2013-11-03 04:00:00,ACTIVITY_DROP,235.1989,1241.9499,ACTIVITY_DROP: current activity 235.20 is 0.19x the baseline 1241.95.
7769,2013-11-03 05:00:00,ACTIVITY_DROP,225.5042,1241.9499,ACTIVITY_DROP: current activity 225.50 is 0.18x the baseline 1241.95.
7769,2013-11-03 06:00:00,ACTIVITY_DROP,244.02540000000002,1241.9499,ACTIVITY_DROP: current activity 244.03 is 0.20x the baseline 1241.95.
7769,2013-11-03 07:00:00,ACTIVITY_SPIKE,581.6897999999999,1241.9499,ACTIVITY_SPIKE: current activity 581.69 increased sharply from the previous hour 244.03.
7769,2013-11-03 07:00:00,ACTIVITY_DROP,581.6897999999999,1241.9499,ACTIVITY_DROP: current activity 581.69 is 0.47x the baseline 1241.95.
7769,2013-11-03 08:00:00,ACTIVITY_DROP,293.7775,1241.9499,ACTIVITY_DROP: current activity 293.78 is 0.24x the baseline 1241.95.
7769,2013-11-03 09:00:00,ACTIVITY_SPIKE,449.7454,1241.9499,ACTIVITY_SPIKE: current activity 449.75 increased sharply from the previous hour 293.78.
7769,2013-11-03 09:00:00,ACTIVITY_DROP,449.7454,1241.9499,ACTIVITY_DROP: current activity 449.75 is 0.36x the baseline 1241.95.
7769,2013-11-03 10:00:00,ACTIVITY_DROP,517.9394,1241.9499,ACTIVITY_DROP: current activity 517.94 is 0.42x the baseline 1241.95.
7769,2013-11-03 17:00:00,HIGH_ACTIVITY,2102.0211,1186.5037,HIGH_ACTIVITY: current activity 2102.02 is 1.77x the baseline 1186.50.
7769,2013-11-03 18:00:00,HIGH_ACTIVITY,2040.9288999999999,1186.5037,HIGH_ACTIVITY: current activity 2040.93 is 1.72x the baseline 1186.50.
7769,2013-11-03 19:00:00,HIGH_ACTIVITY,2424.7185,1186.5037,HIGH_ACTIVITY: current activity 2424.72 is 2.04x the baseline 1186.50.
7769,2013-11-03 20:00:00,HIGH_ACTIVITY,2585.6612,1186.5037,HIGH_ACTIVITY: current activity 2585.66 is 2.18x the baseline 1186.50.
7769,2013-11-03 21:00:00,HIGH_ACTIVITY,2764.0902,1186.5037,HIGH_ACTIVITY: current activity 2764.09 is 2.33x the baseline 1186.50.
7769,2013-11-03 22:00:00,HIGH_ACTIVITY,2458.1588,1186.5037,HIGH_ACTIVITY: current activity 2458.16 is 2.07x the baseline 1186.50.
7770,2013-11-03 00:00:00,HIGH_ACTIVITY,1784.202,1003.6922000000001,HIGH_ACTIVITY: current activity 1784.20 is 1.78x the baseline 1003.69.
7770,2013-11-03 03:00:00,ACTIVITY_DROP,333.6031,1095.8939,ACTIVITY_DROP: current activity 333.60 is 0.30x the baseline 1095.89.
7770,2013-11-03 04:00:00,ACTIVITY_DROP,277.0651,1095.8939,ACTIVITY_DROP: current activity 277.07 is 0.25x the baseline 1095.89.
7770,2013-11-03 05:00:00,ACTIVITY_DROP,261.81239999999997,1095.8939,ACTIVITY_DROP: current activity 261.81 is 0.24x the baseline 1095.89.
7770,2013-11-03 06:00:00,ACTIVITY_DROP,294.5524,1095.8939,ACTIVITY_DROP: current activity 294.55 is 0.27x the baseline 1095.89.
7770,2013-11-03 07:00:00,ACTIVITY_SPIKE,520.9966,1095.8939,ACTIVITY_SPIKE: current activity 521.00 increased sharply from the previous hour 294.55.
7770,2013-11-03 07:00:00,ACTIVITY_DROP,520.9966,1095.8939,ACTIVITY_DROP: current activity 521.00 is 0.48x the baseline 1095.89.
7770,2013-11-03 08:00:00,ACTIVITY_DROP,413.46669999999995,1095.8939,ACTIVITY_DROP: current activity 413.47 is 0.38x the baseline 1095.89.
7770,2013-11-03 17:00:00,HIGH_ACTIVITY,1641.768,1003.6922000000001,HIGH_ACTIVITY: current activity 1641.77 is 1.64x the baseline 1003.69.
7770,2013-11-03 18:00:00,HIGH_ACTIVITY,1541.62,1003.6922000000001,HIGH_ACTIVITY: current activity 1541.62 is 1.54x the baseline 1003.69.
7770,2013-11-03 19:00:00,HIGH_ACTIVITY,1633.1405,1003.6922000000001,HIGH_ACTIVITY: current activity 1633.14 is 1.63x the baseline 1003.69.
7770,2013-11-03 20:00:00,HIGH_ACTIVITY,1736.1599,1003.6922000000001,HIGH_ACTIVITY: current activity 1736.16 is 1.73x the baseline 1003.69.
7770,2013-11-03 21:00:00,HIGH_ACTIVITY,1857.6738,1003.6922000000001,HIGH_ACTIVITY: current activity 1857.67 is 1.85x the baseline 1003.69.
7770,2013-11-03 22:00:00,HIGH_ACTIVITY,1700.6026000000002,1003.6922000000001,HIGH_ACTIVITY: current activity 1700.60 is 1.69x the baseline 1003.69.
7855,2013-11-03 03:00:00,ACTIVITY_DROP,478.0692,1052.7866999999999,ACTIVITY_DROP: current activity 478.07 is 0.45x the baseline 1052.79.
7855,2013-11-03 04:00:00,ACTIVITY_DROP,396.27299999999997,1052.7866999999999,ACTIVITY_DROP: current activity 396.27 is 0.38x the baseline 1052.79.
7855,2013-11-03 05:00:00,ACTIVITY_DROP,381.7119,1052.7866999999999,ACTIVITY_DROP: current activity 381.71 is 0.36x the baseline 1052.79.
7855,2013-11-03 06:00:00,ACTIVITY_DROP,391.8716,1052.7866999999999,ACTIVITY_DROP: current activity 391.87 is 0.37x the baseline 1052.79.
7855,2013-11-03 07:00:00,ACTIVITY_DROP,461.12199999999996,1052.7866999999999,ACTIVITY_DROP: current activity 461.12 is 0.44x the baseline 1052.79.
7855,2013-11-03 08:00:00,ACTIVITY_SPIKE,696.7609,1052.7866999999999,ACTIVITY_SPIKE: current activity 696.76 increased sharply from the previous hour 461.12.
7856,2013-11-03 03:00:00,ACTIVITY_DROP,524.9549999999999,1180.4486,ACTIVITY_DROP: current activity 524.95 is 0.44x the baseline 1180.45.
7856,2013-11-03 04:00:00,ACTIVITY_DROP,439.95599999999996,1180.4486,ACTIVITY_DROP: current activity 439.96 is 0.37x the baseline 1180.45.
7856,2013-11-03 05:00:00,ACTIVITY_DROP,411.9014,1180.4486,ACTIVITY_DROP: current activity 411.90 is 0.35x the baseline 1180.45.
7856,2013-11-03 06:00:00,ACTIVITY_DROP,426.4246,1180.4486,ACTIVITY_DROP: current activity 426.42 is 0.36x the baseline 1180.45.
7856,2013-11-03 07:00:00,ACTIVITY_DROP,524.2806,1180.4486,ACTIVITY_DROP: current activity 524.28 is 0.44x the baseline 1180.45.
7856,2013-11-03 08:00:00,ACTIVITY_SPIKE,793.8466,1180.4486,ACTIVITY_SPIKE: current activity 793.85 increased sharply from the previous hour 524.28.
7856,2013-11-03 17:00:00,HIGH_ACTIVITY,1696.2708,1108.495,HIGH_ACTIVITY: current activity 1696.27 is 1.53x the baseline 1108.49.
7868,2013-11-03 00:00:00,HIGH_ACTIVITY,2898.5835,1130.3222,HIGH_ACTIVITY: current activity 2898.58 is 2.56x the baseline 1130.32.
7868,2013-11-03 01:00:00,HIGH_ACTIVITY,1732.6388,1130.3222,HIGH_ACTIVITY: current activity 1732.64 is 1.53x the baseline 1130.32.
7868,2013-11-03 03:00:00,ACTIVITY_DROP,287.38370000000003,1181.6177999999998,ACTIVITY_DROP: current activity 287.38 is 0.24x the baseline 1181.62.
7868,2013-11-03 04:00:00,ACTIVITY_DROP,213.8807,1181.6177999999998,ACTIVITY_DROP: current activity 213.88 is 0.18x the baseline 1181.62.
7868,2013-11-03 05:00:00,ACTIVITY_DROP,211.3471,1181.6177999999998,ACTIVITY_DROP: current activity 211.35 is 0.18x the baseline 1181.62.
7868,2013-11-03 06:00:00,ACTIVITY_DROP,230.9925,1181.6177999999998,ACTIVITY_DROP: current activity 230.99 is 0.20x the baseline 1181.62.
7868,2013-11-03 07:00:00,ACTIVITY_SPIKE,530.475,1181.6177999999998,ACTIVITY_SPIKE: current activity 530.48 increased sharply from the previous hour 230.99.
7868,2013-11-03 07:00:00,ACTIVITY_DROP,530.475,1181.6177999999998,ACTIVITY_DROP: current activity 530.48 is 0.45x the baseline 1181.62.
7868,2013-11-03 08:00:00,ACTIVITY_DROP,270.5636,1181.6177999999998,ACTIVITY_DROP: current activity 270.56 is 0.23x the baseline 1181.62.
7868,2013-11-03 09:00:00,ACTIVITY_SPIKE,417.7985,1181.6177999999998,ACTIVITY_SPIKE: current activity 417.80 increased sharply from the previous hour 270.56.
7868,2013-11-03 09:00:00,ACTIVITY_DROP,417.7985,1181.6177999999998,ACTIVITY_DROP: current activity 417.80 is 0.35x the baseline 1181.62.
7868,2013-11-03 10:00:00,ACTIVITY_DROP,500.8621,1181.6177999999998,ACTIVITY_DROP: current activity 500.86 is 0.42x the baseline 1181.62.
7868,2013-11-03 16:00:00,HIGH_ACTIVITY,1714.9543,1130.3222,HIGH_ACTIVITY: current activity 1714.95 is 1.52x the baseline 1130.32.
7868,2013-11-03 16:00:00,ACTIVITY_SPIKE,1714.9543,1130.3222,ACTIVITY_SPIKE: current activity 1714.95 increased sharply from the previous hour 1130.32.
7868,2013-11-03 17:00:00,HIGH_ACTIVITY,2049.6343,1130.3222,HIGH_ACTIVITY: current activity 2049.63 is 1.81x the baseline 1130.32.
7868,2013-11-03 18:00:00,HIGH_ACTIVITY,2013.2139000000002,1130.3222,HIGH_ACTIVITY: current activity 2013.21 is 1.78x the baseline 1130.32.
7868,2013-11-03 19:00:00,HIGH_ACTIVITY,2404.7270000000003,1130.3222,HIGH_ACTIVITY: current activity 2404.73 is 2.13x the baseline 1130.32.
7868,2013-11-03 20:00:00,HIGH_ACTIVITY,2515.1987,1130.3222,HIGH_ACTIVITY: current activity 2515.20 is 2.23x the baseline 1130.32.
7868,2013-11-03 21:00:00,HIGH_ACTIVITY,2668.7581000000005,1130.3222,HIGH_ACTIVITY: current activity 2668.76 is 2.36x the baseline 1130.32.
7868,2013-11-03 22:00:00,HIGH_ACTIVITY,2330.9516999999996,1130.3222,HIGH_ACTIVITY: current activity 2330.95 is 2.06x the baseline 1130.32.
7869,2013-11-03 00:00:00,HIGH_ACTIVITY,3205.0734,1185.9266,HIGH_ACTIVITY: current activity 3205.07 is 2.70x the baseline 1185.93.
7869,2013-11-03 01:00:00,HIGH_ACTIVITY,1936.2260999999999,1185.9266,HIGH_ACTIVITY: current activity 1936.23 is 1.63x the baseline 1185.93.
7869,2013-11-03 03:00:00,ACTIVITY_DROP,301.5099,1249.6624,ACTIVITY_DROP: current activity 301.51 is 0.24x the baseline 1249.66.
7869,2013-11-03 04:00:00,ACTIVITY_DROP,218.0008,1249.6624,ACTIVITY_DROP: current activity 218.00 is 0.17x the baseline 1249.66.
7869,2013-11-03 05:00:00,ACTIVITY_DROP,209.6119,1249.6624,ACTIVITY_DROP: current activity 209.61 is 0.17x the baseline 1249.66.
7869,2013-11-03 06:00:00,ACTIVITY_DROP,223.4144,1249.6624,ACTIVITY_DROP: current activity 223.41 is 0.18x the baseline 1249.66.
7869,2013-11-03 07:00:00,ACTIVITY_SPIKE,585.7123,1249.6624,ACTIVITY_SPIKE: current activity 585.71 increased sharply from the previous hour 223.41.
7869,2013-11-03 07:00:00,ACTIVITY_DROP,585.7123,1249.6624,ACTIVITY_DROP: current activity 585.71 is 0.47x the baseline 1249.66.
7869,2013-11-03 08:00:00,ACTIVITY_DROP,260.6486,1249.6624,ACTIVITY_DROP: current activity 260.65 is 0.21x the baseline 1249.66.
7869,2013-11-03 09:00:00,ACTIVITY_SPIKE,400.1526,1249.6624,ACTIVITY_SPIKE: current activity 400.15 increased sharply from the previous hour 260.65.
7869,2013-11-03 09:00:00,ACTIVITY_DROP,400.1526,1249.6624,ACTIVITY_DROP: current activity 400.15 is 0.32x the baseline 1249.66.
7869,2013-11-03 10:00:00,ACTIVITY_DROP,464.3641,1249.6624,ACTIVITY_DROP: current activity 464.36 is 0.37x the baseline 1249.66.
7869,2013-11-03 11:00:00,ACTIVITY_DROP,597.9311,1249.6624,ACTIVITY_DROP: current activity 597.93 is 0.48x the baseline 1249.66.
7869,2013-11-03 13:00:00,ACTIVITY_SPIKE,1249.6624,1185.9266,ACTIVITY_SPIKE: current activity 1249.66 increased sharply from the previous hour 825.96.
7869,2013-11-03 16:00:00,HIGH_ACTIVITY,1787.7399,1185.9266,HIGH_ACTIVITY: current activity 1787.74 is 1.51x the baseline 1185.93.
7869,2013-11-03 16:00:00,ACTIVITY_SPIKE,1787.7399,1185.9266,ACTIVITY_SPIKE: current activity 1787.74 increased sharply from the previous hour 1185.93.
7869,2013-11-03 17:00:00,HIGH_ACTIVITY,2145.6414,1185.9266,HIGH_ACTIVITY: current activity 2145.64 is 1.81x the baseline 1185.93.
7869,2013-11-03 18:00:00,HIGH_ACTIVITY,2090.9873000000002,1185.9266,HIGH_ACTIVITY: current activity 2090.99 is 1.76x the baseline 1185.93.
7869,2013-11-03 19:00:00,HIGH_ACTIVITY,2492.1306,1185.9266,HIGH_ACTIVITY: current activity 2492.13 is 2.10x the baseline 1185.93.
7869,2013-11-03 20:00:00,HIGH_ACTIVITY,2614.4213,1185.9266,HIGH_ACTIVITY: current activity 2614.42 is 2.20x the baseline 1185.93.
7869,2013-11-03 21:00:00,HIGH_ACTIVITY,2855.8402999999994,1185.9266,HIGH_ACTIVITY: current activity 2855.84 is 2.41x the baseline 1185.93.
7869,2013-11-03 22:00:00,HIGH_ACTIVITY,2540.3933,1185.9266,HIGH_ACTIVITY: current activity 2540.39 is 2.14x the baseline 1185.93.
7870,2013-11-03 00:00:00,HIGH_ACTIVITY,2283.0418,943.8218000000002,HIGH_ACTIVITY: current activity 2283.04 is 2.42x the baseline 943.82.
7870,2013-11-03 03:00:00,ACTIVITY_DROP,292.3169,985.0654,ACTIVITY_DROP: current activity 292.32 is 0.30x the baseline 985.07.
7870,2013-11-03 04:00:00,ACTIVITY_DROP,229.5056,985.0654,ACTIVITY_DROP: current activity 229.51 is 0.23x the baseline 985.07.
7870,2013-11-03 05:00:00,ACTIVITY_DROP,223.7903,985.0654,ACTIVITY_DROP: current activity 223.79 is 0.23x the baseline 985.07.
7870,2013-11-03 06:00:00,ACTIVITY_DROP,244.7656,985.0654,ACTIVITY_DROP: current activity 244.77 is 0.25x the baseline 985.07.
7870,2013-11-03 07:00:00,ACTIVITY_SPIKE,571.0462,985.0654,ACTIVITY_SPIKE: current activity 571.05 increased sharply from the previous hour 244.77.
7870,2013-11-03 08:00:00,ACTIVITY_DROP,289.4067,985.0654,ACTIVITY_DROP: current activity 289.41 is 0.29x the baseline 985.07.
7870,2013-11-03 09:00:00,ACTIVITY_SPIKE,475.1239,985.0654,ACTIVITY_SPIKE: current activity 475.12 increased sharply from the previous hour 289.41.
7870,2013-11-03 09:00:00,ACTIVITY_DROP,475.1239,985.0654,ACTIVITY_DROP: current activity 475.12 is 0.48x the baseline 985.07.
7870,2013-11-03 17:00:00,HIGH_ACTIVITY,1612.5906,943.8218000000002,HIGH_ACTIVITY: current activity 1612.59 is 1.71x the baseline 943.82.
7870,2013-11-03 18:00:00,HIGH_ACTIVITY,1628.0008,943.8218000000002,HIGH_ACTIVITY: current activity 1628.00 is 1.72x the baseline 943.82.
7870,2013-11-03 19:00:00,HIGH_ACTIVITY,1872.4177000000002,943.8218000000002,HIGH_ACTIVITY: current activity 1872.42 is 1.98x the baseline 943.82.
7870,2013-11-03 20:00:00,HIGH_ACTIVITY,2026.0719,943.8218000000002,HIGH_ACTIVITY: current activity 2026.07 is 2.15x the baseline 943.82.
7870,2013-11-03 21:00:00,HIGH_ACTIVITY,2167.6031000000003,943.8218000000002,HIGH_ACTIVITY: current activity 2167.60 is 2.30x the baseline 943.82.
7870,2013-11-03 22:00:00,HIGH_ACTIVITY,1884.2717,943.8218000000002,HIGH_ACTIVITY: current activity 1884.27 is 2.00x the baseline 943.82.
7889,2013-11-03 02:00:00,ACTIVITY_DROP,417.17159999999996,933.9341999999999,ACTIVITY_DROP: current activity 417.17 is 0.45x the baseline 933.93.
7889,2013-11-03 03:00:00,ACTIVITY_DROP,334.794,933.9341999999999,ACTIVITY_DROP: current activity 334.79 is 0.36x the baseline 933.93.
7889,2013-11-03 04:00:00,ACTIVITY_DROP,308.8725,933.9341999999999,ACTIVITY_DROP: current activity 308.87 is 0.33x the baseline 933.93.
7889,2013-11-03 05:00:00,ACTIVITY_DROP,322.21259999999995,933.9341999999999,ACTIVITY_DROP: current activity 322.21 is 0.35x the baseline 933.93.
7889,2013-11-03 06:00:00,ACTIVITY_DROP,339.876,933.9341999999999,ACTIVITY_DROP: current activity 339.88 is 0.36x the baseline 933.93.
7889,2013-11-03 07:00:00,ACTIVITY_DROP,437.0634,933.9341999999999,ACTIVITY_DROP: current activity 437.06 is 0.47x the baseline 933.93.
7952,2013-11-03 02:00:00,ACTIVITY_DROP,482.46139999999997,1140.5589,ACTIVITY_DROP: current activity 482.46 is 0.42x the baseline 1140.56.
7952,2013-11-03 03:00:00,ACTIVITY_DROP,509.28499999999997,1140.5589,ACTIVITY_DROP: current activity 509.28 is 0.45x the baseline 1140.56.
7952,2013-11-03 04:00:00,ACTIVITY_DROP,447.40130000000005,1140.5589,ACTIVITY_DROP: current activity 447.40 is 0.39x the baseline 1140.56.
7952,2013-11-03 05:00:00,ACTIVITY_DROP,385.074,1140.5589,ACTIVITY_DROP: current activity 385.07 is 0.34x the baseline 1140.56.
7952,2013-11-03 06:00:00,ACTIVITY_DROP,360.2581,1140.5589,ACTIVITY_DROP: current activity 360.26 is 0.32x the baseline 1140.56.
7952,2013-11-03 07:00:00,ACTIVITY_DROP,423.23109999999997,1140.5589,ACTIVITY_DROP: current activity 423.23 is 0.37x the baseline 1140.56.
7952,2013-11-03 08:00:00,ACTIVITY_SPIKE,792.1725,1140.5589,ACTIVITY_SPIKE: current activity 792.17 increased sharply from the previous hour 423.23.
7952,2013-11-03 10:00:00,ACTIVITY_SPIKE,1303.6296999999997,1129.403,ACTIVITY_SPIKE: current activity 1303.63 increased sharply from the previous hour 837.14.
7952,2013-11-03 17:00:00,HIGH_ACTIVITY,1770.3723,1129.403,HIGH_ACTIVITY: current activity 1770.37 is 1.57x the baseline 1129.40.
7953,2013-11-03 02:00:00,ACTIVITY_DROP,457.1684,1009.611,ACTIVITY_DROP: current activity 457.17 is 0.45x the baseline 1009.61.
7953,2013-11-03 03:00:00,ACTIVITY_DROP,458.5121,1009.611,ACTIVITY_DROP: current activity 458.51 is 0.45x the baseline 1009.61.
7953,2013-11-03 04:00:00,ACTIVITY_DROP,392.13390000000004,1009.611,ACTIVITY_DROP: current activity 392.13 is 0.39x the baseline 1009.61.
7953,2013-11-03 05:00:00,ACTIVITY_DROP,361.0489,1009.611,ACTIVITY_DROP: current activity 361.05 is 0.36x the baseline 1009.61.
7953,2013-11-03 06:00:00,ACTIVITY_DROP,343.9887,1009.611,ACTIVITY_DROP: current activity 343.99 is 0.34x the baseline 1009.61.
7953,2013-11-03 07:00:00,ACTIVITY_DROP,379.15639999999996,1009.611,ACTIVITY_DROP: current activity 379.16 is 0.38x the baseline 1009.61.
7953,2013-11-03 08:00:00,ACTIVITY_SPIKE,674.0751,1009.611,ACTIVITY_SPIKE: current activity 674.08 increased sharply from the previous hour 379.16.
7953,2013-11-03 17:00:00,HIGH_ACTIVITY,1527.2816,1005.0798,HIGH_ACTIVITY: current activity 1527.28 is 1.52x the baseline 1005.08.
7969,2013-11-03 00:00:00,HIGH_ACTIVITY,3029.3849,1142.9756000000002,HIGH_ACTIVITY: current activity 3029.38 is 2.65x the baseline 1142.98.
7969,2013-11-03 01:00:00,HIGH_ACTIVITY,1837.6925,1142.9756000000002,HIGH_ACTIVITY: current activity 1837.69 is 1.61x the baseline 1142.98.
7969,2013-11-03 03:00:00,ACTIVITY_DROP,292.13120000000004,1196.5028,ACTIVITY_DROP: current activity 292.13 is 0.24x the baseline 1196.50.
7969,2013-11-03 04:00:00,ACTIVITY_DROP,213.042,1196.5028,ACTIVITY_DROP: current activity 213.04 is 0.18x the baseline 1196.50.
7969,2013-11-03 05:00:00,ACTIVITY_DROP,204.82450000000003,1196.5028,ACTIVITY_DROP: current activity 204.82 is 0.17x the baseline 1196.50.
7969,2013-11-03 06:00:00,ACTIVITY_DROP,218.0433,1196.5028,ACTIVITY_DROP: current activity 218.04 is 0.18x the baseline 1196.50.
7969,2013-11-03 07:00:00,ACTIVITY_SPIKE,560.7711999999999,1196.5028,ACTIVITY_SPIKE: current activity 560.77 increased sharply from the previous hour 218.04.
7969,2013-11-03 07:00:00,ACTIVITY_DROP,560.7711999999999,1196.5028,ACTIVITY_DROP: current activity 560.77 is 0.47x the baseline 1196.50.
7969,2013-11-03 08:00:00,ACTIVITY_DROP,259.4528,1196.5028,ACTIVITY_DROP: current activity 259.45 is 0.22x the baseline 1196.50.
7969,2013-11-03 09:00:00,ACTIVITY_SPIKE,393.1296,1196.5028,ACTIVITY_SPIKE: current activity 393.13 increased sharply from the previous hour 259.45.
7969,2013-11-03 09:00:00,ACTIVITY_DROP,393.1296,1196.5028,ACTIVITY_DROP: current activity 393.13 is 0.33x the baseline 1196.50.
7969,2013-11-03 10:00:00,ACTIVITY_DROP,459.8575,1196.5028,ACTIVITY_DROP: current activity 459.86 is 0.38x the baseline 1196.50.
7969,2013-11-03 11:00:00,ACTIVITY_DROP,589.9572,1196.5028,ACTIVITY_DROP: current activity 589.96 is 0.49x the baseline 1196.50.
7969,2013-11-03 13:00:00,ACTIVITY_SPIKE,1196.5028,1142.9756000000002,ACTIVITY_SPIKE: current activity 1196.50 increased sharply from the previous hour 797.23.
7969,2013-11-03 16:00:00,HIGH_ACTIVITY,1714.6000999999999,1142.9756000000002,HIGH_ACTIVITY: current activity 1714.60 is 1.50x the baseline 1142.98.
7969,2013-11-03 16:00:00,ACTIVITY_SPIKE,1714.6000999999999,1142.9756000000002,ACTIVITY_SPIKE: current activity 1714.60 increased sharply from the previous hour 1142.98.
7969,2013-11-03 17:00:00,HIGH_ACTIVITY,2055.5585,1142.9756000000002,HIGH_ACTIVITY: current activity 2055.56 is 1.80x the baseline 1142.98.
7969,2013-11-03 18:00:00,HIGH_ACTIVITY,2003.0541000000003,1142.9756000000002,HIGH_ACTIVITY: current activity 2003.05 is 1.75x the baseline 1142.98.
7969,2013-11-03 19:00:00,HIGH_ACTIVITY,2375.441,1142.9756000000002,HIGH_ACTIVITY: current activity 2375.44 is 2.08x the baseline 1142.98.
7969,2013-11-03 20:00:00,HIGH_ACTIVITY,2485.7555,1142.9756000000002,HIGH_ACTIVITY: current activity 2485.76 is 2.17x the baseline 1142.98.
7969,2013-11-03 21:00:00,HIGH_ACTIVITY,2701.2724,1142.9756000000002,HIGH_ACTIVITY: current activity 2701.27 is 2.36x the baseline 1142.98.
7969,2013-11-03 22:00:00,HIGH_ACTIVITY,2405.5170000000003,1142.9756000000002,HIGH_ACTIVITY: current activity 2405.52 is 2.10x the baseline 1142.98.
7989,2013-11-03 02:00:00,ACTIVITY_DROP,610.1303999999999,1271.3049,ACTIVITY_DROP: current activity 610.13 is 0.48x the baseline 1271.30.
7989,2013-11-03 03:00:00,ACTIVITY_DROP,461.3624,1271.3049,ACTIVITY_DROP: current activity 461.36 is 0.36x the baseline 1271.30.
7989,2013-11-03 04:00:00,ACTIVITY_DROP,418.32849999999996,1271.3049,ACTIVITY_DROP: current activity 418.33 is 0.33x the baseline 1271.30.
7989,2013-11-03 05:00:00,ACTIVITY_DROP,412.1553,1271.3049,ACTIVITY_DROP: current activity 412.16 is 0.32x the baseline 1271.30.
7989,2013-11-03 06:00:00,ACTIVITY_DROP,443.2324,1271.3049,ACTIVITY_DROP: current activity 443.23 is 0.35x the baseline 1271.30.
7989,2013-11-03 07:00:00,ACTIVITY_DROP,574.1722000000001,1271.3049,ACTIVITY_DROP: current activity 574.17 is 0.45x the baseline 1271.30.
7990,2013-11-03 02:00:00,ACTIVITY_DROP,574.1069,1227.1263,ACTIVITY_DROP: current activity 574.11 is 0.47x the baseline 1227.13.
7990,2013-11-03 03:00:00,ACTIVITY_DROP,442.7617,1227.1263,ACTIVITY_DROP: current activity 442.76 is 0.36x the baseline 1227.13.
7990,2013-11-03 04:00:00,ACTIVITY_DROP,402.7663,1227.1263,ACTIVITY_DROP: current activity 402.77 is 0.33x the baseline 1227.13.
7990,2013-11-03 05:00:00,ACTIVITY_DROP,402.4581,1227.1263,ACTIVITY_DROP: current activity 402.46 is 0.33x the baseline 1227.13.
7990,2013-11-03 06:00:00,ACTIVITY_DROP,431.7814,1227.1263,ACTIVITY_DROP: current activity 431.78 is 0.35x the baseline 1227.13.
7990,2013-11-03 07:00:00,ACTIVITY_DROP,562.2892999999999,1227.1263,ACTIVITY_DROP: current activity 562.29 is 0.46x the baseline 1227.13.
7991,2013-11-03 02:00:00,ACTIVITY_DROP,409.6706,961.0857,ACTIVITY_DROP: current activity 409.67 is 0.43x the baseline 961.09.
7991,2013-11-03 03:00:00,ACTIVITY_DROP,345.2617,961.0857,ACTIVITY_DROP: current activity 345.26 is 0.36x the baseline 961.09.
7991,2013-11-03 04:00:00,ACTIVITY_DROP,318.6867,961.0857,ACTIVITY_DROP: current activity 318.69 is 0.33x the baseline 961.09.
7991,2013-11-03 05:00:00,ACTIVITY_DROP,338.19930000000005,961.0857,ACTIVITY_DROP: current activity 338.20 is 0.35x the baseline 961.09.
7991,2013-11-03 06:00:00,ACTIVITY_DROP,353.233,961.0857,ACTIVITY_DROP: current activity 353.23 is 0.37x the baseline 961.09.
7991,2013-11-03 07:00:00,ACTIVITY_DROP,460.0133,961.0857,ACTIVITY_DROP: current activity 460.01 is 0.48x the baseline 961.09.
8052,2013-11-03 02:00:00,ACTIVITY_DROP,402.2067,949.3520000000001,ACTIVITY_DROP: current activity 402.21 is 0.42x the baseline 949.35.
8052,2013-11-03 03:00:00,ACTIVITY_DROP,398.0543,949.3520000000001,ACTIVITY_DROP: current activity 398.05 is 0.42x the baseline 949.35.
8052,2013-11-03 04:00:00,ACTIVITY_DROP,379.5357,949.3520000000001,ACTIVITY_DROP: current activity 379.54 is 0.40x the baseline 949.35.
8052,2013-11-03 05:00:00,ACTIVITY_DROP,330.1628,949.3520000000001,ACTIVITY_DROP: current activity 330.16 is 0.35x the baseline 949.35.
8052,2013-11-03 06:00:00,ACTIVITY_DROP,299.9976,949.3520000000001,ACTIVITY_DROP: current activity 300.00 is 0.32x the baseline 949.35.
8052,2013-11-03 07:00:00,ACTIVITY_DROP,352.0833,949.3520000000001,ACTIVITY_DROP: current activity 352.08 is 0.37x the baseline 949.35.
8052,2013-11-03 08:00:00,ACTIVITY_SPIKE,617.3815,949.3520000000001,ACTIVITY_SPIKE: current activity 617.38 increased sharply from the previous hour 352.08.
8053,2013-11-03 02:00:00,ACTIVITY_DROP,560.7486,1262.3749,ACTIVITY_DROP: current activity 560.75 is 0.44x the baseline 1262.37.
8053,2013-11-03 03:00:00,ACTIVITY_DROP,550.4907,1262.3749,ACTIVITY_DROP: current activity 550.49 is 0.44x the baseline 1262.37.
8053,2013-11-03 04:00:00,ACTIVITY_DROP,462.1112,1262.3749,ACTIVITY_DROP: current activity 462.11 is 0.37x the baseline 1262.37.
8053,2013-11-03 05:00:00,ACTIVITY_DROP,419.045,1262.3749,ACTIVITY_DROP: current activity 419.05 is 0.33x the baseline 1262.37.
8053,2013-11-03 06:00:00,ACTIVITY_DROP,403.64549999999997,1262.3749,ACTIVITY_DROP: current activity 403.65 is 0.32x the baseline 1262.37.
8053,2013-11-03 07:00:00,ACTIVITY_DROP,471.8939,1262.3749,ACTIVITY_DROP: current activity 471.89 is 0.37x the baseline 1262.37.
8053,2013-11-03 08:00:00,ACTIVITY_SPIKE,775.0672000000001,1262.3749,ACTIVITY_SPIKE: current activity 775.07 increased sharply from the previous hour 471.89.
8054,2013-11-03 04:00:00,ACTIVITY_DROP,519.9595,1297.7354,ACTIVITY_DROP: current activity 519.96 is 0.40x the baseline 1297.74.
8054,2013-11-03 05:00:00,ACTIVITY_DROP,497.1668,1297.7354,ACTIVITY_DROP: current activity 497.17 is 0.38x the baseline 1297.74.
8054,2013-11-03 06:00:00,ACTIVITY_DROP,491.50129999999996,1297.7354,ACTIVITY_DROP: current activity 491.50 is 0.38x the baseline 1297.74.
8054,2013-11-03 07:00:00,ACTIVITY_DROP,575.4348,1297.7354,ACTIVITY_DROP: current activity 575.43 is 0.44x the baseline 1297.74.
8055,2013-11-03 03:00:00,ACTIVITY_DROP,464.821,964.9001999999998,ACTIVITY_DROP: current activity 464.82 is 0.48x the baseline 964.90.
8055,2013-11-03 04:00:00,ACTIVITY_DROP,378.03430000000003,964.9001999999998,ACTIVITY_DROP: current activity 378.03 is 0.39x the baseline 964.90.
8055,2013-11-03 05:00:00,ACTIVITY_DROP,357.19980000000004,964.9001999999998,ACTIVITY_DROP: current activity 357.20 is 0.37x the baseline 964.90.
8055,2013-11-03 06:00:00,ACTIVITY_DROP,354.6587,964.9001999999998,ACTIVITY_DROP: current activity 354.66 is 0.37x the baseline 964.90.
8055,2013-11-03 07:00:00,ACTIVITY_DROP,418.53020000000004,964.9001999999998,ACTIVITY_DROP: current activity 418.53 is 0.43x the baseline 964.90.
8089,2013-11-03 03:00:00,ACTIVITY_DROP,452.4125,1119.9535,ACTIVITY_DROP: current activity 452.41 is 0.40x the baseline 1119.95.
8089,2013-11-03 04:00:00,ACTIVITY_DROP,408.8059,1119.9535,ACTIVITY_DROP: current activity 408.81 is 0.37x the baseline 1119.95.
8089,2013-11-03 05:00:00,ACTIVITY_DROP,378.2413,1119.9535,ACTIVITY_DROP: current activity 378.24 is 0.34x the baseline 1119.95.
8089,2013-11-03 06:00:00,ACTIVITY_DROP,384.88669999999996,1119.9535,ACTIVITY_DROP: current activity 384.89 is 0.34x the baseline 1119.95.
8089,2013-11-03 07:00:00,ACTIVITY_DROP,455.0811,1119.9535,ACTIVITY_DROP: current activity 455.08 is 0.41x the baseline 1119.95.
8089,2013-11-03 09:00:00,ACTIVITY_SPIKE,1320.888,1098.5604,ACTIVITY_SPIKE: current activity 1320.89 increased sharply from the previous hour 621.03.
8090,2013-11-03 02:00:00,ACTIVITY_DROP,611.5144999999999,1268.5031,ACTIVITY_DROP: current activity 611.51 is 0.48x the baseline 1268.50.
8090,2013-11-03 03:00:00,ACTIVITY_DROP,461.0881,1268.5031,ACTIVITY_DROP: current activity 461.09 is 0.36x the baseline 1268.50.
8090,2013-11-03 04:00:00,ACTIVITY_DROP,418.0369,1268.5031,ACTIVITY_DROP: current activity 418.04 is 0.33x the baseline 1268.50.
8090,2013-11-03 05:00:00,ACTIVITY_DROP,411.11670000000004,1268.5031,ACTIVITY_DROP: current activity 411.12 is 0.32x the baseline 1268.50.
8090,2013-11-03 06:00:00,ACTIVITY_DROP,442.2129,1268.5031,ACTIVITY_DROP: current activity 442.21 is 0.35x the baseline 1268.50.
8090,2013-11-03 07:00:00,ACTIVITY_DROP,573.3034,1268.5031,ACTIVITY_DROP: current activity 573.30 is 0.45x the baseline 1268.50.
8091,2013-11-03 02:00:00,ACTIVITY_DROP,455.9185,1002.5547,ACTIVITY_DROP: current activity 455.92 is 0.45x the baseline 1002.55.
8091,2013-11-03 03:00:00,ACTIVITY_DROP,367.2345,1002.5547,ACTIVITY_DROP: current activity 367.23 is 0.37x the baseline 1002.55.
8091,2013-11-03 04:00:00,ACTIVITY_DROP,326.0378,1002.5547,ACTIVITY_DROP: current activity 326.04 is 0.33x the baseline 1002.55.
8091,2013-11-03 05:00:00,ACTIVITY_DROP,329.0124,1002.5547,ACTIVITY_DROP: current activity 329.01 is 0.33x the baseline 1002.55.
8091,2013-11-03 06:00:00,ACTIVITY_DROP,378.2403,1002.5547,ACTIVITY_DROP: current activity 378.24 is 0.38x the baseline 1002.55.
8091,2013-11-03 07:00:00,ACTIVITY_DROP,482.22600000000006,1002.5547,ACTIVITY_DROP: current activity 482.23 is 0.48x the baseline 1002.55.
8154,2013-11-03 04:00:00,ACTIVITY_DROP,475.898,1174.4284,ACTIVITY_DROP: current activity 475.90 is 0.41x the baseline 1174.43.
8154,2013-11-03 05:00:00,ACTIVITY_DROP,449.9578,1174.4284,ACTIVITY_DROP: current activity 449.96 is 0.38x the baseline 1174.43.
8154,2013-11-03 06:00:00,ACTIVITY_DROP,444.87,1174.4284,ACTIVITY_DROP: current activity 444.87 is 0.38x the baseline 1174.43.
8154,2013-11-03 07:00:00,ACTIVITY_DROP,526.5988,1174.4284,ACTIVITY_DROP: current activity 526.60 is 0.45x the baseline 1174.43.
8169,2013-11-03 01:00:00,ACTIVITY_DROP,265.5852,990.6329,ACTIVITY_DROP: current activity 265.59 is 0.27x the baseline 990.63.
8169,2013-11-03 02:00:00,ACTIVITY_DROP,182.942,990.6329,ACTIVITY_DROP: current activity 182.94 is 0.18x the baseline 990.63.
8169,2013-11-03 03:00:00,ACTIVITY_DROP,171.722,990.6329,ACTIVITY_DROP: current activity 171.72 is 0.17x the baseline 990.63.
8169,2013-11-03 04:00:00,ACTIVITY_DROP,155.8586,990.6329,ACTIVITY_DROP: current activity 155.86 is 0.16x the baseline 990.63.
8169,2013-11-03 05:00:00,ACTIVITY_DROP,184.8243,990.6329,ACTIVITY_DROP: current activity 184.82 is 0.19x the baseline 990.63.
8169,2013-11-03 06:00:00,ACTIVITY_DROP,223.2238,990.6329,ACTIVITY_DROP: current activity 223.22 is 0.23x the baseline 990.63.
8169,2013-11-03 07:00:00,ACTIVITY_DROP,269.0964,990.6329,ACTIVITY_DROP: current activity 269.10 is 0.27x the baseline 990.63.
8169,2013-11-03 08:00:00,ACTIVITY_DROP,313.8734,990.6329,ACTIVITY_DROP: current activity 313.87 is 0.32x the baseline 990.63.
8169,2013-11-03 09:00:00,ACTIVITY_SPIKE,895.3269,990.6329,ACTIVITY_SPIKE: current activity 895.33 increased sharply from the previous hour 313.87.
8169,2013-11-03 23:00:00,ACTIVITY_DROP,357.3017,990.6329,ACTIVITY_DROP: current activity 357.30 is 0.36x the baseline 990.63.
8171,2013-11-03 04:00:00,ACTIVITY_DROP,463.31399999999996,952.7913,ACTIVITY_DROP: current activity 463.31 is 0.49x the baseline 952.79.
8171,2013-11-03 05:00:00,ACTIVITY_DROP,440.524,952.7913,ACTIVITY_DROP: current activity 440.52 is 0.46x the baseline 952.79.
8171,2013-11-03 07:00:00,ACTIVITY_DROP,468.4872,952.7913,ACTIVITY_DROP: current activity 468.49 is 0.49x the baseline 952.79.
8171,2013-11-03 18:00:00,HIGH_ACTIVITY,1438.4199,938.8173,HIGH_ACTIVITY: current activity 1438.42 is 1.53x the baseline 938.82.
8189,2013-11-03 03:00:00,ACTIVITY_DROP,423.11469999999997,1016.6015,ACTIVITY_DROP: current activity 423.11 is 0.42x the baseline 1016.60.
8189,2013-11-03 04:00:00,ACTIVITY_DROP,379.0537,1016.6015,ACTIVITY_DROP: current activity 379.05 is 0.37x the baseline 1016.60.
8189,2013-11-03 05:00:00,ACTIVITY_DROP,350.58489999999995,1016.6015,ACTIVITY_DROP: current activity 350.58 is 0.34x the baseline 1016.60.
8189,2013-11-03 06:00:00,ACTIVITY_DROP,356.2654,1016.6015,ACTIVITY_DROP: current activity 356.27 is 0.35x the baseline 1016.60.
8189,2013-11-03 07:00:00,ACTIVITY_DROP,458.82259999999997,1016.6015,ACTIVITY_DROP: current activity 458.82 is 0.45x the baseline 1016.60.
8189,2013-11-03 09:00:00,ACTIVITY_SPIKE,1262.5154000000002,1000.3466999999999,ACTIVITY_SPIKE: current activity 1262.52 increased sharply from the previous hour 587.44.
8190,2013-11-03 02:00:00,ACTIVITY_DROP,557.9461,1122.8211999999999,ACTIVITY_DROP: current activity 557.95 is 0.50x the baseline 1122.82.
8190,2013-11-03 03:00:00,ACTIVITY_DROP,428.50370000000004,1122.8211999999999,ACTIVITY_DROP: current activity 428.50 is 0.38x the baseline 1122.82.
8190,2013-11-03 04:00:00,ACTIVITY_DROP,385.2509,1122.8211999999999,ACTIVITY_DROP: current activity 385.25 is 0.34x the baseline 1122.82.
8190,2013-11-03 05:00:00,ACTIVITY_DROP,372.33029999999997,1122.8211999999999,ACTIVITY_DROP: current activity 372.33 is 0.33x the baseline 1122.82.
8190,2013-11-03 06:00:00,ACTIVITY_DROP,394.0691,1122.8211999999999,ACTIVITY_DROP: current activity 394.07 is 0.35x the baseline 1122.82.
8190,2013-11-03 07:00:00,ACTIVITY_DROP,559.2971000000001,1122.8211999999999,ACTIVITY_DROP: current activity 559.30 is 0.50x the baseline 1122.82.
8190,2013-11-03 09:00:00,ACTIVITY_SPIKE,974.152,1122.8211999999999,ACTIVITY_SPIKE: current activity 974.15 increased sharply from the previous hour 603.07.
8191,2013-11-03 02:00:00,ACTIVITY_DROP,449.9134,995.5803,ACTIVITY_DROP: current activity 449.91 is 0.45x the baseline 995.58.
8191,2013-11-03 03:00:00,ACTIVITY_DROP,363.3258,995.5803,ACTIVITY_DROP: current activity 363.33 is 0.36x the baseline 995.58.
8191,2013-11-03 04:00:00,ACTIVITY_DROP,321.828,995.5803,ACTIVITY_DROP: current activity 321.83 is 0.32x the baseline 995.58.
8191,2013-11-03 05:00:00,ACTIVITY_DROP,324.3301,995.5803,ACTIVITY_DROP: current activity 324.33 is 0.33x the baseline 995.58.
8191,2013-11-03 06:00:00,ACTIVITY_DROP,373.682,995.5803,ACTIVITY_DROP: current activity 373.68 is 0.38x the baseline 995.58.
8191,2013-11-03 07:00:00,ACTIVITY_DROP,480.5695,995.5803,ACTIVITY_DROP: current activity 480.57 is 0.48x the baseline 995.58.
8271,2013-11-03 03:00:00,ACTIVITY_DROP,817.8453999999999,1855.0535,ACTIVITY_DROP: current activity 817.85 is 0.44x the baseline 1855.05.
8271,2013-11-03 04:00:00,ACTIVITY_DROP,731.4933,1855.0535,ACTIVITY_DROP: current activity 731.49 is 0.39x the baseline 1855.05.
8271,2013-11-03 05:00:00,ACTIVITY_DROP,716.0354000000001,1855.0535,ACTIVITY_DROP: current activity 716.04 is 0.39x the baseline 1855.05.
8271,2013-11-03 06:00:00,ACTIVITY_DROP,712.9613999999999,1855.0535,ACTIVITY_DROP: current activity 712.96 is 0.38x the baseline 1855.05.
8272,2013-11-03 03:00:00,ACTIVITY_DROP,790.0483000000002,1769.3386,ACTIVITY_DROP: current activity 790.05 is 0.45x the baseline 1769.34.
8272,2013-11-03 04:00:00,ACTIVITY_DROP,698.7333,1769.3386,ACTIVITY_DROP: current activity 698.73 is 0.39x the baseline 1769.34.
8272,2013-11-03 05:00:00,ACTIVITY_DROP,678.3906,1769.3386,ACTIVITY_DROP: current activity 678.39 is 0.38x the baseline 1769.34.
8272,2013-11-03 06:00:00,ACTIVITY_DROP,682.6161,1769.3386,ACTIVITY_DROP: current activity 682.62 is 0.39x the baseline 1769.34.
8273,2013-11-03 01:00:00,ACTIVITY_DROP,625.1782,1286.1354,ACTIVITY_DROP: current activity 625.18 is 0.49x the baseline 1286.14.
8273,2013-11-03 03:00:00,ACTIVITY_DROP,588.1882999999999,1286.1354,ACTIVITY_DROP: current activity 588.19 is 0.46x the baseline 1286.14.
8273,2013-11-03 04:00:00,ACTIVITY_DROP,445.8126,1286.1354,ACTIVITY_DROP: current activity 445.81 is 0.35x the baseline 1286.14.
8273,2013-11-03 05:00:00,ACTIVITY_DROP,388.202,1286.1354,ACTIVITY_DROP: current activity 388.20 is 0.30x the baseline 1286.14.
8273,2013-11-03 06:00:00,ACTIVITY_DROP,411.54970000000003,1286.1354,ACTIVITY_DROP: current activity 411.55 is 0.32x the baseline 1286.14.
8273,2013-11-03 07:00:00,ACTIVITY_DROP,539.618,1286.1354,ACTIVITY_DROP: current activity 539.62 is 0.42x the baseline 1286.14.
8273,2013-11-03 08:00:00,ACTIVITY_DROP,593.1497999999999,1286.1354,ACTIVITY_DROP: current activity 593.15 is 0.46x the baseline 1286.14.
8273,2013-11-03 09:00:00,ACTIVITY_SPIKE,1286.1354,1247.8981,ACTIVITY_SPIKE: current activity 1286.14 increased sharply from the previous hour 593.15.
8274,2013-11-03 03:00:00,ACTIVITY_DROP,403.6701,1042.9761,ACTIVITY_DROP: current activity 403.67 is 0.39x the baseline 1042.98.
8274,2013-11-03 04:00:00,ACTIVITY_DROP,373.27099999999996,1042.9761,ACTIVITY_DROP: current activity 373.27 is 0.36x the baseline 1042.98.
8274,2013-11-03 05:00:00,ACTIVITY_DROP,396.5945,1042.9761,ACTIVITY_DROP: current activity 396.59 is 0.38x the baseline 1042.98.
8274,2013-11-03 06:00:00,ACTIVITY_DROP,415.7013,1042.9761,ACTIVITY_DROP: current activity 415.70 is 0.40x the baseline 1042.98.
8274,2013-11-03 07:00:00,ACTIVITY_DROP,451.0901,1042.9761,ACTIVITY_DROP: current activity 451.09 is 0.43x the baseline 1042.98.
8274,2013-11-03 09:00:00,ACTIVITY_SPIKE,978.4146999999999,1042.9761,ACTIVITY_SPIKE: current activity 978.41 increased sharply from the previous hour 610.76.
8275,2013-11-03 03:00:00,ACTIVITY_DROP,497.5404,1019.722,ACTIVITY_DROP: current activity 497.54 is 0.49x the baseline 1019.72.
8275,2013-11-03 04:00:00,ACTIVITY_DROP,443.6082,1019.722,ACTIVITY_DROP: current activity 443.61 is 0.44x the baseline 1019.72.
8275,2013-11-03 05:00:00,ACTIVITY_DROP,413.21369999999996,1019.722,ACTIVITY_DROP: current activity 413.21 is 0.41x the baseline 1019.72.
8275,2013-11-03 06:00:00,ACTIVITY_DROP,432.63579999999996,1019.722,ACTIVITY_DROP: current activity 432.64 is 0.42x the baseline 1019.72.
8275,2013-11-03 07:00:00,ACTIVITY_DROP,456.24,1019.722,ACTIVITY_DROP: current activity 456.24 is 0.45x the baseline 1019.72.
8276,2013-11-03 05:00:00,ACTIVITY_DROP,506.2819,1048.3462,ACTIVITY_DROP: current activity 506.28 is 0.48x the baseline 1048.35.
8277,2013-11-03 05:00:00,ACTIVITY_DROP,471.6351,1042.4369000000002,ACTIVITY_DROP: current activity 471.64 is 0.45x the baseline 1042.44.
8277,2013-11-03 06:00:00,ACTIVITY_DROP,495.7677,1042.4369000000002,ACTIVITY_DROP: current activity 495.77 is 0.48x the baseline 1042.44.
8278,2013-11-03 03:00:00,ACTIVITY_DROP,424.1603,947.3680999999999,ACTIVITY_DROP: current activity 424.16 is 0.45x the baseline 947.37.
8278,2013-11-03 04:00:00,ACTIVITY_DROP,392.091,947.3680999999999,ACTIVITY_DROP: current activity 392.09 is 0.41x the baseline 947.37.
8278,2013-11-03 05:00:00,ACTIVITY_DROP,410.4105,947.3680999999999,ACTIVITY_DROP: current activity 410.41 is 0.43x the baseline 947.37.
8278,2013-11-03 06:00:00,ACTIVITY_DROP,422.5239,947.3680999999999,ACTIVITY_DROP: current activity 422.52 is 0.45x the baseline 947.37.
8278,2013-11-03 07:00:00,ACTIVITY_DROP,470.6515,947.3680999999999,ACTIVITY_DROP: current activity 470.65 is 0.50x the baseline 947.37.
8370,2013-11-03 03:00:00,ACTIVITY_DROP,764.2873000000001,1739.9721,ACTIVITY_DROP: current activity 764.29 is 0.44x the baseline 1739.97.
8370,2013-11-03 04:00:00,ACTIVITY_DROP,684.3473,1739.9721,ACTIVITY_DROP: current activity 684.35 is 0.39x the baseline 1739.97.
8370,2013-11-03 05:00:00,ACTIVITY_DROP,667.9661,1739.9721,ACTIVITY_DROP: current activity 667.97 is 0.38x the baseline 1739.97.
8370,2013-11-03 06:00:00,ACTIVITY_DROP,665.0816,1739.9721,ACTIVITY_DROP: current activity 665.08 is 0.38x the baseline 1739.97.
8371,2013-11-03 03:00:00,ACTIVITY_DROP,830.3949,1882.3611,ACTIVITY_DROP: current activity 830.39 is 0.44x the baseline 1882.36.
8371,2013-11-03 04:00:00,ACTIVITY_DROP,742.7751000000001,1882.3611,ACTIVITY_DROP: current activity 742.78 is 0.39x the baseline 1882.36.
8371,2013-11-03 05:00:00,ACTIVITY_DROP,727.5792,1882.3611,ACTIVITY_DROP: current activity 727.58 is 0.39x the baseline 1882.36.
8371,2013-11-03 06:00:00,ACTIVITY_DROP,724.2371,1882.3611,ACTIVITY_DROP: current activity 724.24 is 0.38x the baseline 1882.36.
8372,2013-11-03 03:00:00,ACTIVITY_DROP,742.5407,1661.5645,ACTIVITY_DROP: current activity 742.54 is 0.45x the baseline 1661.56.
8372,2013-11-03 04:00:00,ACTIVITY_DROP,633.8372,1661.5645,ACTIVITY_DROP: current activity 633.84 is 0.38x the baseline 1661.56.
8372,2013-11-03 05:00:00,ACTIVITY_DROP,608.1700000000001,1661.5645,ACTIVITY_DROP: current activity 608.17 is 0.37x the baseline 1661.56.
8372,2013-11-03 06:00:00,ACTIVITY_DROP,609.1600999999999,1661.5645,ACTIVITY_DROP: current activity 609.16 is 0.37x the baseline 1661.56.
8372,2013-11-03 07:00:00,ACTIVITY_SPIKE,914.1043,1661.5645,ACTIVITY_SPIKE: current activity 914.10 increased sharply from the previous hour 609.16.
8373,2013-11-03 00:00:00,ACTIVITY_DROP,703.7297,1468.9385,ACTIVITY_DROP: current activity 703.73 is 0.48x the baseline 1468.94.
8373,2013-11-03 01:00:00,ACTIVITY_DROP,664.3184,1468.9385,ACTIVITY_DROP: current activity 664.32 is 0.45x the baseline 1468.94.
8373,2013-11-03 02:00:00,ACTIVITY_DROP,702.7371,1468.9385,ACTIVITY_DROP: current activity 702.74 is 0.48x the baseline 1468.94.
8373,2013-11-03 03:00:00,ACTIVITY_DROP,626.7161,1468.9385,ACTIVITY_DROP: current activity 626.72 is 0.43x the baseline 1468.94.
8373,2013-11-03 04:00:00,ACTIVITY_DROP,481.0851,1468.9385,ACTIVITY_DROP: current activity 481.09 is 0.33x the baseline 1468.94.
8373,2013-11-03 05:00:00,ACTIVITY_DROP,428.371,1468.9385,ACTIVITY_DROP: current activity 428.37 is 0.29x the baseline 1468.94.
8373,2013-11-03 06:00:00,ACTIVITY_DROP,451.4015,1468.9385,ACTIVITY_DROP: current activity 451.40 is 0.31x the baseline 1468.94.
8373,2013-11-03 07:00:00,ACTIVITY_DROP,587.0346,1468.9385,ACTIVITY_DROP: current activity 587.03 is 0.40x the baseline 1468.94.
8373,2013-11-03 08:00:00,ACTIVITY_DROP,650.8559,1468.9385,ACTIVITY_DROP: current activity 650.86 is 0.44x the baseline 1468.94.
8373,2013-11-03 09:00:00,ACTIVITY_SPIKE,1482.9463,1334.4158,ACTIVITY_SPIKE: current activity 1482.95 increased sharply from the previous hour 650.86.
8374,2013-11-03 03:00:00,ACTIVITY_DROP,551.2518,1220.9549,ACTIVITY_DROP: current activity 551.25 is 0.45x the baseline 1220.95.
8374,2013-11-03 04:00:00,ACTIVITY_DROP,463.5444,1220.9549,ACTIVITY_DROP: current activity 463.54 is 0.38x the baseline 1220.95.
8374,2013-11-03 05:00:00,ACTIVITY_DROP,434.56370000000004,1220.9549,ACTIVITY_DROP: current activity 434.56 is 0.36x the baseline 1220.95.
8374,2013-11-03 06:00:00,ACTIVITY_DROP,456.8872,1220.9549,ACTIVITY_DROP: current activity 456.89 is 0.37x the baseline 1220.95.
8374,2013-11-03 07:00:00,ACTIVITY_DROP,549.6554,1220.9549,ACTIVITY_DROP: current activity 549.66 is 0.45x the baseline 1220.95.
8375,2013-11-03 03:00:00,ACTIVITY_DROP,396.42049999999995,1016.7631000000001,ACTIVITY_DROP: current activity 396.42 is 0.39x the baseline 1016.76.
8375,2013-11-03 04:00:00,ACTIVITY_DROP,377.9712,1016.7631000000001,ACTIVITY_DROP: current activity 377.97 is 0.37x the baseline 1016.76.
8375,2013-11-03 05:00:00,ACTIVITY_DROP,402.34590000000003,1016.7631000000001,ACTIVITY_DROP: current activity 402.35 is 0.40x the baseline 1016.76.
8375,2013-11-03 06:00:00,ACTIVITY_DROP,420.5241,1016.7631000000001,ACTIVITY_DROP: current activity 420.52 is 0.41x the baseline 1016.76.
8375,2013-11-03 07:00:00,ACTIVITY_DROP,445.6295,1016.7631000000001,ACTIVITY_DROP: current activity 445.63 is 0.44x the baseline 1016.76.
8375,2013-11-03 16:00:00,HIGH_ACTIVITY,1561.0659999999998,1016.3928,HIGH_ACTIVITY: current activity 1561.07 is 1.54x the baseline 1016.39.
8376,2013-11-03 05:00:00,ACTIVITY_DROP,456.61609999999996,1101.8701,ACTIVITY_DROP: current activity 456.62 is 0.41x the baseline 1101.87.
8376,2013-11-03 06:00:00,ACTIVITY_DROP,479.89079999999996,1101.8701,ACTIVITY_DROP: current activity 479.89 is 0.44x the baseline 1101.87.
8376,2013-11-03 07:00:00,ACTIVITY_DROP,515.9505,1101.8701,ACTIVITY_DROP: current activity 515.95 is 0.47x the baseline 1101.87.
8377,2013-11-03 02:00:00,ACTIVITY_DROP,464.63870000000003,1022.6909,ACTIVITY_DROP: current activity 464.64 is 0.45x the baseline 1022.69.
8377,2013-11-03 03:00:00,ACTIVITY_DROP,427.6028,1022.6909,ACTIVITY_DROP: current activity 427.60 is 0.42x the baseline 1022.69.
8377,2013-11-03 04:00:00,ACTIVITY_DROP,398.81030000000004,1022.6909,ACTIVITY_DROP: current activity 398.81 is 0.39x the baseline 1022.69.
8377,2013-11-03 05:00:00,ACTIVITY_DROP,429.53510000000006,1022.6909,ACTIVITY_DROP: current activity 429.54 is 0.42x the baseline 1022.69.
8377,2013-11-03 06:00:00,ACTIVITY_DROP,431.4958,1022.6909,ACTIVITY_DROP: current activity 431.50 is 0.42x the baseline 1022.69.
8377,2013-11-03 07:00:00,ACTIVITY_DROP,466.0993,1022.6909,ACTIVITY_DROP: current activity 466.10 is 0.46x the baseline 1022.69.
8378,2013-11-03 02:00:00,ACTIVITY_DROP,427.727,1006.569,ACTIVITY_DROP: current activity 427.73 is 0.42x the baseline 1006.57.
8378,2013-11-03 03:00:00,ACTIVITY_DROP,393.32700000000006,1006.569,ACTIVITY_DROP: current activity 393.33 is 0.39x the baseline 1006.57.
8378,2013-11-03 04:00:00,ACTIVITY_DROP,364.49030000000005,1006.569,ACTIVITY_DROP: current activity 364.49 is 0.36x the baseline 1006.57.
8378,2013-11-03 05:00:00,ACTIVITY_DROP,392.2138,1006.569,ACTIVITY_DROP: current activity 392.21 is 0.39x the baseline 1006.57.
8378,2013-11-03 06:00:00,ACTIVITY_DROP,396.26189999999997,1006.569,ACTIVITY_DROP: current activity 396.26 is 0.39x the baseline 1006.57.
8378,2013-11-03 07:00:00,ACTIVITY_DROP,441.1756,1006.569,ACTIVITY_DROP: current activity 441.18 is 0.44x the baseline 1006.57.
8471,2013-11-03 03:00:00,ACTIVITY_DROP,729.9347,1696.0339000000001,ACTIVITY_DROP: current activity 729.93 is 0.43x the baseline 1696.03.
8471,2013-11-03 04:00:00,ACTIVITY_DROP,657.1605,1696.0339000000001,ACTIVITY_DROP: current activity 657.16 is 0.39x the baseline 1696.03.
8471,2013-11-03 05:00:00,ACTIVITY_DROP,629.8111,1696.0339000000001,ACTIVITY_DROP: current activity 629.81 is 0.37x the baseline 1696.03.
8471,2013-11-03 06:00:00,ACTIVITY_DROP,654.7355000000001,1696.0339000000001,ACTIVITY_DROP: current activity 654.74 is 0.39x the baseline 1696.03.
8472,2013-11-03 03:00:00,ACTIVITY_DROP,712.3797,1624.6938,ACTIVITY_DROP: current activity 712.38 is 0.44x the baseline 1624.69.
8472,2013-11-03 04:00:00,ACTIVITY_DROP,651.1143999999999,1624.6938,ACTIVITY_DROP: current activity 651.11 is 0.40x the baseline 1624.69.
8472,2013-11-03 05:00:00,ACTIVITY_DROP,614.3522999999999,1624.6938,ACTIVITY_DROP: current activity 614.35 is 0.38x the baseline 1624.69.
8472,2013-11-03 06:00:00,ACTIVITY_DROP,694.0948,1624.6938,ACTIVITY_DROP: current activity 694.09 is 0.43x the baseline 1624.69.
8473,2013-11-03 02:00:00,ACTIVITY_DROP,676.5744,1422.8973,ACTIVITY_DROP: current activity 676.57 is 0.48x the baseline 1422.90.
8473,2013-11-03 03:00:00,ACTIVITY_DROP,645.3018,1422.8973,ACTIVITY_DROP: current activity 645.30 is 0.45x the baseline 1422.90.
8473,2013-11-03 04:00:00,ACTIVITY_DROP,547.0798,1422.8973,ACTIVITY_DROP: current activity 547.08 is 0.38x the baseline 1422.90.
8473,2013-11-03 05:00:00,ACTIVITY_DROP,494.0589,1422.8973,ACTIVITY_DROP: current activity 494.06 is 0.35x the baseline 1422.90.
8473,2013-11-03 06:00:00,ACTIVITY_DROP,550.4902,1422.8973,ACTIVITY_DROP: current activity 550.49 is 0.39x the baseline 1422.90.
8473,2013-11-03 07:00:00,ACTIVITY_DROP,647.0542,1422.8973,ACTIVITY_DROP: current activity 647.05 is 0.45x the baseline 1422.90.
8474,2013-11-03 02:00:00,ACTIVITY_DROP,566.8048999999999,1365.7861,ACTIVITY_DROP: current activity 566.80 is 0.42x the baseline 1365.79.
8474,2013-11-03 03:00:00,ACTIVITY_DROP,588.9924,1365.7861,ACTIVITY_DROP: current activity 588.99 is 0.43x the baseline 1365.79.
8474,2013-11-03 04:00:00,ACTIVITY_DROP,494.51030000000003,1365.7861,ACTIVITY_DROP: current activity 494.51 is 0.36x the baseline 1365.79.
8474,2013-11-03 05:00:00,ACTIVITY_DROP,450.74429999999995,1365.7861,ACTIVITY_DROP: current activity 450.74 is 0.33x the baseline 1365.79.
8474,2013-11-03 06:00:00,ACTIVITY_DROP,484.3702,1365.7861,ACTIVITY_DROP: current activity 484.37 is 0.35x the baseline 1365.79.
8474,2013-11-03 07:00:00,ACTIVITY_DROP,574.903,1365.7861,ACTIVITY_DROP: current activity 574.90 is 0.42x the baseline 1365.79.
8474,2013-11-03 17:00:00,HIGH_ACTIVITY,1938.7084,1256.0182,HIGH_ACTIVITY: current activity 1938.71 is 1.54x the baseline 1256.02.
8475,2013-11-03 02:00:00,ACTIVITY_DROP,579.7852,1543.9054999999998,ACTIVITY_DROP: current activity 579.79 is 0.38x the baseline 1543.91.
8475,2013-11-03 03:00:00,ACTIVITY_DROP,530.4241,1543.9054999999998,ACTIVITY_DROP: current activity 530.42 is 0.34x the baseline 1543.91.
8475,2013-11-03 04:00:00,ACTIVITY_DROP,477.36109999999996,1543.9054999999998,ACTIVITY_DROP: current activity 477.36 is 0.31x the baseline 1543.91.
8475,2013-11-03 05:00:00,ACTIVITY_DROP,469.173,1543.9054999999998,ACTIVITY_DROP: current activity 469.17 is 0.30x the baseline 1543.91.
8475,2013-11-03 06:00:00,ACTIVITY_DROP,515.7789,1543.9054999999998,ACTIVITY_DROP: current activity 515.78 is 0.33x the baseline 1543.91.
8475,2013-11-03 07:00:00,ACTIVITY_DROP,544.7547999999999,1543.9054999999998,ACTIVITY_DROP: current activity 544.75 is 0.35x the baseline 1543.91.
8475,2013-11-03 08:00:00,ACTIVITY_SPIKE,820.4047,1543.9054999999998,ACTIVITY_SPIKE: current activity 820.40 increased sharply from the previous hour 544.75.
8476,2013-11-03 02:00:00,ACTIVITY_DROP,705.2475000000001,1532.3669,ACTIVITY_DROP: current activity 705.25 is 0.46x the baseline 1532.37.
8476,2013-11-03 03:00:00,ACTIVITY_DROP,642.7128,1532.3669,ACTIVITY_DROP: current activity 642.71 is 0.42x the baseline 1532.37.
8476,2013-11-03 04:00:00,ACTIVITY_DROP,564.6549,1532.3669,ACTIVITY_DROP: current activity 564.65 is 0.37x the baseline 1532.37.
8476,2013-11-03 05:00:00,ACTIVITY_DROP,551.5766,1532.3669,ACTIVITY_DROP: current activity 551.58 is 0.36x the baseline 1532.37.
8476,2013-11-03 06:00:00,ACTIVITY_DROP,560.65,1532.3669,ACTIVITY_DROP: current activity 560.65 is 0.37x the baseline 1532.37.
8476,2013-11-03 07:00:00,ACTIVITY_DROP,622.8937,1532.3669,ACTIVITY_DROP: current activity 622.89 is 0.41x the baseline 1532.37.
8477,2013-11-03 02:00:00,ACTIVITY_DROP,423.7819,1044.5519,ACTIVITY_DROP: current activity 423.78 is 0.41x the baseline 1044.55.
8477,2013-11-03 03:00:00,ACTIVITY_DROP,407.4504,1044.5519,ACTIVITY_DROP: current activity 407.45 is 0.39x the baseline 1044.55.
8477,2013-11-03 04:00:00,ACTIVITY_DROP,386.6871,1044.5519,ACTIVITY_DROP: current activity 386.69 is 0.37x the baseline 1044.55.
8477,2013-11-03 05:00:00,ACTIVITY_DROP,382.7766,1044.5519,ACTIVITY_DROP: current activity 382.78 is 0.37x the baseline 1044.55.
8477,2013-11-03 06:00:00,ACTIVITY_DROP,386.651,1044.5519,ACTIVITY_DROP: current activity 386.65 is 0.37x the baseline 1044.55.
8477,2013-11-03 07:00:00,ACTIVITY_DROP,464.43800000000005,1044.5519,ACTIVITY_DROP: current activity 464.44 is 0.44x the baseline 1044.55.
8478,2013-11-03 01:00:00,ACTIVITY_DROP,455.84499999999997,1006.4993,ACTIVITY_DROP: current activity 455.84 is 0.45x the baseline 1006.50.
8478,2013-11-03 02:00:00,ACTIVITY_DROP,369.5519,1006.4993,ACTIVITY_DROP: current activity 369.55 is 0.37x the baseline 1006.50.
8478,2013-11-03 03:00:00,ACTIVITY_DROP,352.8385,1006.4993,ACTIVITY_DROP: current activity 352.84 is 0.35x the baseline 1006.50.
8478,2013-11-03 04:00:00,ACTIVITY_DROP,331.4602,1006.4993,ACTIVITY_DROP: current activity 331.46 is 0.33x the baseline 1006.50.
8478,2013-11-03 05:00:00,ACTIVITY_DROP,324.8381,1006.4993,ACTIVITY_DROP: current activity 324.84 is 0.32x the baseline 1006.50.
8478,2013-11-03 06:00:00,ACTIVITY_DROP,328.48499999999996,1006.4993,ACTIVITY_DROP: current activity 328.48 is 0.33x the baseline 1006.50.
8478,2013-11-03 07:00:00,ACTIVITY_DROP,418.6177,1006.4993,ACTIVITY_DROP: current activity 418.62 is 0.42x the baseline 1006.50.
8478,2013-11-03 08:00:00,ACTIVITY_DROP,487.9735,1006.4993,ACTIVITY_DROP: current activity 487.97 is 0.48x the baseline 1006.50.
8478,2013-11-03 09:00:00,ACTIVITY_SPIKE,749.2883999999999,1006.4993,ACTIVITY_SPIKE: current activity 749.29 increased sharply from the previous hour 487.97.
8562,2013-11-03 03:00:00,ACTIVITY_DROP,511.2751,1143.2117,ACTIVITY_DROP: current activity 511.28 is 0.45x the baseline 1143.21.
8562,2013-11-03 04:00:00,ACTIVITY_DROP,502.3856,1143.2117,ACTIVITY_DROP: current activity 502.39 is 0.44x the baseline 1143.21.
8562,2013-11-03 05:00:00,ACTIVITY_DROP,431.7569,1143.2117,ACTIVITY_DROP: current activity 431.76 is 0.38x the baseline 1143.21.
8562,2013-11-03 06:00:00,ACTIVITY_DROP,419.5407,1143.2117,ACTIVITY_DROP: current activity 419.54 is 0.37x the baseline 1143.21.
8562,2013-11-03 07:00:00,ACTIVITY_DROP,471.6368,1143.2117,ACTIVITY_DROP: current activity 471.64 is 0.41x the baseline 1143.21.
8562,2013-11-03 08:00:00,ACTIVITY_SPIKE,741.5293999999999,1143.2117,ACTIVITY_SPIKE: current activity 741.53 increased sharply from the previous hour 471.64.
8571,2013-11-03 03:00:00,ACTIVITY_DROP,476.95329999999996,1021.3476,ACTIVITY_DROP: current activity 476.95 is 0.47x the baseline 1021.35.
8571,2013-11-03 04:00:00,ACTIVITY_DROP,432.037,1021.3476,ACTIVITY_DROP: current activity 432.04 is 0.42x the baseline 1021.35.
8571,2013-11-03 05:00:00,ACTIVITY_DROP,411.15700000000004,1021.3476,ACTIVITY_DROP: current activity 411.16 is 0.40x the baseline 1021.35.
8571,2013-11-03 06:00:00,ACTIVITY_DROP,418.193,1021.3476,ACTIVITY_DROP: current activity 418.19 is 0.41x the baseline 1021.35.
8572,2013-11-03 03:00:00,ACTIVITY_DROP,656.8515,1451.9877,ACTIVITY_DROP: current activity 656.85 is 0.45x the baseline 1451.99.
8572,2013-11-03 04:00:00,ACTIVITY_DROP,612.629,1451.9877,ACTIVITY_DROP: current activity 612.63 is 0.42x the baseline 1451.99.
8572,2013-11-03 05:00:00,ACTIVITY_DROP,575.3903,1451.9877,ACTIVITY_DROP: current activity 575.39 is 0.40x the baseline 1451.99.
8572,2013-11-03 06:00:00,ACTIVITY_DROP,683.2542,1451.9877,ACTIVITY_DROP: current activity 683.25 is 0.47x the baseline 1451.99.
8573,2013-11-03 02:00:00,ACTIVITY_DROP,632.238,1386.3384000000003,ACTIVITY_DROP: current activity 632.24 is 0.46x the baseline 1386.34.
8573,2013-11-03 03:00:00,ACTIVITY_DROP,564.1196,1386.3384000000003,ACTIVITY_DROP: current activity 564.12 is 0.41x the baseline 1386.34.
8573,2013-11-03 04:00:00,ACTIVITY_DROP,538.875,1386.3384000000003,ACTIVITY_DROP: current activity 538.88 is 0.39x the baseline 1386.34.
8573,2013-11-03 05:00:00,ACTIVITY_DROP,510.0223,1386.3384000000003,ACTIVITY_DROP: current activity 510.02 is 0.37x the baseline 1386.34.
8573,2013-11-03 06:00:00,ACTIVITY_DROP,583.7862,1386.3384000000003,ACTIVITY_DROP: current activity 583.79 is 0.42x the baseline 1386.34.
8573,2013-11-03 07:00:00,ACTIVITY_DROP,630.6549,1386.3384000000003,ACTIVITY_DROP: current activity 630.65 is 0.45x the baseline 1386.34.
8574,2013-11-03 02:00:00,ACTIVITY_DROP,534.8358,1454.991,ACTIVITY_DROP: current activity 534.84 is 0.37x the baseline 1454.99.
8574,2013-11-03 03:00:00,ACTIVITY_DROP,477.5274,1454.991,ACTIVITY_DROP: current activity 477.53 is 0.33x the baseline 1454.99.
8574,2013-11-03 04:00:00,ACTIVITY_DROP,446.0568,1454.991,ACTIVITY_DROP: current activity 446.06 is 0.31x the baseline 1454.99.
8574,2013-11-03 05:00:00,ACTIVITY_DROP,443.9031,1454.991,ACTIVITY_DROP: current activity 443.90 is 0.31x the baseline 1454.99.
8574,2013-11-03 06:00:00,ACTIVITY_DROP,485.1353,1454.991,ACTIVITY_DROP: current activity 485.14 is 0.33x the baseline 1454.99.
8574,2013-11-03 07:00:00,ACTIVITY_DROP,509.4199,1454.991,ACTIVITY_DROP: current activity 509.42 is 0.35x the baseline 1454.99.
8574,2013-11-03 08:00:00,ACTIVITY_SPIKE,778.0332,1454.991,ACTIVITY_SPIKE: current activity 778.03 increased sharply from the previous hour 509.42.
8575,2013-11-03 02:00:00,ACTIVITY_DROP,725.4295,1667.1973,ACTIVITY_DROP: current activity 725.43 is 0.44x the baseline 1667.20.
8575,2013-11-03 03:00:00,ACTIVITY_DROP,653.3737000000001,1667.1973,ACTIVITY_DROP: current activity 653.37 is 0.39x the baseline 1667.20.
8575,2013-11-03 04:00:00,ACTIVITY_DROP,581.4281000000001,1667.1973,ACTIVITY_DROP: current activity 581.43 is 0.35x the baseline 1667.20.
8575,2013-11-03 05:00:00,ACTIVITY_DROP,565.4422000000001,1667.1973,ACTIVITY_DROP: current activity 565.44 is 0.34x the baseline 1667.20.
8575,2013-11-03 06:00:00,ACTIVITY_DROP,600.0500999999999,1667.1973,ACTIVITY_DROP: current activity 600.05 is 0.36x the baseline 1667.20.
8575,2013-11-03 07:00:00,ACTIVITY_DROP,642.1463,1667.1973,ACTIVITY_DROP: current activity 642.15 is 0.39x the baseline 1667.20.
8576,2013-11-03 03:00:00,ACTIVITY_DROP,743.0306999999999,1529.4026000000001,ACTIVITY_DROP: current activity 743.03 is 0.49x the baseline 1529.40.
8576,2013-11-03 04:00:00,ACTIVITY_DROP,631.0219,1529.4026000000001,ACTIVITY_DROP: current activity 631.02 is 0.41x the baseline 1529.40.
8576,2013-11-03 05:00:00,ACTIVITY_DROP,598.4611,1529.4026000000001,ACTIVITY_DROP: current activity 598.46 is 0.39x the baseline 1529.40.
8576,2013-11-03 06:00:00,ACTIVITY_DROP,598.4680999999999,1529.4026000000001,ACTIVITY_DROP: current activity 598.47 is 0.39x the baseline 1529.40.
8576,2013-11-03 07:00:00,ACTIVITY_DROP,678.3521000000001,1529.4026000000001,ACTIVITY_DROP: current activity 678.35 is 0.44x the baseline 1529.40.
8577,2013-11-03 01:00:00,ACTIVITY_DROP,512.0423,1044.4664,ACTIVITY_DROP: current activity 512.04 is 0.49x the baseline 1044.47.
8577,2013-11-03 02:00:00,ACTIVITY_DROP,477.4583,1044.4664,ACTIVITY_DROP: current activity 477.46 is 0.46x the baseline 1044.47.
8577,2013-11-03 03:00:00,ACTIVITY_DROP,459.90549999999996,1044.4664,ACTIVITY_DROP: current activity 459.91 is 0.44x the baseline 1044.47.
8577,2013-11-03 04:00:00,ACTIVITY_DROP,424.09790000000004,1044.4664,ACTIVITY_DROP: current activity 424.10 is 0.41x the baseline 1044.47.
8577,2013-11-03 05:00:00,ACTIVITY_DROP,390.0565,1044.4664,ACTIVITY_DROP: current activity 390.06 is 0.37x the baseline 1044.47.
8577,2013-11-03 06:00:00,ACTIVITY_DROP,392.9138,1044.4664,ACTIVITY_DROP: current activity 392.91 is 0.38x the baseline 1044.47.
8577,2013-11-03 07:00:00,ACTIVITY_DROP,495.6019,1044.4664,ACTIVITY_DROP: current activity 495.60 is 0.47x the baseline 1044.47.
8577,2013-11-03 09:00:00,ACTIVITY_SPIKE,920.1302000000001,1044.4664,ACTIVITY_SPIKE: current activity 920.13 increased sharply from the previous hour 552.23.
8662,2013-11-03 03:00:00,ACTIVITY_DROP,739.962,1500.6286,ACTIVITY_DROP: current activity 739.96 is 0.49x the baseline 1500.63.
8662,2013-11-03 05:00:00,ACTIVITY_DROP,652.2445,1500.6286,ACTIVITY_DROP: current activity 652.24 is 0.43x the baseline 1500.63.
8662,2013-11-03 06:00:00,ACTIVITY_DROP,617.8050999999999,1500.6286,ACTIVITY_DROP: current activity 617.81 is 0.41x the baseline 1500.63.
8662,2013-11-03 07:00:00,ACTIVITY_DROP,664.6717,1500.6286,ACTIVITY_DROP: current activity 664.67 is 0.44x the baseline 1500.63.
8672,2013-11-03 02:00:00,ACTIVITY_DROP,593.7898,1271.2217,ACTIVITY_DROP: current activity 593.79 is 0.47x the baseline 1271.22.
8672,2013-11-03 03:00:00,ACTIVITY_DROP,539.5675,1271.2217,ACTIVITY_DROP: current activity 539.57 is 0.42x the baseline 1271.22.
8672,2013-11-03 04:00:00,ACTIVITY_DROP,523.8384,1271.2217,ACTIVITY_DROP: current activity 523.84 is 0.41x the baseline 1271.22.
8672,2013-11-03 05:00:00,ACTIVITY_DROP,489.0492,1271.2217,ACTIVITY_DROP: current activity 489.05 is 0.38x the baseline 1271.22.
8672,2013-11-03 06:00:00,ACTIVITY_DROP,529.2959,1271.2217,ACTIVITY_DROP: current activity 529.30 is 0.42x the baseline 1271.22.
8673,2013-11-03 01:00:00,ACTIVITY_DROP,485.6463,1026.0444,ACTIVITY_DROP: current activity 485.65 is 0.47x the baseline 1026.04.
8673,2013-11-03 02:00:00,ACTIVITY_DROP,389.8509,1026.0444,ACTIVITY_DROP: current activity 389.85 is 0.38x the baseline 1026.04.
8673,2013-11-03 03:00:00,ACTIVITY_DROP,396.03340000000003,1026.0444,ACTIVITY_DROP: current activity 396.03 is 0.39x the baseline 1026.04.
8673,2013-11-03 04:00:00,ACTIVITY_DROP,459.0259,1026.0444,ACTIVITY_DROP: current activity 459.03 is 0.45x the baseline 1026.04.
8673,2013-11-03 05:00:00,ACTIVITY_DROP,413.3933,1026.0444,ACTIVITY_DROP: current activity 413.39 is 0.40x the baseline 1026.04.
8673,2013-11-03 06:00:00,ACTIVITY_DROP,426.09299999999996,1026.0444,ACTIVITY_DROP: current activity 426.09 is 0.42x the baseline 1026.04.
8673,2013-11-03 07:00:00,ACTIVITY_DROP,483.1481,1026.0444,ACTIVITY_DROP: current activity 483.15 is 0.47x the baseline 1026.04.
8674,2013-11-03 03:00:00,ACTIVITY_DROP,653.8000999999999,1462.4643999999998,ACTIVITY_DROP: current activity 653.80 is 0.45x the baseline 1462.46.
8674,2013-11-03 04:00:00,ACTIVITY_DROP,595.0256,1462.4643999999998,ACTIVITY_DROP: current activity 595.03 is 0.41x the baseline 1462.46.
8674,2013-11-03 05:00:00,ACTIVITY_DROP,539.4313,1462.4643999999998,ACTIVITY_DROP: current activity 539.43 is 0.37x the baseline 1462.46.
8674,2013-11-03 06:00:00,ACTIVITY_DROP,592.2356,1462.4643999999998,ACTIVITY_DROP: current activity 592.24 is 0.40x the baseline 1462.46.
8674,2013-11-03 07:00:00,ACTIVITY_DROP,665.1626000000001,1462.4643999999998,ACTIVITY_DROP: current activity 665.16 is 0.45x the baseline 1462.46.
8675,2013-11-03 03:00:00,ACTIVITY_DROP,968.5474,2081.6450999999997,ACTIVITY_DROP: current activity 968.55 is 0.47x the baseline 2081.65.
8675,2013-11-03 04:00:00,ACTIVITY_DROP,796.8578,2081.6450999999997,ACTIVITY_DROP: current activity 796.86 is 0.38x the baseline 2081.65.
8675,2013-11-03 05:00:00,ACTIVITY_DROP,728.1533000000001,2081.6450999999997,ACTIVITY_DROP: current activity 728.15 is 0.35x the baseline 2081.65.
8675,2013-11-03 06:00:00,ACTIVITY_DROP,732.8303000000001,2081.6450999999997,ACTIVITY_DROP: current activity 732.83 is 0.35x the baseline 2081.65.
8675,2013-11-03 07:00:00,ACTIVITY_DROP,862.2076000000001,2081.6450999999997,ACTIVITY_DROP: current activity 862.21 is 0.41x the baseline 2081.65.
8675,2013-11-03 08:00:00,ACTIVITY_SPIKE,1337.9807,2081.6450999999997,ACTIVITY_SPIKE: current activity 1337.98 increased sharply from the previous hour 862.21.
8676,2013-11-03 03:00:00,ACTIVITY_DROP,751.3983,1543.8415,ACTIVITY_DROP: current activity 751.40 is 0.49x the baseline 1543.84.
8676,2013-11-03 04:00:00,ACTIVITY_DROP,635.5893000000001,1543.8415,ACTIVITY_DROP: current activity 635.59 is 0.41x the baseline 1543.84.
8676,2013-11-03 05:00:00,ACTIVITY_DROP,603.2637,1543.8415,ACTIVITY_DROP: current activity 603.26 is 0.39x the baseline 1543.84.
8676,2013-11-03 06:00:00,ACTIVITY_DROP,602.1307,1543.8415,ACTIVITY_DROP: current activity 602.13 is 0.39x the baseline 1543.84.
8676,2013-11-03 07:00:00,ACTIVITY_DROP,681.6813,1543.8415,ACTIVITY_DROP: current activity 681.68 is 0.44x the baseline 1543.84.
8677,2013-11-03 01:00:00,ACTIVITY_DROP,555.1705999999999,1114.5781,ACTIVITY_DROP: current activity 555.17 is 0.50x the baseline 1114.58.
8677,2013-11-03 02:00:00,ACTIVITY_DROP,527.3414,1114.5781,ACTIVITY_DROP: current activity 527.34 is 0.47x the baseline 1114.58.
8677,2013-11-03 03:00:00,ACTIVITY_DROP,502.0502,1114.5781,ACTIVITY_DROP: current activity 502.05 is 0.45x the baseline 1114.58.
8677,2013-11-03 04:00:00,ACTIVITY_DROP,455.3248,1114.5781,ACTIVITY_DROP: current activity 455.32 is 0.41x the baseline 1114.58.
8677,2013-11-03 05:00:00,ACTIVITY_DROP,421.38779999999997,1114.5781,ACTIVITY_DROP: current activity 421.39 is 0.38x the baseline 1114.58.
8677,2013-11-03 06:00:00,ACTIVITY_DROP,425.205,1114.5781,ACTIVITY_DROP: current activity 425.20 is 0.38x the baseline 1114.58.
8677,2013-11-03 07:00:00,ACTIVITY_DROP,524.4379,1114.5781,ACTIVITY_DROP: current activity 524.44 is 0.47x the baseline 1114.58.
8677,2013-11-03 09:00:00,ACTIVITY_SPIKE,987.1001,1114.5781,ACTIVITY_SPIKE: current activity 987.10 increased sharply from the previous hour 605.18.
8734,2013-11-03 02:00:00,ACTIVITY_DROP,591.3195,1259.3542999999997,ACTIVITY_DROP: current activity 591.32 is 0.47x the baseline 1259.35.
8734,2013-11-03 03:00:00,ACTIVITY_DROP,550.0226,1259.3542999999997,ACTIVITY_DROP: current activity 550.02 is 0.44x the baseline 1259.35.
8734,2013-11-03 04:00:00,ACTIVITY_DROP,571.7419000000001,1259.3542999999997,ACTIVITY_DROP: current activity 571.74 is 0.45x the baseline 1259.35.
8734,2013-11-03 05:00:00,ACTIVITY_DROP,513.4379,1259.3542999999997,ACTIVITY_DROP: current activity 513.44 is 0.41x the baseline 1259.35.
8734,2013-11-03 06:00:00,ACTIVITY_DROP,498.0381,1259.3542999999997,ACTIVITY_DROP: current activity 498.04 is 0.40x the baseline 1259.35.
8734,2013-11-03 07:00:00,ACTIVITY_SPIKE,921.1581,1259.3542999999997,ACTIVITY_SPIKE: current activity 921.16 increased sharply from the previous hour 498.04.
8756,2013-11-03 02:00:00,ACTIVITY_DROP,586.8334,1241.3233,ACTIVITY_DROP: current activity 586.83 is 0.47x the baseline 1241.32.
8756,2013-11-03 03:00:00,ACTIVITY_DROP,518.2022000000001,1241.3233,ACTIVITY_DROP: current activity 518.20 is 0.42x the baseline 1241.32.
8756,2013-11-03 04:00:00,ACTIVITY_DROP,493.3797,1241.3233,ACTIVITY_DROP: current activity 493.38 is 0.40x the baseline 1241.32.
8756,2013-11-03 05:00:00,ACTIVITY_DROP,413.59770000000003,1241.3233,ACTIVITY_DROP: current activity 413.60 is 0.33x the baseline 1241.32.
8756,2013-11-03 06:00:00,ACTIVITY_DROP,565.6105,1241.3233,ACTIVITY_DROP: current activity 565.61 is 0.46x the baseline 1241.32.
8756,2013-11-03 07:00:00,ACTIVITY_DROP,479.1328,1241.3233,ACTIVITY_DROP: current activity 479.13 is 0.39x the baseline 1241.32.
8756,2013-11-03 08:00:00,ACTIVITY_SPIKE,762.8635,1241.3233,ACTIVITY_SPIKE: current activity 762.86 increased sharply from the previous hour 479.13.
8756,2013-11-03 15:00:00,HIGH_ACTIVITY,2286.5015,1080.3123,HIGH_ACTIVITY: current activity 2286.50 is 2.12x the baseline 1080.31.
8756,2013-11-03 17:00:00,HIGH_ACTIVITY,1698.3912,1080.3123,HIGH_ACTIVITY: current activity 1698.39 is 1.57x the baseline 1080.31.
8757,2013-11-03 03:00:00,ACTIVITY_DROP,463.8809,937.0709,ACTIVITY_DROP: current activity 463.88 is 0.50x the baseline 937.07.
8757,2013-11-03 04:00:00,ACTIVITY_DROP,356.5994,937.0709,ACTIVITY_DROP: current activity 356.60 is 0.38x the baseline 937.07.
8757,2013-11-03 05:00:00,ACTIVITY_DROP,331.46189999999996,937.0709,ACTIVITY_DROP: current activity 331.46 is 0.35x the baseline 937.07.
8757,2013-11-03 06:00:00,ACTIVITY_DROP,352.0437,937.0709,ACTIVITY_DROP: current activity 352.04 is 0.38x the baseline 937.07.
8757,2013-11-03 07:00:00,ACTIVITY_DROP,396.7108,937.0709,ACTIVITY_DROP: current activity 396.71 is 0.42x the baseline 937.07.
8762,2013-11-03 02:00:00,ACTIVITY_DROP,1015.9535,2227.4379,ACTIVITY_DROP: current activity 1015.95 is 0.46x the baseline 2227.44.
8762,2013-11-03 03:00:00,ACTIVITY_DROP,909.3919,2227.4379,ACTIVITY_DROP: current activity 909.39 is 0.41x the baseline 2227.44.
8762,2013-11-03 04:00:00,ACTIVITY_DROP,761.7211000000001,2227.4379,ACTIVITY_DROP: current activity 761.72 is 0.34x the baseline 2227.44.
8762,2013-11-03 05:00:00,ACTIVITY_DROP,693.4078999999999,2227.4379,ACTIVITY_DROP: current activity 693.41 is 0.31x the baseline 2227.44.
8762,2013-11-03 06:00:00,ACTIVITY_DROP,747.0621,2227.4379,ACTIVITY_DROP: current activity 747.06 is 0.34x the baseline 2227.44.
8762,2013-11-03 07:00:00,ACTIVITY_DROP,776.6913,2227.4379,ACTIVITY_DROP: current activity 776.69 is 0.35x the baseline 2227.44.
8762,2013-11-03 08:00:00,ACTIVITY_SPIKE,1194.3908,2227.4379,ACTIVITY_SPIKE: current activity 1194.39 increased sharply from the previous hour 776.69.
8772,2013-11-03 02:00:00,ACTIVITY_DROP,423.5249,993.5,ACTIVITY_DROP: current activity 423.52 is 0.43x the baseline 993.50.
8772,2013-11-03 03:00:00,ACTIVITY_DROP,417.4942,993.5,ACTIVITY_DROP: current activity 417.49 is 0.42x the baseline 993.50.
8772,2013-11-03 04:00:00,ACTIVITY_DROP,414.8767,993.5,ACTIVITY_DROP: current activity 414.88 is 0.42x the baseline 993.50.
8772,2013-11-03 05:00:00,ACTIVITY_DROP,381.805,993.5,ACTIVITY_DROP: current activity 381.81 is 0.38x the baseline 993.50.
8772,2013-11-03 06:00:00,ACTIVITY_DROP,370.7673,993.5,ACTIVITY_DROP: current activity 370.77 is 0.37x the baseline 993.50.
8773,2013-11-03 01:00:00,ACTIVITY_DROP,465.7699,1002.2157,ACTIVITY_DROP: current activity 465.77 is 0.46x the baseline 1002.22.
8773,2013-11-03 02:00:00,ACTIVITY_DROP,370.76390000000004,1002.2157,ACTIVITY_DROP: current activity 370.76 is 0.37x the baseline 1002.22.
8773,2013-11-03 03:00:00,ACTIVITY_DROP,382.5781,1002.2157,ACTIVITY_DROP: current activity 382.58 is 0.38x the baseline 1002.22.
8773,2013-11-03 04:00:00,ACTIVITY_DROP,448.27689999999996,1002.2157,ACTIVITY_DROP: current activity 448.28 is 0.45x the baseline 1002.22.
8773,2013-11-03 05:00:00,ACTIVITY_DROP,402.43649999999997,1002.2157,ACTIVITY_DROP: current activity 402.44 is 0.40x the baseline 1002.22.
8773,2013-11-03 06:00:00,ACTIVITY_DROP,410.75480000000005,1002.2157,ACTIVITY_DROP: current activity 410.75 is 0.41x the baseline 1002.22.
8773,2013-11-03 07:00:00,ACTIVITY_DROP,470.1333,1002.2157,ACTIVITY_DROP: current activity 470.13 is 0.47x the baseline 1002.22.
8774,2013-11-03 03:00:00,ACTIVITY_DROP,878.1636,1909.0493000000001,ACTIVITY_DROP: current activity 878.16 is 0.46x the baseline 1909.05.
8774,2013-11-03 04:00:00,ACTIVITY_DROP,748.5339,1909.0493000000001,ACTIVITY_DROP: current activity 748.53 is 0.39x the baseline 1909.05.
8774,2013-11-03 05:00:00,ACTIVITY_DROP,666.1039,1909.0493000000001,ACTIVITY_DROP: current activity 666.10 is 0.35x the baseline 1909.05.
8774,2013-11-03 06:00:00,ACTIVITY_DROP,671.8917,1909.0493000000001,ACTIVITY_DROP: current activity 671.89 is 0.35x the baseline 1909.05.
8774,2013-11-03 07:00:00,ACTIVITY_DROP,808.8021,1909.0493000000001,ACTIVITY_DROP: current activity 808.80 is 0.42x the baseline 1909.05.
8774,2013-11-03 08:00:00,ACTIVITY_SPIKE,1272.7617,1909.0493000000001,ACTIVITY_SPIKE: current activity 1272.76 increased sharply from the previous hour 808.80.
8775,2013-11-03 03:00:00,ACTIVITY_DROP,910.5205,1935.4624000000001,ACTIVITY_DROP: current activity 910.52 is 0.47x the baseline 1935.46.
8775,2013-11-03 04:00:00,ACTIVITY_DROP,746.0279,1935.4624000000001,ACTIVITY_DROP: current activity 746.03 is 0.39x the baseline 1935.46.
8775,2013-11-03 05:00:00,ACTIVITY_DROP,666.2594,1935.4624000000001,ACTIVITY_DROP: current activity 666.26 is 0.34x the baseline 1935.46.
8775,2013-11-03 06:00:00,ACTIVITY_DROP,672.5127,1935.4624000000001,ACTIVITY_DROP: current activity 672.51 is 0.35x the baseline 1935.46.
8775,2013-11-03 07:00:00,ACTIVITY_DROP,815.1063,1935.4624000000001,ACTIVITY_DROP: current activity 815.11 is 0.42x the baseline 1935.46.
8775,2013-11-03 08:00:00,ACTIVITY_SPIKE,1297.3826,1935.4624000000001,ACTIVITY_SPIKE: current activity 1297.38 increased sharply from the previous hour 815.11.
8775,2013-11-03 09:00:00,ACTIVITY_SPIKE,1979.6851,1900.1381,ACTIVITY_SPIKE: current activity 1979.69 increased sharply from the previous hour 1297.38.
8834,2013-11-03 02:00:00,ACTIVITY_DROP,650.5379999999999,1388.8236000000002,ACTIVITY_DROP: current activity 650.54 is 0.47x the baseline 1388.82.
8834,2013-11-03 03:00:00,ACTIVITY_DROP,590.3175,1388.8236000000002,ACTIVITY_DROP: current activity 590.32 is 0.43x the baseline 1388.82.
8834,2013-11-03 04:00:00,ACTIVITY_DROP,583.3399,1388.8236000000002,ACTIVITY_DROP: current activity 583.34 is 0.42x the baseline 1388.82.
8834,2013-11-03 05:00:00,ACTIVITY_DROP,527.0319,1388.8236000000002,ACTIVITY_DROP: current activity 527.03 is 0.38x the baseline 1388.82.
8834,2013-11-03 06:00:00,ACTIVITY_DROP,523.4166,1388.8236000000002,ACTIVITY_DROP: current activity 523.42 is 0.38x the baseline 1388.82.
8834,2013-11-03 07:00:00,ACTIVITY_SPIKE,1006.088,1388.8236000000002,ACTIVITY_SPIKE: current activity 1006.09 increased sharply from the previous hour 523.42.
8857,2013-11-03 02:00:00,ACTIVITY_DROP,594.6516,1280.8214,ACTIVITY_DROP: current activity 594.65 is 0.46x the baseline 1280.82.
8857,2013-11-03 03:00:00,ACTIVITY_DROP,556.1896,1280.8214,ACTIVITY_DROP: current activity 556.19 is 0.43x the baseline 1280.82.
8857,2013-11-03 04:00:00,ACTIVITY_DROP,502.60880000000003,1280.8214,ACTIVITY_DROP: current activity 502.61 is 0.39x the baseline 1280.82.
8857,2013-11-03 05:00:00,ACTIVITY_DROP,525.5287,1280.8214,ACTIVITY_DROP: current activity 525.53 is 0.41x the baseline 1280.82.
8857,2013-11-03 06:00:00,ACTIVITY_DROP,523.5261999999999,1280.8214,ACTIVITY_DROP: current activity 523.53 is 0.41x the baseline 1280.82.
8857,2013-11-03 07:00:00,ACTIVITY_DROP,590.8354,1280.8214,ACTIVITY_DROP: current activity 590.84 is 0.46x the baseline 1280.82.
8857,2013-11-03 10:00:00,ACTIVITY_SPIKE,1488.1256,1270.3193,ACTIVITY_SPIKE: current activity 1488.13 increased sharply from the previous hour 876.07.
8862,2013-11-03 02:00:00,ACTIVITY_DROP,846.2511,1832.8058,ACTIVITY_DROP: current activity 846.25 is 0.46x the baseline 1832.81.
8862,2013-11-03 03:00:00,ACTIVITY_DROP,762.4703000000001,1832.8058,ACTIVITY_DROP: current activity 762.47 is 0.42x the baseline 1832.81.
8862,2013-11-03 04:00:00,ACTIVITY_DROP,598.7283,1832.8058,ACTIVITY_DROP: current activity 598.73 is 0.33x the baseline 1832.81.
8862,2013-11-03 05:00:00,ACTIVITY_DROP,551.9083,1832.8058,ACTIVITY_DROP: current activity 551.91 is 0.30x the baseline 1832.81.
8862,2013-11-03 06:00:00,ACTIVITY_DROP,614.6885,1832.8058,ACTIVITY_DROP: current activity 614.69 is 0.34x the baseline 1832.81.
8862,2013-11-03 07:00:00,ACTIVITY_DROP,634.8615000000001,1832.8058,ACTIVITY_DROP: current activity 634.86 is 0.35x the baseline 1832.81.
8862,2013-11-03 08:00:00,ACTIVITY_SPIKE,999.6946,1832.8058,ACTIVITY_SPIKE: current activity 999.69 increased sharply from the previous hour 634.86.
8873,2013-11-03 01:00:00,ACTIVITY_DROP,461.50239999999997,970.6501000000001,ACTIVITY_DROP: current activity 461.50 is 0.48x the baseline 970.65.
8873,2013-11-03 02:00:00,ACTIVITY_DROP,369.63530000000003,970.6501000000001,ACTIVITY_DROP: current activity 369.64 is 0.38x the baseline 970.65.
8873,2013-11-03 03:00:00,ACTIVITY_DROP,366.62330000000003,970.6501000000001,ACTIVITY_DROP: current activity 366.62 is 0.38x the baseline 970.65.
8873,2013-11-03 04:00:00,ACTIVITY_DROP,419.5564,970.6501000000001,ACTIVITY_DROP: current activity 419.56 is 0.43x the baseline 970.65.
8873,2013-11-03 05:00:00,ACTIVITY_DROP,375.7132,970.6501000000001,ACTIVITY_DROP: current activity 375.71 is 0.39x the baseline 970.65.
8873,2013-11-03 06:00:00,ACTIVITY_DROP,388.7991,970.6501000000001,ACTIVITY_DROP: current activity 388.80 is 0.40x the baseline 970.65.
8873,2013-11-03 07:00:00,ACTIVITY_DROP,449.2797,970.6501000000001,ACTIVITY_DROP: current activity 449.28 is 0.46x the baseline 970.65.
8874,2013-11-03 03:00:00,ACTIVITY_DROP,897.1717,1967.7678,ACTIVITY_DROP: current activity 897.17 is 0.46x the baseline 1967.77.
8874,2013-11-03 04:00:00,ACTIVITY_DROP,759.1256999999999,1967.7678,ACTIVITY_DROP: current activity 759.13 is 0.39x the baseline 1967.77.
8874,2013-11-03 05:00:00,ACTIVITY_DROP,679.6403,1967.7678,ACTIVITY_DROP: current activity 679.64 is 0.35x the baseline 1967.77.
8874,2013-11-03 06:00:00,ACTIVITY_DROP,694.3346,1967.7678,ACTIVITY_DROP: current activity 694.33 is 0.35x the baseline 1967.77.
8874,2013-11-03 07:00:00,ACTIVITY_DROP,843.2874999999999,1967.7678,ACTIVITY_DROP: current activity 843.29 is 0.43x the baseline 1967.77.
8874,2013-11-03 08:00:00,ACTIVITY_SPIKE,1309.1188,1967.7678,ACTIVITY_SPIKE: current activity 1309.12 increased sharply from the previous hour 843.29.
8874,2013-11-03 09:00:00,ACTIVITY_SPIKE,1967.7678,1929.1397,ACTIVITY_SPIKE: current activity 1967.77 increased sharply from the previous hour 1309.12.
8875,2013-11-03 03:00:00,ACTIVITY_DROP,598.0998000000001,1379.5409,ACTIVITY_DROP: current activity 598.10 is 0.43x the baseline 1379.54.
8875,2013-11-03 04:00:00,ACTIVITY_DROP,536.0216,1379.5409,ACTIVITY_DROP: current activity 536.02 is 0.39x the baseline 1379.54.
8875,2013-11-03 05:00:00,ACTIVITY_DROP,493.0689,1379.5409,ACTIVITY_DROP: current activity 493.07 is 0.36x the baseline 1379.54.
8875,2013-11-03 06:00:00,ACTIVITY_DROP,517.8293,1379.5409,ACTIVITY_DROP: current activity 517.83 is 0.38x the baseline 1379.54.
8875,2013-11-03 07:00:00,ACTIVITY_DROP,617.9818,1379.5409,ACTIVITY_DROP: current activity 617.98 is 0.45x the baseline 1379.54.
8875,2013-11-03 09:00:00,ACTIVITY_SPIKE,1357.7238,1379.5409,ACTIVITY_SPIKE: current activity 1357.72 increased sharply from the previous hour 900.17.
8957,2013-11-03 02:00:00,ACTIVITY_DROP,519.1827,1088.3483999999999,ACTIVITY_DROP: current activity 519.18 is 0.48x the baseline 1088.35.
8957,2013-11-03 03:00:00,ACTIVITY_DROP,466.018,1088.3483999999999,ACTIVITY_DROP: current activity 466.02 is 0.43x the baseline 1088.35.
8957,2013-11-03 04:00:00,ACTIVITY_DROP,424.458,1088.3483999999999,ACTIVITY_DROP: current activity 424.46 is 0.39x the baseline 1088.35.
8957,2013-11-03 05:00:00,ACTIVITY_DROP,440.6333,1088.3483999999999,ACTIVITY_DROP: current activity 440.63 is 0.40x the baseline 1088.35.
8957,2013-11-03 06:00:00,ACTIVITY_DROP,447.455,1088.3483999999999,ACTIVITY_DROP: current activity 447.45 is 0.41x the baseline 1088.35.
8957,2013-11-03 07:00:00,ACTIVITY_DROP,531.3746,1088.3483999999999,ACTIVITY_DROP: current activity 531.37 is 0.49x the baseline 1088.35.
8957,2013-11-03 10:00:00,ACTIVITY_SPIKE,1200.5583,1069.5089,ACTIVITY_SPIKE: current activity 1200.56 increased sharply from the previous hour 778.92.
8959,2013-11-03 04:00:00,ACTIVITY_DROP,473.36089999999996,1067.4236,ACTIVITY_DROP: current activity 473.36 is 0.44x the baseline 1067.42.
8959,2013-11-03 05:00:00,ACTIVITY_DROP,497.90240000000006,1067.4236,ACTIVITY_DROP: current activity 497.90 is 0.47x the baseline 1067.42.
8959,2013-11-03 06:00:00,ACTIVITY_DROP,490.6262,1067.4236,ACTIVITY_DROP: current activity 490.63 is 0.46x the baseline 1067.42.
8959,2013-11-03 07:00:00,ACTIVITY_DROP,489.00710000000004,1067.4236,ACTIVITY_DROP: current activity 489.01 is 0.46x the baseline 1067.42.
8974,2013-11-03 02:00:00,ACTIVITY_DROP,538.2904,1085.7552,ACTIVITY_DROP: current activity 538.29 is 0.50x the baseline 1085.76.
8974,2013-11-03 03:00:00,ACTIVITY_DROP,441.09430000000003,1085.7552,ACTIVITY_DROP: current activity 441.09 is 0.41x the baseline 1085.76.
8974,2013-11-03 04:00:00,ACTIVITY_DROP,400.37059999999997,1085.7552,ACTIVITY_DROP: current activity 400.37 is 0.37x the baseline 1085.76.
8974,2013-11-03 05:00:00,ACTIVITY_DROP,395.24780000000004,1085.7552,ACTIVITY_DROP: current activity 395.25 is 0.36x the baseline 1085.76.
8974,2013-11-03 06:00:00,ACTIVITY_DROP,410.7219,1085.7552,ACTIVITY_DROP: current activity 410.72 is 0.38x the baseline 1085.76.
8974,2013-11-03 07:00:00,ACTIVITY_DROP,476.59020000000004,1085.7552,ACTIVITY_DROP: current activity 476.59 is 0.44x the baseline 1085.76.
8975,2013-11-03 03:00:00,ACTIVITY_DROP,446.601,1006.7823999999998,ACTIVITY_DROP: current activity 446.60 is 0.44x the baseline 1006.78.
8975,2013-11-03 04:00:00,ACTIVITY_DROP,432.54490000000004,1006.7823999999998,ACTIVITY_DROP: current activity 432.54 is 0.43x the baseline 1006.78.
8975,2013-11-03 05:00:00,ACTIVITY_DROP,434.8971,1006.7823999999998,ACTIVITY_DROP: current activity 434.90 is 0.43x the baseline 1006.78.
8975,2013-11-03 06:00:00,ACTIVITY_DROP,460.66670000000005,1006.7823999999998,ACTIVITY_DROP: current activity 460.67 is 0.46x the baseline 1006.78.
9058,2013-11-03 03:00:00,ACTIVITY_DROP,421.1746,957.3845000000001,ACTIVITY_DROP: current activity 421.17 is 0.44x the baseline 957.38.
9058,2013-11-03 04:00:00,ACTIVITY_DROP,387.46270000000004,957.3845000000001,ACTIVITY_DROP: current activity 387.46 is 0.40x the baseline 957.38.
9058,2013-11-03 05:00:00,ACTIVITY_DROP,396.5497,957.3845000000001,ACTIVITY_DROP: current activity 396.55 is 0.41x the baseline 957.38.
9058,2013-11-03 06:00:00,ACTIVITY_DROP,422.28400000000005,957.3845000000001,ACTIVITY_DROP: current activity 422.28 is 0.44x the baseline 957.38.
9059,2013-11-03 04:00:00,ACTIVITY_DROP,561.0734000000001,1174.7781,ACTIVITY_DROP: current activity 561.07 is 0.48x the baseline 1174.78.
9059,2013-11-03 07:00:00,ACTIVITY_DROP,585.3809,1174.7781,ACTIVITY_DROP: current activity 585.38 is 0.50x the baseline 1174.78.
9060,2013-11-03 03:00:00,ACTIVITY_DROP,471.7547,949.2381,ACTIVITY_DROP: current activity 471.75 is 0.50x the baseline 949.24.
9060,2013-11-03 04:00:00,ACTIVITY_DROP,441.8515,949.2381,ACTIVITY_DROP: current activity 441.85 is 0.47x the baseline 949.24.
9060,2013-11-03 06:00:00,ACTIVITY_DROP,473.70390000000003,949.2381,ACTIVITY_DROP: current activity 473.70 is 0.50x the baseline 949.24.
9060,2013-11-03 07:00:00,ACTIVITY_DROP,466.718,949.2381,ACTIVITY_DROP: current activity 466.72 is 0.49x the baseline 949.24.
9074,2013-11-03 03:00:00,ACTIVITY_DROP,433.36899999999997,961.8984,ACTIVITY_DROP: current activity 433.37 is 0.45x the baseline 961.90.
9074,2013-11-03 04:00:00,ACTIVITY_DROP,371.1321,961.8984,ACTIVITY_DROP: current activity 371.13 is 0.39x the baseline 961.90.
9074,2013-11-03 05:00:00,ACTIVITY_DROP,357.508,961.8984,ACTIVITY_DROP: current activity 357.51 is 0.37x the baseline 961.90.
9074,2013-11-03 06:00:00,ACTIVITY_DROP,319.01370000000003,961.8984,ACTIVITY_DROP: current activity 319.01 is 0.33x the baseline 961.90.
9074,2013-11-03 07:00:00,ACTIVITY_DROP,356.54740000000004,961.8984,ACTIVITY_DROP: current activity 356.55 is 0.37x the baseline 961.90.
9075,2013-11-03 03:00:00,ACTIVITY_DROP,443.3134,967.9497000000001,ACTIVITY_DROP: current activity 443.31 is 0.46x the baseline 967.95.
9075,2013-11-03 04:00:00,ACTIVITY_DROP,386.7034,967.9497000000001,ACTIVITY_DROP: current activity 386.70 is 0.40x the baseline 967.95.
9075,2013-11-03 05:00:00,ACTIVITY_DROP,372.4353,967.9497000000001,ACTIVITY_DROP: current activity 372.44 is 0.38x the baseline 967.95.
9075,2013-11-03 06:00:00,ACTIVITY_DROP,359.1942,967.9497000000001,ACTIVITY_DROP: current activity 359.19 is 0.37x the baseline 967.95.
9075,2013-11-03 07:00:00,ACTIVITY_DROP,401.2856,967.9497000000001,ACTIVITY_DROP: current activity 401.29 is 0.41x the baseline 967.95.
9150,2013-11-03 03:00:00,ACTIVITY_DROP,519.1811,1101.3366,ACTIVITY_DROP: current activity 519.18 is 0.47x the baseline 1101.34.
9150,2013-11-03 04:00:00,ACTIVITY_DROP,486.1094,1101.3366,ACTIVITY_DROP: current activity 486.11 is 0.44x the baseline 1101.34.
9150,2013-11-03 05:00:00,ACTIVITY_DROP,417.76140000000004,1101.3366,ACTIVITY_DROP: current activity 417.76 is 0.38x the baseline 1101.34.
9150,2013-11-03 06:00:00,ACTIVITY_DROP,401.5045,1101.3366,ACTIVITY_DROP: current activity 401.50 is 0.36x the baseline 1101.34.
9151,2013-11-03 03:00:00,ACTIVITY_DROP,501.26470000000006,1057.47,ACTIVITY_DROP: current activity 501.26 is 0.47x the baseline 1057.47.
9151,2013-11-03 04:00:00,ACTIVITY_DROP,464.83259999999996,1057.47,ACTIVITY_DROP: current activity 464.83 is 0.44x the baseline 1057.47.
9151,2013-11-03 05:00:00,ACTIVITY_DROP,398.4912,1057.47,ACTIVITY_DROP: current activity 398.49 is 0.38x the baseline 1057.47.
9151,2013-11-03 06:00:00,ACTIVITY_DROP,382.43780000000004,1057.47,ACTIVITY_DROP: current activity 382.44 is 0.36x the baseline 1057.47.
9158,2013-11-03 03:00:00,ACTIVITY_DROP,433.28790000000004,979.3941000000001,ACTIVITY_DROP: current activity 433.29 is 0.44x the baseline 979.39.
9158,2013-11-03 04:00:00,ACTIVITY_DROP,398.43690000000004,979.3941000000001,ACTIVITY_DROP: current activity 398.44 is 0.41x the baseline 979.39.
9158,2013-11-03 05:00:00,ACTIVITY_DROP,407.6313,979.3941000000001,ACTIVITY_DROP: current activity 407.63 is 0.42x the baseline 979.39.
9158,2013-11-03 06:00:00,ACTIVITY_DROP,435.37029999999993,979.3941000000001,ACTIVITY_DROP: current activity 435.37 is 0.44x the baseline 979.39.
9159,2013-11-03 04:00:00,ACTIVITY_DROP,547.3164,1148.7278000000001,ACTIVITY_DROP: current activity 547.32 is 0.48x the baseline 1148.73.
9159,2013-11-03 07:00:00,ACTIVITY_DROP,572.3849,1148.7278000000001,ACTIVITY_DROP: current activity 572.38 is 0.50x the baseline 1148.73.
9250,2013-11-03 03:00:00,ACTIVITY_DROP,508.1823,1080.1390000000001,ACTIVITY_DROP: current activity 508.18 is 0.47x the baseline 1080.14.
9250,2013-11-03 04:00:00,ACTIVITY_DROP,476.323,1080.1390000000001,ACTIVITY_DROP: current activity 476.32 is 0.44x the baseline 1080.14.
9250,2013-11-03 05:00:00,ACTIVITY_DROP,410.8049,1080.1390000000001,ACTIVITY_DROP: current activity 410.80 is 0.38x the baseline 1080.14.
9250,2013-11-03 06:00:00,ACTIVITY_DROP,398.07890000000003,1080.1390000000001,ACTIVITY_DROP: current activity 398.08 is 0.37x the baseline 1080.14.
9251,2013-11-03 03:00:00,ACTIVITY_DROP,514.9825000000001,1086.5051,ACTIVITY_DROP: current activity 514.98 is 0.47x the baseline 1086.51.
9251,2013-11-03 04:00:00,ACTIVITY_DROP,481.0001,1086.5051,ACTIVITY_DROP: current activity 481.00 is 0.44x the baseline 1086.51.
9251,2013-11-03 05:00:00,ACTIVITY_DROP,421.59290000000004,1086.5051,ACTIVITY_DROP: current activity 421.59 is 0.39x the baseline 1086.51.
9251,2013-11-03 06:00:00,ACTIVITY_DROP,405.80249999999995,1086.5051,ACTIVITY_DROP: current activity 405.80 is 0.37x the baseline 1086.51.
9267,2013-11-03 03:00:00,ACTIVITY_DROP,596.628,1349.9942999999998,ACTIVITY_DROP: current activity 596.63 is 0.44x the baseline 1349.99.
9267,2013-11-03 04:00:00,ACTIVITY_DROP,557.103,1349.9942999999998,ACTIVITY_DROP: current activity 557.10 is 0.41x the baseline 1349.99.
9267,2013-11-03 05:00:00,ACTIVITY_DROP,522.3267000000001,1349.9942999999998,ACTIVITY_DROP: current activity 522.33 is 0.39x the baseline 1349.99.
9267,2013-11-03 06:00:00,ACTIVITY_DROP,559.3882,1349.9942999999998,ACTIVITY_DROP: current activity 559.39 is 0.41x the baseline 1349.99.
9267,2013-11-03 07:00:00,ACTIVITY_DROP,575.5899000000001,1349.9942999999998,ACTIVITY_DROP: current activity 575.59 is 0.43x the baseline 1349.99.
9267,2013-11-03 08:00:00,ACTIVITY_SPIKE,1392.2882,1326.6495,ACTIVITY_SPIKE: current activity 1392.29 increased sharply from the previous hour 575.59.
9268,2013-11-03 03:00:00,ACTIVITY_DROP,776.4599000000001,1879.1755999999998,ACTIVITY_DROP: current activity 776.46 is 0.41x the baseline 1879.18.
9268,2013-11-03 04:00:00,ACTIVITY_DROP,678.105,1879.1755999999998,ACTIVITY_DROP: current activity 678.11 is 0.36x the baseline 1879.18.
9268,2013-11-03 05:00:00,ACTIVITY_DROP,689.5687,1879.1755999999998,ACTIVITY_DROP: current activity 689.57 is 0.37x the baseline 1879.18.
9268,2013-11-03 06:00:00,ACTIVITY_DROP,779.7081000000001,1879.1755999999998,ACTIVITY_DROP: current activity 779.71 is 0.41x the baseline 1879.18.
9268,2013-11-03 07:00:00,ACTIVITY_DROP,770.6468,1879.1755999999998,ACTIVITY_DROP: current activity 770.65 is 0.41x the baseline 1879.18.
9268,2013-11-03 08:00:00,ACTIVITY_SPIKE,1452.9202,1879.1755999999998,ACTIVITY_SPIKE: current activity 1452.92 increased sharply from the previous hour 770.65.
9269,2013-11-03 02:00:00,ACTIVITY_DROP,752.2628,1552.514,ACTIVITY_DROP: current activity 752.26 is 0.48x the baseline 1552.51.
9269,2013-11-03 03:00:00,ACTIVITY_DROP,650.6771,1552.514,ACTIVITY_DROP: current activity 650.68 is 0.42x the baseline 1552.51.
9269,2013-11-03 04:00:00,ACTIVITY_DROP,550.2477,1552.514,ACTIVITY_DROP: current activity 550.25 is 0.35x the baseline 1552.51.
9269,2013-11-03 05:00:00,ACTIVITY_DROP,553.7132,1552.514,ACTIVITY_DROP: current activity 553.71 is 0.36x the baseline 1552.51.
9269,2013-11-03 06:00:00,ACTIVITY_DROP,625.2217,1552.514,ACTIVITY_DROP: current activity 625.22 is 0.40x the baseline 1552.51.
9269,2013-11-03 07:00:00,ACTIVITY_DROP,634.5664999999999,1552.514,ACTIVITY_DROP: current activity 634.57 is 0.41x the baseline 1552.51.
9269,2013-11-03 08:00:00,ACTIVITY_SPIKE,955.3535999999999,1552.514,ACTIVITY_SPIKE: current activity 955.35 increased sharply from the previous hour 634.57.
9270,2013-11-03 02:00:00,ACTIVITY_DROP,462.78189999999995,1035.0571,ACTIVITY_DROP: current activity 462.78 is 0.45x the baseline 1035.06.
9270,2013-11-03 03:00:00,ACTIVITY_DROP,483.1553,1035.0571,ACTIVITY_DROP: current activity 483.16 is 0.47x the baseline 1035.06.
9270,2013-11-03 04:00:00,ACTIVITY_DROP,418.9473,1035.0571,ACTIVITY_DROP: current activity 418.95 is 0.40x the baseline 1035.06.
9270,2013-11-03 05:00:00,ACTIVITY_DROP,366.2284,1035.0571,ACTIVITY_DROP: current activity 366.23 is 0.35x the baseline 1035.06.
9270,2013-11-03 06:00:00,ACTIVITY_DROP,387.46729999999997,1035.0571,ACTIVITY_DROP: current activity 387.47 is 0.37x the baseline 1035.06.
9270,2013-11-03 07:00:00,ACTIVITY_DROP,440.9079,1035.0571,ACTIVITY_DROP: current activity 440.91 is 0.43x the baseline 1035.06.
9367,2013-11-03 03:00:00,ACTIVITY_DROP,678.2419,1584.8185,ACTIVITY_DROP: current activity 678.24 is 0.43x the baseline 1584.82.
9367,2013-11-03 04:00:00,ACTIVITY_DROP,617.4916000000001,1584.8185,ACTIVITY_DROP: current activity 617.49 is 0.39x the baseline 1584.82.
9367,2013-11-03 05:00:00,ACTIVITY_DROP,611.0521,1584.8185,ACTIVITY_DROP: current activity 611.05 is 0.39x the baseline 1584.82.
9367,2013-11-03 06:00:00,ACTIVITY_DROP,669.1187000000001,1584.8185,ACTIVITY_DROP: current activity 669.12 is 0.42x the baseline 1584.82.
9367,2013-11-03 07:00:00,ACTIVITY_DROP,666.8796,1584.8185,ACTIVITY_DROP: current activity 666.88 is 0.42x the baseline 1584.82.
9367,2013-11-03 08:00:00,ACTIVITY_SPIKE,1376.1439,1584.8185,ACTIVITY_SPIKE: current activity 1376.14 increased sharply from the previous hour 666.88.
9368,2013-11-03 03:00:00,ACTIVITY_DROP,946.5044,2204.0418,ACTIVITY_DROP: current activity 946.50 is 0.43x the baseline 2204.04.
9368,2013-11-03 04:00:00,ACTIVITY_DROP,799.6944,2204.0418,ACTIVITY_DROP: current activity 799.69 is 0.36x the baseline 2204.04.
9368,2013-11-03 05:00:00,ACTIVITY_DROP,877.5842,2204.0418,ACTIVITY_DROP: current activity 877.58 is 0.40x the baseline 2204.04.
9368,2013-11-03 06:00:00,ACTIVITY_DROP,1015.5819,2204.0418,ACTIVITY_DROP: current activity 1015.58 is 0.46x the baseline 2204.04.
9368,2013-11-03 07:00:00,ACTIVITY_DROP,966.9747,2204.0418,ACTIVITY_DROP: current activity 966.97 is 0.44x the baseline 2204.04.
9369,2013-11-03 02:00:00,ACTIVITY_DROP,840.7481,1687.3370000000002,ACTIVITY_DROP: current activity 840.75 is 0.50x the baseline 1687.34.
9369,2013-11-03 03:00:00,ACTIVITY_DROP,676.8851,1687.3370000000002,ACTIVITY_DROP: current activity 676.89 is 0.40x the baseline 1687.34.
9369,2013-11-03 04:00:00,ACTIVITY_DROP,598.7238,1687.3370000000002,ACTIVITY_DROP: current activity 598.72 is 0.35x the baseline 1687.34.
9369,2013-11-03 05:00:00,ACTIVITY_DROP,604.0908999999999,1687.3370000000002,ACTIVITY_DROP: current activity 604.09 is 0.36x the baseline 1687.34.
9369,2013-11-03 06:00:00,ACTIVITY_DROP,680.7552999999999,1687.3370000000002,ACTIVITY_DROP: current activity 680.76 is 0.40x the baseline 1687.34.
9369,2013-11-03 07:00:00,ACTIVITY_DROP,695.8380999999999,1687.3370000000002,ACTIVITY_DROP: current activity 695.84 is 0.41x the baseline 1687.34.
9370,2013-11-03 02:00:00,ACTIVITY_DROP,654.7696000000001,1361.8805,ACTIVITY_DROP: current activity 654.77 is 0.48x the baseline 1361.88.
9370,2013-11-03 03:00:00,ACTIVITY_DROP,605.9562,1361.8805,ACTIVITY_DROP: current activity 605.96 is 0.44x the baseline 1361.88.
9370,2013-11-03 04:00:00,ACTIVITY_DROP,565.2106,1361.8805,ACTIVITY_DROP: current activity 565.21 is 0.42x the baseline 1361.88.
9370,2013-11-03 05:00:00,ACTIVITY_DROP,468.2902,1361.8805,ACTIVITY_DROP: current activity 468.29 is 0.34x the baseline 1361.88.
9370,2013-11-03 06:00:00,ACTIVITY_DROP,475.144,1361.8805,ACTIVITY_DROP: current activity 475.14 is 0.35x the baseline 1361.88.
9370,2013-11-03 07:00:00,ACTIVITY_DROP,553.0804,1361.8805,ACTIVITY_DROP: current activity 553.08 is 0.41x the baseline 1361.88.
9370,2013-11-03 08:00:00,ACTIVITY_SPIKE,868.1756,1361.8805,ACTIVITY_SPIKE: current activity 868.18 increased sharply from the previous hour 553.08.
9370,2013-11-03 16:00:00,ACTIVITY_SPIKE,1785.3039,1326.9195,ACTIVITY_SPIKE: current activity 1785.30 increased sharply from the previous hour 1111.41.
9467,2013-11-03 03:00:00,ACTIVITY_DROP,592.7745,1335.8573999999999,ACTIVITY_DROP: current activity 592.77 is 0.44x the baseline 1335.86.
9467,2013-11-03 04:00:00,ACTIVITY_DROP,554.0968,1335.8573999999999,ACTIVITY_DROP: current activity 554.10 is 0.41x the baseline 1335.86.
9467,2013-11-03 05:00:00,ACTIVITY_DROP,519.8127000000001,1335.8573999999999,ACTIVITY_DROP: current activity 519.81 is 0.39x the baseline 1335.86.
9467,2013-11-03 06:00:00,ACTIVITY_DROP,556.6877,1335.8573999999999,ACTIVITY_DROP: current activity 556.69 is 0.42x the baseline 1335.86.
9467,2013-11-03 07:00:00,ACTIVITY_DROP,572.1922,1335.8573999999999,ACTIVITY_DROP: current activity 572.19 is 0.43x the baseline 1335.86.
9467,2013-11-03 08:00:00,ACTIVITY_SPIKE,1374.5468,1315.4171000000001,ACTIVITY_SPIKE: current activity 1374.55 increased sharply from the previous hour 572.19.
9468,2013-11-03 03:00:00,ACTIVITY_DROP,546.078,1323.8802999999998,ACTIVITY_DROP: current activity 546.08 is 0.41x the baseline 1323.88.
9468,2013-11-03 04:00:00,ACTIVITY_DROP,487.0843,1323.8802999999998,ACTIVITY_DROP: current activity 487.08 is 0.37x the baseline 1323.88.
9468,2013-11-03 05:00:00,ACTIVITY_DROP,497.8691,1323.8802999999998,ACTIVITY_DROP: current activity 497.87 is 0.38x the baseline 1323.88.
9468,2013-11-03 06:00:00,ACTIVITY_DROP,580.2259,1323.8802999999998,ACTIVITY_DROP: current activity 580.23 is 0.44x the baseline 1323.88.
9468,2013-11-03 07:00:00,ACTIVITY_DROP,598.6568000000001,1323.8802999999998,ACTIVITY_DROP: current activity 598.66 is 0.45x the baseline 1323.88.
9468,2013-11-03 08:00:00,ACTIVITY_SPIKE,1002.2352,1323.8802999999998,ACTIVITY_SPIKE: current activity 1002.24 increased sharply from the previous hour 598.66.
9469,2013-11-03 02:00:00,ACTIVITY_DROP,482.3668,977.1456000000001,ACTIVITY_DROP: current activity 482.37 is 0.49x the baseline 977.15.
9469,2013-11-03 03:00:00,ACTIVITY_DROP,388.02840000000003,977.1456000000001,ACTIVITY_DROP: current activity 388.03 is 0.40x the baseline 977.15.
9469,2013-11-03 04:00:00,ACTIVITY_DROP,358.9363,977.1456000000001,ACTIVITY_DROP: current activity 358.94 is 0.37x the baseline 977.15.
9469,2013-11-03 05:00:00,ACTIVITY_DROP,384.0743,977.1456000000001,ACTIVITY_DROP: current activity 384.07 is 0.39x the baseline 977.15.
9469,2013-11-03 06:00:00,ACTIVITY_DROP,462.0327,977.1456000000001,ACTIVITY_DROP: current activity 462.03 is 0.47x the baseline 977.15.
9483,2013-11-03 02:00:00,ACTIVITY_DROP,413.2412,1020.1404,ACTIVITY_DROP: current activity 413.24 is 0.41x the baseline 1020.14.
9483,2013-11-03 03:00:00,ACTIVITY_DROP,318.185,1020.1404,ACTIVITY_DROP: current activity 318.19 is 0.31x the baseline 1020.14.
9483,2013-11-03 04:00:00,ACTIVITY_DROP,333.6517,1020.1404,ACTIVITY_DROP: current activity 333.65 is 0.33x the baseline 1020.14.
9483,2013-11-03 05:00:00,ACTIVITY_DROP,325.8755,1020.1404,ACTIVITY_DROP: current activity 325.88 is 0.32x the baseline 1020.14.
9483,2013-11-03 06:00:00,ACTIVITY_DROP,322.2799,1020.1404,ACTIVITY_DROP: current activity 322.28 is 0.32x the baseline 1020.14.
9483,2013-11-03 07:00:00,ACTIVITY_DROP,401.447,1020.1404,ACTIVITY_DROP: current activity 401.45 is 0.39x the baseline 1020.14.
9483,2013-11-03 08:00:00,ACTIVITY_SPIKE,652.6383,1020.1404,ACTIVITY_SPIKE: current activity 652.64 increased sharply from the previous hour 401.45.
9484,2013-11-03 02:00:00,ACTIVITY_DROP,456.5978,1122.3969,ACTIVITY_DROP: current activity 456.60 is 0.41x the baseline 1122.40.
9484,2013-11-03 03:00:00,ACTIVITY_DROP,349.7119,1122.3969,ACTIVITY_DROP: current activity 349.71 is 0.31x the baseline 1122.40.
9484,2013-11-03 04:00:00,ACTIVITY_DROP,367.30219999999997,1122.3969,ACTIVITY_DROP: current activity 367.30 is 0.33x the baseline 1122.40.
9484,2013-11-03 05:00:00,ACTIVITY_DROP,350.6068,1122.3969,ACTIVITY_DROP: current activity 350.61 is 0.31x the baseline 1122.40.
9484,2013-11-03 06:00:00,ACTIVITY_DROP,336.8035,1122.3969,ACTIVITY_DROP: current activity 336.80 is 0.30x the baseline 1122.40.
9484,2013-11-03 07:00:00,ACTIVITY_DROP,418.5326,1122.3969,ACTIVITY_DROP: current activity 418.53 is 0.37x the baseline 1122.40.
9484,2013-11-03 08:00:00,ACTIVITY_SPIKE,702.2685,1122.3969,ACTIVITY_SPIKE: current activity 702.27 increased sharply from the previous hour 418.53.
9484,2013-11-03 16:00:00,HIGH_ACTIVITY,1648.8849,955.7197,HIGH_ACTIVITY: current activity 1648.88 is 1.73x the baseline 955.72.
9484,2013-11-03 17:00:00,HIGH_ACTIVITY,1609.1184,955.7197,HIGH_ACTIVITY: current activity 1609.12 is 1.68x the baseline 955.72.
9484,2013-11-03 18:00:00,HIGH_ACTIVITY,1574.7033000000001,955.7197,HIGH_ACTIVITY: current activity 1574.70 is 1.65x the baseline 955.72.
9484,2013-11-03 19:00:00,HIGH_ACTIVITY,1744.9705000000001,955.7197,HIGH_ACTIVITY: current activity 1744.97 is 1.83x the baseline 955.72.
9484,2013-11-03 20:00:00,HIGH_ACTIVITY,1448.7694999999999,955.7197,HIGH_ACTIVITY: current activity 1448.77 is 1.52x the baseline 955.72.
9484,2013-11-03 21:00:00,HIGH_ACTIVITY,1481.9996,955.7197,HIGH_ACTIVITY: current activity 1482.00 is 1.55x the baseline 955.72.
9569,2013-11-03 02:00:00,ACTIVITY_DROP,465.11400000000003,958.1798000000001,ACTIVITY_DROP: current activity 465.11 is 0.49x the baseline 958.18.
9569,2013-11-03 03:00:00,ACTIVITY_DROP,371.9536,958.1798000000001,ACTIVITY_DROP: current activity 371.95 is 0.39x the baseline 958.18.
9569,2013-11-03 04:00:00,ACTIVITY_DROP,349.0343,958.1798000000001,ACTIVITY_DROP: current activity 349.03 is 0.36x the baseline 958.18.
9569,2013-11-03 05:00:00,ACTIVITY_DROP,370.80039999999997,958.1798000000001,ACTIVITY_DROP: current activity 370.80 is 0.39x the baseline 958.18.
9569,2013-11-03 06:00:00,ACTIVITY_DROP,444.2636,958.1798000000001,ACTIVITY_DROP: current activity 444.26 is 0.46x the baseline 958.18.
9569,2013-11-03 07:00:00,ACTIVITY_DROP,476.0537,958.1798000000001,ACTIVITY_DROP: current activity 476.05 is 0.50x the baseline 958.18.
9583,2013-11-03 02:00:00,ACTIVITY_DROP,421.4549,1016.8401000000001,ACTIVITY_DROP: current activity 421.45 is 0.41x the baseline 1016.84.
9583,2013-11-03 03:00:00,ACTIVITY_DROP,327.806,1016.8401000000001,ACTIVITY_DROP: current activity 327.81 is 0.32x the baseline 1016.84.
9583,2013-11-03 04:00:00,ACTIVITY_DROP,343.2558,1016.8401000000001,ACTIVITY_DROP: current activity 343.26 is 0.34x the baseline 1016.84.
9583,2013-11-03 05:00:00,ACTIVITY_DROP,329.57689999999997,1016.8401000000001,ACTIVITY_DROP: current activity 329.58 is 0.32x the baseline 1016.84.
9583,2013-11-03 06:00:00,ACTIVITY_DROP,325.5517,1016.8401000000001,ACTIVITY_DROP: current activity 325.55 is 0.32x the baseline 1016.84.
9583,2013-11-03 07:00:00,ACTIVITY_DROP,396.7921,1016.8401000000001,ACTIVITY_DROP: current activity 396.79 is 0.39x the baseline 1016.84.
9583,2013-11-03 08:00:00,ACTIVITY_SPIKE,641.261,1016.8401000000001,ACTIVITY_SPIKE: current activity 641.26 increased sharply from the previous hour 396.79.
9877,2013-11-03 04:00:00,ACTIVITY_DROP,486.3411,1167.7457000000002,ACTIVITY_DROP: current activity 486.34 is 0.42x the baseline 1167.75.
9877,2013-11-03 05:00:00,ACTIVITY_DROP,504.2203,1167.7457000000002,ACTIVITY_DROP: current activity 504.22 is 0.43x the baseline 1167.75.
9877,2013-11-03 06:00:00,ACTIVITY_DROP,487.8365,1167.7457000000002,ACTIVITY_DROP: current activity 487.84 is 0.42x the baseline 1167.75.
9877,2013-11-03 07:00:00,ACTIVITY_DROP,567.0314,1167.7457000000002,ACTIVITY_DROP: current activity 567.03 is 0.49x the baseline 1167.75.
9878,2013-11-03 03:00:00,ACTIVITY_DROP,529.9845,1073.8917000000001,ACTIVITY_DROP: current activity 529.98 is 0.49x the baseline 1073.89.
9878,2013-11-03 04:00:00,ACTIVITY_DROP,426.9097,1073.8917000000001,ACTIVITY_DROP: current activity 426.91 is 0.40x the baseline 1073.89.
9878,2013-11-03 05:00:00,ACTIVITY_DROP,441.0041,1073.8917000000001,ACTIVITY_DROP: current activity 441.00 is 0.41x the baseline 1073.89.
9878,2013-11-03 06:00:00,ACTIVITY_DROP,431.45899999999995,1073.8917000000001,ACTIVITY_DROP: current activity 431.46 is 0.40x the baseline 1073.89.
9878,2013-11-03 07:00:00,ACTIVITY_DROP,493.1106,1073.8917000000001,ACTIVITY_DROP: current activity 493.11 is 0.46x the baseline 1073.89.
9976,2013-11-03 04:00:00,ACTIVITY_DROP,516.7934,1218.5687,ACTIVITY_DROP: current activity 516.79 is 0.42x the baseline 1218.57.
9976,2013-11-03 05:00:00,ACTIVITY_DROP,531.7254,1218.5687,ACTIVITY_DROP: current activity 531.73 is 0.44x the baseline 1218.57.
9976,2013-11-03 06:00:00,ACTIVITY_DROP,514.6914,1218.5687,ACTIVITY_DROP: current activity 514.69 is 0.42x the baseline 1218.57.
9976,2013-11-03 07:00:00,ACTIVITY_DROP,593.3764,1218.5687,ACTIVITY_DROP: current activity 593.38 is 0.49x the baseline 1218.57.
9977,2013-11-03 04:00:00,ACTIVITY_DROP,568.4264,1289.1408000000001,ACTIVITY_DROP: current activity 568.43 is 0.44x the baseline 1289.14.
9977,2013-11-03 05:00:00,ACTIVITY_DROP,587.9300000000001,1289.1408000000001,ACTIVITY_DROP: current activity 587.93 is 0.46x the baseline 1289.14.
9977,2013-11-03 06:00:00,ACTIVITY_DROP,562.357,1289.1408000000001,ACTIVITY_DROP: current activity 562.36 is 0.44x the baseline 1289.14.
9978,2013-11-03 04:00:00,ACTIVITY_DROP,561.4764,1268.8999,ACTIVITY_DROP: current activity 561.48 is 0.44x the baseline 1268.90.
9978,2013-11-03 05:00:00,ACTIVITY_DROP,579.7906,1268.8999,ACTIVITY_DROP: current activity 579.79 is 0.46x the baseline 1268.90.
9978,2013-11-03 06:00:00,ACTIVITY_DROP,555.4947,1268.8999,ACTIVITY_DROP: current activity 555.49 is 0.44x the baseline 1268.90.
